Y/M/D,Team,VS_Team,SET_Won,SET_Lost,Point1,Point2,Point3,Point4,Point5,VS_Point1,VS_Point2,VS_Point3,VS_Point4,VS_Point5,SCORING_Total ABS,SCORING_Attack Points,SCORING_Block Points,SCORING_Serve Points,SCORING_Errors,ATTACK_Point,ATTACK_Errors,ATTACK_Attempts,ATTACK_Total,BLOCK_Point,BLOCK_Errors,BLOCK_Touches,BLOCK_Total,SERVE_Point,SERVE_Errors,SERVE_Attempts,SERVE_Total,RECEPTION_Successful,RECEPTION_Errors,RECEPTION_Attempts,RECEPTION_Total,DIG_Digs,DIG_Errors,DIG_Total,SET_Point,SET_Errors,SET_Attempts,SET_Total
2021-05-28,Bulgaria,France,0,3,25,21,23,-,-,27,25,25,-,-,14,9,2,3,-,9,5,11,25,2,7,0,9,3,5,18,26,8,1,10,19,3,0,5,2,0,22,24
2021-05-28,Bulgaria,France,0,3,25,21,23,-,-,27,25,25,-,-,13,12,1,0,-,12,6,5,23,1,0,2,3,0,6,15,21,10,2,5,17,2,0,2,1,0,22,23
2021-05-28,Bulgaria,France,0,3,25,21,23,-,-,27,25,25,-,-,18,15,2,1,-,15,4,9,28,2,0,0,2,1,6,17,24,4,1,15,20,4,0,4,0,0,31,31
2021-05-28,France,Bulgaria,3,0,27,25,25,-,-,25,21,23,-,-,17,14,2,1,-,14,5,8,27,2,1,0,3,1,7,18,26,9,3,9,21,7,0,8,2,1,25,28
2021-05-28,France,Bulgaria,3,0,27,25,25,-,-,25,21,23,-,-,17,11,4,2,-,11,1,12,24,4,2,1,7,2,8,15,25,7,0,8,15,2,0,2,0,0,23,23
2021-05-28,France,Bulgaria,3,0,27,25,25,-,-,25,21,23,-,-,16,14,1,1,-,14,2,10,26,1,1,0,2,1,4,19,24,8,1,9,18,2,0,3,1,0,22,23
2021-05-28,Australia,Germany,0,3,19,18,16,-,-,25,25,25,-,-,12,10,2,0,-,10,2,9,21,2,8,0,10,0,6,14,20,5,2,9,16,3,3,7,4,1,15,20
2021-05-28,Australia,Germany,0,3,19,18,16,-,-,25,25,25,-,-,10,10,0,0,-,10,5,8,23,0,5,4,9,0,3,15,18,4,1,14,19,5,6,11,5,0,16,21
2021-05-28,Australia,Germany,0,3,19,18,16,-,-,25,25,25,-,-,9,8,1,0,-,8,2,7,17,1,7,2,10,0,6,11,17,4,2,12,18,6,2,8,6,2,11,19
2021-05-28,Germany,Australia,3,0,25,25,25,-,-,19,18,16,-,-,17,14,1,2,-,14,2,5,21,1,5,3,9,2,7,14,23,6,0,8,14,9,1,10,8,0,14,22
2021-05-28,Germany,Australia,3,0,25,25,25,-,-,19,18,16,-,-,20,16,3,1,-,16,2,9,27,3,4,2,9,1,6,18,25,6,0,9,15,12,1,14,8,0,19,27
2021-05-28,Germany,Australia,3,0,25,25,25,-,-,19,18,16,-,-,15,12,1,2,-,12,2,8,22,1,6,2,9,2,6,16,24,2,0,9,11,9,0,10,5,0,17,22
2021-05-28,Iran,Japan,0,3,19,22,24,-,-,25,25,26,-,-,15,14,1,0,-,14,4,9,27,1,0,0,1,0,6,13,19,13,0,10,23,1,0,2,0,0,27,27
2021-05-28,Iran,Japan,0,3,19,22,24,-,-,25,25,26,-,-,19,12,7,0,-,12,4,11,27,7,0,0,7,0,7,16,23,8,0,13,21,3,0,3,1,1,26,28
2021-05-28,Iran,Japan,0,3,19,22,24,-,-,25,25,26,-,-,16,15,0,1,-,15,4,11,30,0,0,0,0,1,3,20,24,10,2,12,24,1,0,1,8,0,22,30
2021-05-28,Japan,Iran,3,0,25,25,26,-,-,19,22,24,-,-,17,15,2,0,-,15,3,7,25,2,0,1,3,0,2,23,25,7,0,6,13,2,0,2,0,0,25,25
2021-05-28,Japan,Iran,3,0,25,25,26,-,-,19,22,24,-,-,16,13,3,0,-,13,7,14,34,3,0,0,3,0,3,21,24,7,0,9,16,2,0,2,0,0,34,34
2021-05-28,Japan,Iran,3,0,25,25,26,-,-,19,22,24,-,-,21,17,2,2,-,17,3,15,35,2,3,1,6,2,2,22,26,11,1,9,21,6,0,7,4,1,30,35
2021-05-28,Serbia,Slovenia,3,1,22,25,36,25,-,25,18,34,18,-,18,16,2,0,-,16,6,15,37,2,6,1,9,0,5,17,22,5,1,16,22,11,0,11,12,0,24,36
2021-05-28,Serbia,Slovenia,3,1,22,25,36,25,-,25,18,34,18,-,21,16,3,2,-,16,2,4,22,3,2,1,6,2,5,18,25,4,0,10,14,4,3,7,8,0,12,20
2021-05-28,Serbia,Slovenia,3,1,22,25,36,25,-,25,18,34,18,-,26,21,5,0,-,21,9,10,40,5,10,2,17,0,6,29,35,12,2,13,27,14,3,18,10,0,31,41
2021-05-28,Serbia,Slovenia,3,1,22,25,36,25,-,25,18,34,18,-,18,13,4,1,-,13,2,7,22,4,5,0,9,1,3,21,25,5,1,10,16,6,3,10,7,0,15,22
2021-05-28,Slovenia,Serbia,1,3,25,18,34,18,-,22,25,36,25,-,16,13,2,1,-,13,3,11,27,2,2,2,6,1,3,21,25,4,0,13,17,10,7,18,10,0,16,26
2021-05-28,Slovenia,Serbia,1,3,25,18,34,18,-,22,25,36,25,-,13,11,2,0,-,11,3,7,21,2,3,1,6,0,4,14,18,4,2,14,20,4,7,12,13,0,8,21
2021-05-28,Slovenia,Serbia,1,3,25,18,34,18,-,22,25,36,25,-,23,17,4,2,-,17,6,14,37,4,4,3,11,2,8,25,35,11,0,18,29,8,8,17,11,1,26,38
2021-05-28,Slovenia,Serbia,1,3,25,18,34,18,-,22,25,36,25,-,14,12,1,1,-,12,9,5,26,1,5,1,7,1,2,15,18,7,1,14,22,5,5,12,9,0,16,25
2021-05-28,Netherlands,Russia,1,3,19,22,25,20,-,25,25,18,25,-,13,11,2,0,-,11,3,13,27,2,8,1,11,0,4,15,19,4,2,16,22,9,3,12,5,0,21,26
2021-05-28,Netherlands,Russia,1,3,19,22,25,20,-,25,25,18,25,-,13,13,0,0,-,13,3,4,20,0,4,1,5,0,8,15,23,1,1,15,17,7,3,10,8,0,12,20
2021-05-28,Netherlands,Russia,1,3,19,22,25,20,-,25,25,18,25,-,19,13,1,5,-,13,7,6,26,1,3,8,12,5,2,17,24,4,1,9,14,13,1,17,8,0,18,26
2021-05-28,Netherlands,Russia,1,3,19,22,25,20,-,25,25,18,25,-,16,12,3,1,-,12,1,3,16,3,6,5,14,1,4,16,21,6,6,9,21,4,2,8,6,0,10,16
2021-05-28,Russia,Netherlands,3,1,25,25,18,25,-,19,22,25,20,-,20,16,2,2,-,16,5,8,29,2,6,6,14,2,3,20,25,5,0,10,15,13,2,17,7,0,19,26
2021-05-28,Russia,Netherlands,3,1,25,25,18,25,-,19,22,25,20,-,17,13,3,1,-,13,1,5,19,3,5,3,11,1,7,16,24,6,0,9,15,4,7,11,12,0,6,18
2021-05-28,Russia,Netherlands,3,1,25,25,18,25,-,19,22,25,20,-,13,8,4,1,-,8,2,13,23,4,3,4,11,1,5,13,19,2,5,15,22,7,5,12,7,0,15,22
2021-05-28,Russia,Netherlands,3,1,25,25,18,25,-,19,22,25,20,-,21,14,1,6,-,14,3,6,23,1,10,1,12,6,3,15,24,7,1,9,17,7,2,9,12,0,10,22
2021-05-28,Canada,United States,0,3,17,24,20,-,-,25,26,25,-,-,10,10,0,0,-,10,3,15,28,0,5,4,9,0,3,15,18,7,1,11,19,9,5,15,5,1,22,28
2021-05-28,Canada,United States,0,3,17,24,20,-,-,25,26,25,-,-,18,14,3,1,-,14,3,12,29,3,2,5,10,1,4,19,24,5,1,15,21,18,5,23,7,1,22,30
2021-05-28,Canada,United States,0,3,17,24,20,-,-,25,26,25,-,-,11,6,3,2,-,6,10,7,23,3,3,2,8,2,2,17,21,5,2,11,18,9,1,10,6,0,17,23
2021-05-28,United States,Canada,3,0,25,26,25,-,-,17,24,20,-,-,18,16,1,1,-,16,2,13,31,1,1,4,6,1,5,18,24,7,0,8,15,17,7,24,8,0,24,32
2021-05-28,United States,Canada,3,0,25,26,25,-,-,17,24,20,-,-,19,17,1,1,-,17,4,20,41,1,6,2,9,1,5,20,26,7,1,12,20,16,2,18,13,0,24,37
2021-05-28,United States,Canada,3,0,25,26,25,-,-,17,24,20,-,-,15,10,3,2,-,10,6,9,25,3,1,2,6,2,6,16,24,5,2,12,19,7,2,9,9,0,13,22
2021-05-28,Italy,Poland,0,3,19,20,18,-,-,25,25,25,-,-,13,10,3,0,-,10,3,12,25,3,3,3,9,0,6,14,20,4,5,10,19,8,4,15,11,0,0,11
2021-05-28,Italy,Poland,0,3,19,20,18,-,-,25,25,25,-,-,16,13,3,0,-,13,5,14,32,3,4,6,13,0,4,16,20,4,2,16,22,11,3,17,3,0,0,3
2021-05-28,Italy,Poland,0,3,19,20,18,-,-,25,25,25,-,-,10,10,0,0,-,10,4,14,28,0,4,6,10,0,5,14,19,3,2,14,19,9,1,15,9,0,1,10
2021-05-28,Poland,Italy,3,0,25,25,25,-,-,19,20,18,-,-,18,11,2,5,-,11,3,7,21,2,1,4,7,5,5,14,24,11,0,3,14,8,3,13,10,0,0,10
2021-05-28,Poland,Italy,3,0,25,25,25,-,-,19,20,18,-,-,19,14,3,2,-,14,4,9,27,3,8,11,22,2,3,20,25,5,0,11,16,11,0,13,9,0,0,9
2021-05-28,Poland,Italy,3,0,25,25,25,-,-,19,20,18,-,-,19,14,3,2,-,14,3,14,31,3,2,9,14,2,5,17,24,9,0,5,14,13,3,18,11,0,0,11
2021-05-28,Argentina,Brazil,0,3,29,24,16,-,-,31,26,25,-,-,22,16,5,1,-,16,5,8,29,5,3,2,10,1,6,22,29,6,4,18,28,9,2,11,11,0,18,29
2021-05-28,Argentina,Brazil,0,3,29,24,16,-,-,31,26,25,-,-,21,14,5,2,-,14,4,8,26,5,7,0,12,2,6,17,25,7,0,15,22,8,2,10,6,1,16,23
2021-05-28,Argentina,Brazil,0,3,29,24,16,-,-,31,26,25,-,-,11,8,3,0,-,8,4,11,23,3,6,1,10,0,3,13,16,6,3,13,22,5,5,10,5,1,18,24
2021-05-28,Brazil,Argentina,3,0,31,26,25,-,-,29,24,16,-,-,19,15,0,4,-,15,9,9,33,0,6,2,8,4,3,24,31,13,1,9,23,11,6,17,11,0,21,32
2021-05-28,Brazil,Argentina,3,0,31,26,25,-,-,29,24,16,-,-,19,15,4,0,-,15,5,6,26,4,4,2,10,0,3,22,25,6,2,11,19,8,2,10,7,0,21,28
2021-05-28,Brazil,Argentina,3,0,31,26,25,-,-,29,24,16,-,-,19,14,2,3,-,14,5,6,25,2,3,0,5,3,3,19,25,7,0,6,13,12,3,15,6,0,19,25
2021-05-29,France,Germany,3,2,22,25,22,25,17,25,22,25,16,15,14,12,2,0,-,12,5,8,25,2,4,1,7,0,3,20,23,7,3,8,18,9,5,16,9,0,0,9
2021-05-29,France,Germany,3,2,22,25,22,25,17,25,22,25,16,15,20,19,1,0,-,19,2,9,30,1,2,6,9,0,5,19,24,8,1,10,19,12,6,18,10,0,1,11
2021-05-29,France,Germany,3,2,22,25,22,25,17,25,22,25,16,15,13,11,2,0,-,11,3,8,22,2,2,0,4,0,9,14,23,6,1,9,16,4,3,7,6,0,0,6
2021-05-29,France,Germany,3,2,22,25,22,25,17,25,22,25,16,15,19,13,5,1,-,13,2,9,24,5,6,3,14,1,2,21,24,9,0,6,15,8,1,10,10,0,1,11
2021-05-29,France,Germany,3,2,22,25,22,25,17,25,22,25,16,15,13,8,1,4,-,8,3,6,17,1,4,3,8,4,1,12,17,8,0,5,13,4,2,7,5,0,1,6
2021-05-29,Germany,France,2,3,25,22,25,16,15,22,25,22,25,17,19,13,3,3,-,13,4,10,27,3,3,3,9,3,6,15,24,7,0,13,20,7,3,11,11,0,0,11
2021-05-29,Germany,France,2,3,25,22,25,16,15,22,25,22,25,17,17,14,2,1,-,14,1,13,28,2,5,2,9,1,4,18,23,6,0,13,19,9,4,14,10,0,0,10
2021-05-29,Germany,France,2,3,25,22,25,16,15,22,25,22,25,17,15,12,2,1,-,12,3,6,21,2,5,1,8,1,8,15,24,9,0,5,14,5,1,7,7,0,0,7
2021-05-29,Germany,France,2,3,25,22,25,16,15,22,25,22,25,17,14,12,2,0,-,12,7,9,28,2,7,2,11,0,2,15,17,10,1,11,22,6,2,9,11,1,0,12
2021-05-29,Germany,France,2,3,25,22,25,16,15,22,25,22,25,17,14,11,3,0,-,11,2,9,22,3,2,0,5,0,2,13,15,4,4,8,16,8,0,8,6,1,0,7
2021-05-29,Iran,Russia,1,3,17,25,20,17,-,25,20,25,25,-,11,10,1,0,-,10,3,9,22,1,3,1,5,0,7,11,18,3,1,14,18,7,2,9,7,1,0,8
2021-05-29,Iran,Russia,1,3,17,25,20,17,-,25,20,25,25,-,15,12,0,3,-,12,1,12,25,0,5,9,14,3,4,17,24,8,2,6,16,13,3,17,8,0,0,8
2021-05-29,Iran,Russia,1,3,17,25,20,17,-,25,20,25,25,-,15,14,1,0,-,14,6,9,29,1,5,7,13,0,4,17,21,7,1,11,19,12,2,14,8,0,0,8
2021-05-29,Iran,Russia,1,3,17,25,20,17,-,25,20,25,25,-,14,13,1,0,-,13,5,10,28,1,11,2,14,0,3,14,17,9,0,13,22,7,0,9,6,0,0,6
2021-05-29,Russia,Iran,3,1,25,20,25,25,-,17,25,20,17,-,16,13,2,1,-,13,2,4,19,2,8,5,15,1,5,17,23,5,0,6,11,6,0,9,8,0,1,9
2021-05-29,Russia,Iran,3,1,25,20,25,25,-,17,25,20,17,-,15,13,0,2,-,13,4,13,30,0,7,8,15,2,5,14,21,7,3,10,20,14,2,19,12,0,0,12
2021-05-29,Russia,Iran,3,1,25,20,25,25,-,17,25,20,17,-,20,14,5,1,-,14,1,10,25,5,8,4,17,1,5,18,24,3,0,14,17,10,3,13,7,0,0,7
2021-05-29,Russia,Iran,3,1,25,20,25,25,-,17,25,20,17,-,20,17,3,0,-,17,1,6,24,3,5,3,11,0,3,22,25,6,0,8,14,10,1,14,10,0,1,11
2021-05-29,Japan,Netherlands,3,2,22,23,25,25,15,25,25,22,17,8,18,16,0,2,-,16,4,6,26,0,0,2,2,2,4,16,22,12,1,10,23,4,2,6,7,0,19,26
2021-05-29,Japan,Netherlands,3,2,22,23,25,25,15,25,25,22,17,8,16,14,2,0,-,14,1,13,28,2,4,1,7,0,5,19,24,12,0,7,19,4,2,7,8,0,19,27
2021-05-29,Japan,Netherlands,3,2,22,23,25,25,15,25,25,22,17,8,14,13,1,0,-,13,5,4,22,1,0,2,3,0,7,17,24,5,2,9,16,4,0,4,6,0,17,23
2021-05-29,Japan,Netherlands,3,2,22,23,25,25,15,25,25,22,17,8,17,16,1,0,-,16,1,7,24,1,3,0,4,0,5,20,25,6,1,7,14,3,3,7,5,0,19,24
2021-05-29,Japan,Netherlands,3,2,22,23,25,25,15,25,25,22,17,8,9,7,2,0,-,7,0,3,10,2,4,2,8,0,1,13,14,3,0,2,5,4,1,7,3,0,5,8
2021-05-29,Netherlands,Japan,2,3,25,25,22,17,8,22,23,25,25,15,19,16,2,1,-,16,1,6,23,2,3,1,6,1,2,22,25,7,2,9,18,6,4,10,8,1,13,22
2021-05-29,Netherlands,Japan,2,3,25,25,22,17,8,22,23,25,25,15,20,19,1,0,-,19,3,5,27,1,0,2,3,0,5,19,24,7,0,12,19,9,6,16,7,1,19,27
2021-05-29,Netherlands,Japan,2,3,25,25,22,17,8,22,23,25,25,15,12,8,2,2,-,8,5,12,25,2,6,0,8,2,7,14,23,8,0,9,17,3,1,4,5,0,18,23
2021-05-29,Netherlands,Japan,2,3,25,25,22,17,8,22,23,25,25,15,12,10,1,1,-,10,5,9,24,1,5,1,7,1,3,13,17,5,0,15,20,3,0,3,5,1,19,25
2021-05-29,Netherlands,Japan,2,3,25,25,22,17,8,22,23,25,25,15,7,7,0,0,-,7,4,6,17,0,1,1,2,0,4,5,9,6,0,7,13,3,2,5,5,0,12,17
2021-05-29,Australia,Bulgaria,0,3,21,20,20,-,-,25,25,25,-,-,11,10,1,0,-,10,6,7,23,1,1,4,6,0,4,17,21,2,4,13,19,8,3,15,2,0,21,23
2021-05-29,Australia,Bulgaria,0,3,21,20,20,-,-,25,25,25,-,-,11,9,1,1,-,9,4,5,18,1,3,1,5,1,4,16,21,3,6,8,17,5,6,12,2,0,16,18
2021-05-29,Australia,Bulgaria,0,3,21,20,20,-,-,25,25,25,-,-,8,7,1,0,-,7,5,16,28,1,8,4,13,0,3,17,20,5,3,11,19,12,3,19,6,1,19,26
2021-05-29,Bulgaria,Australia,3,0,25,25,25,-,-,21,20,20,-,-,17,11,2,4,-,11,5,7,23,2,9,5,16,4,6,15,25,7,0,10,17,5,0,7,11,0,11,22
2021-05-29,Bulgaria,Australia,3,0,25,25,25,-,-,21,20,20,-,-,19,11,2,6,-,11,3,4,18,2,5,1,8,6,7,11,24,7,1,9,17,2,2,7,7,0,11,18
2021-05-29,Bulgaria,Australia,3,0,25,25,25,-,-,21,20,20,-,-,16,12,1,3,-,12,6,15,33,1,4,7,12,3,6,16,25,5,0,12,17,16,1,18,4,1,28,33
2021-05-29,Poland,Serbia,3,1,26,25,21,25,-,24,19,25,15,-,21,15,4,2,-,15,5,10,30,4,6,1,11,2,6,17,25,7,0,14,21,10,3,13,8,0,22,30
2021-05-29,Poland,Serbia,3,1,26,25,21,25,-,24,19,25,15,-,19,11,3,5,-,11,2,8,21,3,6,3,12,5,4,16,25,2,1,12,15,7,1,10,4,0,17,21
2021-05-29,Poland,Serbia,3,1,26,25,21,25,-,24,19,25,15,-,17,11,2,4,-,11,3,7,21,2,8,3,13,4,5,12,21,11,3,8,22,1,1,2,8,0,12,20
2021-05-29,Poland,Serbia,3,1,26,25,21,25,-,24,19,25,15,-,19,9,4,6,-,9,0,11,20,4,4,2,10,6,5,14,25,5,2,4,11,11,2,13,5,0,16,21
2021-05-29,Serbia,Poland,1,3,24,19,25,15,-,26,25,21,25,-,13,12,1,0,-,12,5,6,23,1,8,1,10,0,4,21,25,4,2,13,19,9,1,11,8,0,13,21
2021-05-29,Serbia,Poland,1,3,24,19,25,15,-,26,25,21,25,-,14,12,1,1,-,12,5,10,27,1,2,0,3,1,4,14,19,9,5,7,21,12,1,14,9,0,17,26
2021-05-29,Serbia,Poland,1,3,24,19,25,15,-,26,25,21,25,-,17,13,1,3,-,13,3,4,20,1,4,1,6,3,3,19,25,2,4,10,16,9,5,14,5,0,15,20
2021-05-29,Serbia,Poland,1,3,24,19,25,15,-,26,25,21,25,-,10,8,0,2,-,8,5,10,23,0,4,3,7,2,4,9,15,7,6,7,20,8,1,9,5,0,17,22
2021-05-29,Italy,Slovenia,0,3,23,19,15,-,-,25,25,25,-,-,17,13,1,3,-,13,6,11,30,1,1,0,2,3,2,18,23,7,3,10,20,5,0,5,9,0,21,30
2021-05-29,Italy,Slovenia,0,3,23,19,15,-,-,25,25,25,-,-,14,11,1,2,-,11,4,15,30,1,0,0,1,2,5,13,20,9,2,9,20,2,0,2,8,0,22,30
2021-05-29,Italy,Slovenia,0,3,23,19,15,-,-,25,25,25,-,-,9,8,1,0,-,8,3,10,21,1,0,1,2,0,6,9,15,5,3,12,20,1,0,2,7,1,13,21
2021-05-29,Slovenia,Italy,3,0,25,25,25,-,-,23,19,15,-,-,19,14,2,3,-,14,1,14,29,2,1,0,3,3,5,17,25,8,3,10,21,1,0,1,6,0,21,27
2021-05-29,Slovenia,Italy,3,0,25,25,25,-,-,23,19,15,-,-,17,14,1,2,-,14,2,11,27,1,0,0,1,2,4,18,24,5,2,8,15,2,0,2,6,0,19,25
2021-05-29,Slovenia,Italy,3,0,25,25,25,-,-,23,19,15,-,-,16,12,1,3,-,12,2,12,26,1,0,0,1,3,5,17,25,6,0,3,9,2,0,2,7,0,15,22
2021-05-29,Argentina,Canada,0,3,17,21,17,-,-,25,25,25,-,-,10,9,1,0,-,9,8,5,22,1,4,0,5,0,4,13,17,7,0,13,20,4,5,9,8,0,13,21
2021-05-29,Argentina,Canada,0,3,17,21,17,-,-,25,25,25,-,-,17,13,2,2,-,13,5,10,28,2,3,2,7,2,6,14,22,6,3,13,22,10,4,14,6,0,22,28
2021-05-29,Argentina,Canada,0,3,17,21,17,-,-,25,25,25,-,-,7,5,2,0,-,5,6,10,21,2,7,1,10,0,6,11,17,4,1,13,18,5,3,9,4,1,16,21
2021-05-29,Canada,Argentina,3,0,25,25,25,-,-,17,21,17,-,-,15,12,3,0,-,12,3,3,18,3,2,1,6,0,5,20,25,8,0,5,13,5,4,9,5,0,12,17
2021-05-29,Canada,Argentina,3,0,25,25,25,-,-,17,21,17,-,-,15,10,2,3,-,10,2,9,21,2,7,2,11,3,2,19,24,3,2,11,16,10,4,14,5,1,14,20
2021-05-29,Canada,Argentina,3,0,25,25,25,-,-,17,21,17,-,-,14,11,2,1,-,11,4,6,21,2,4,4,10,1,6,17,24,6,0,5,11,7,2,9,7,0,12,19
2021-05-29,Brazil,United States,3,0,25,25,25,-,-,22,23,19,-,-,17,14,1,2,-,14,6,5,25,1,0,0,1,2,4,18,24,8,0,10,18,0,0,0,4,0,20,24
2021-05-29,Brazil,United States,3,0,25,25,25,-,-,22,23,19,-,-,19,15,2,2,-,15,3,13,31,2,1,0,3,2,3,20,25,6,3,10,19,3,0,3,2,0,24,26
2021-05-29,Brazil,United States,3,0,25,25,25,-,-,22,23,19,-,-,17,11,4,2,-,11,3,9,23,4,1,2,7,2,4,18,24,2,1,11,14,2,0,3,1,0,23,24
2021-05-29,United States,Brazil,0,3,22,23,19,-,-,25,25,25,-,-,17,12,5,0,-,12,4,7,23,5,0,0,5,0,5,18,23,8,2,10,20,0,0,0,8,0,14,22
2021-05-29,United States,Brazil,0,3,22,23,19,-,-,25,25,25,-,-,19,14,2,3,-,14,4,13,31,2,0,0,2,3,4,16,23,8,2,12,22,2,0,2,6,0,24,30
2021-05-29,United States,Brazil,0,3,22,23,19,-,-,25,25,25,-,-,13,10,2,1,-,10,6,17,33,2,1,1,4,1,6,13,20,10,2,8,20,1,0,1,5,0,25,30
2021-05-30,Australia,France,1,3,26,25,14,23,-,28,20,25,25,-,16,14,2,0,-,14,6,11,31,2,6,7,15,0,7,20,27,6,1,15,22,11,1,14,10,2,19,31
2021-05-30,Australia,France,1,3,26,25,14,23,-,28,20,25,25,-,18,13,5,0,-,13,4,7,24,5,4,7,16,0,5,19,24,8,1,7,16,10,2,14,9,0,16,25
2021-05-30,Australia,France,1,3,26,25,14,23,-,28,20,25,25,-,11,9,1,1,-,9,5,17,31,1,7,4,12,1,5,9,15,5,3,14,22,13,2,18,6,0,24,30
2021-05-30,Australia,France,1,3,26,25,14,23,-,28,20,25,25,-,13,11,0,2,-,11,3,11,25,0,8,4,12,2,4,17,23,5,2,12,19,10,1,11,6,0,15,21
2021-05-30,France,Australia,3,1,28,20,25,25,-,26,25,14,23,-,16,12,3,1,-,12,5,11,28,3,6,4,13,1,5,21,27,6,0,14,20,10,5,16,11,0,16,27
2021-05-30,France,Australia,3,1,28,20,25,25,-,26,25,14,23,-,12,10,1,1,-,10,7,11,28,1,6,5,12,1,5,15,21,6,0,13,19,9,2,15,10,0,17,27
2021-05-30,France,Australia,3,1,28,20,25,25,-,26,25,14,23,-,18,12,3,3,-,12,2,8,22,3,5,9,17,3,2,19,24,4,1,5,10,10,2,17,5,0,14,19
2021-05-30,France,Australia,3,1,28,20,25,25,-,26,25,14,23,-,20,15,3,2,-,15,3,11,29,3,5,5,13,2,6,17,25,6,2,11,19,13,1,14,11,0,16,27
2021-05-30,Iran,Netherlands,3,0,25,25,30,-,-,18,23,28,-,-,17,11,3,3,-,11,0,10,21,3,1,2,6,3,7,14,24,6,3,5,14,11,3,15,4,0,16,20
2021-05-30,Iran,Netherlands,3,0,25,25,30,-,-,18,23,28,-,-,18,14,3,1,-,14,5,5,24,3,5,3,11,1,7,17,25,7,2,9,18,8,2,11,8,0,16,24
2021-05-30,Iran,Netherlands,3,0,25,25,30,-,-,18,23,28,-,-,25,19,3,3,-,19,4,5,28,3,5,2,10,3,6,20,29,6,0,20,26,5,8,18,9,0,19,28
2021-05-30,Netherlands,Iran,0,3,18,23,28,-,-,25,25,30,-,-,11,8,0,3,-,8,5,13,26,0,5,1,6,3,5,11,19,4,3,10,17,12,3,15,5,0,22,27
2021-05-30,Netherlands,Iran,0,3,18,23,28,-,-,25,25,30,-,-,13,9,2,2,-,9,5,9,23,2,3,4,9,2,5,16,23,4,1,13,18,6,6,12,7,0,16,23
2021-05-30,Netherlands,Iran,0,3,18,23,28,-,-,25,25,30,-,-,19,18,1,0,-,18,5,11,34,1,10,2,13,0,3,26,29,5,3,15,23,13,3,16,9,0,25,34
2021-05-30,Bulgaria,Germany,2,3,25,21,25,28,11,19,25,22,30,15,21,15,4,2,-,15,3,4,22,4,6,5,15,2,6,17,25,1,1,14,16,8,1,9,6,0,15,21
2021-05-30,Bulgaria,Germany,2,3,25,21,25,28,11,19,25,22,30,15,18,13,2,3,-,13,6,17,36,2,6,6,14,3,4,14,21,5,2,17,24,14,2,18,9,0,27,36
2021-05-30,Bulgaria,Germany,2,3,25,21,25,28,11,19,25,22,30,15,16,10,2,4,-,10,0,7,17,2,4,3,9,4,6,15,25,7,4,7,18,3,3,8,7,0,10,17
2021-05-30,Bulgaria,Germany,2,3,25,21,25,28,11,19,25,22,30,15,19,12,6,1,-,12,10,13,35,6,4,2,12,1,6,21,28,8,1,12,21,13,1,15,7,0,27,34
2021-05-30,Bulgaria,Germany,2,3,25,21,25,28,11,19,25,22,30,15,5,5,0,0,-,5,4,5,14,0,6,4,10,0,2,10,12,3,1,5,9,5,0,7,3,0,10,13
2021-05-30,Germany,Bulgaria,3,2,19,25,22,30,15,25,21,25,28,11,11,8,2,1,-,8,5,8,21,2,6,3,11,1,3,15,19,4,2,13,19,5,1,7,5,0,16,21
2021-05-30,Germany,Bulgaria,3,2,19,25,22,30,15,25,21,25,28,11,17,13,2,2,-,13,4,13,30,2,5,6,13,2,1,22,25,6,3,8,17,18,4,23,5,0,24,29
2021-05-30,Germany,Bulgaria,3,2,19,25,22,30,15,25,21,25,28,11,16,12,0,4,-,12,7,5,24,0,2,3,5,4,4,14,22,7,4,8,19,8,5,15,5,0,19,24
2021-05-30,Germany,Bulgaria,3,2,19,25,22,30,15,25,21,25,28,11,19,13,5,1,-,13,6,9,28,5,4,9,18,1,9,20,30,7,1,14,22,8,4,14,5,0,23,28
2021-05-30,Germany,Bulgaria,3,2,19,25,22,30,15,25,21,25,28,11,11,7,3,1,-,7,1,9,17,3,2,2,7,1,5,8,14,1,0,9,10,8,0,9,2,0,15,17
2021-05-30,Japan,Russia,3,2,28,26,20,25,16,26,28,25,21,14,18,17,1,0,-,17,3,11,31,1,4,2,7,0,5,23,28,7,2,12,21,11,5,17,11,0,20,31
2021-05-30,Japan,Russia,3,2,28,26,20,25,16,26,28,25,21,14,17,14,2,1,-,14,3,10,27,2,5,5,12,1,4,21,26,6,2,13,21,11,11,24,7,0,20,27
2021-05-30,Japan,Russia,3,2,28,26,20,25,16,26,28,25,21,14,16,14,0,2,-,14,8,9,31,0,4,1,5,2,4,15,21,4,1,16,21,10,6,16,3,0,26,29
2021-05-30,Japan,Russia,3,2,28,26,20,25,16,26,28,25,21,14,20,18,2,0,-,18,5,9,32,2,1,3,6,0,5,19,24,7,1,11,19,12,7,23,6,0,23,29
2021-05-30,Japan,Russia,3,2,28,26,20,25,16,26,28,25,21,14,14,12,2,0,-,12,2,8,22,2,1,0,3,0,3,12,15,3,1,11,15,8,4,12,5,0,16,21
2021-05-30,Russia,Japan,2,3,26,28,25,21,14,28,26,20,25,16,21,16,3,2,-,16,6,7,29,3,4,3,10,2,5,19,26,8,0,15,23,8,3,12,14,0,15,29
2021-05-30,Russia,Japan,2,3,26,28,25,21,14,28,26,20,25,16,24,19,3,2,-,19,4,14,37,3,7,4,14,2,7,19,28,10,1,11,22,10,2,13,11,0,24,35
2021-05-30,Russia,Japan,2,3,26,28,25,21,14,28,26,20,25,16,20,12,7,1,-,12,1,5,18,7,6,5,18,1,3,20,24,7,2,8,17,4,4,10,7,0,10,17
2021-05-30,Russia,Japan,2,3,26,28,25,21,14,28,26,20,25,16,16,10,5,1,-,10,4,13,27,5,6,5,16,1,3,18,22,9,0,10,19,11,5,17,9,0,18,27
2021-05-30,Russia,Japan,2,3,26,28,25,21,14,28,26,20,25,16,9,8,0,1,-,8,4,3,15,0,8,2,10,1,0,14,15,2,0,10,12,4,1,8,1,0,14,15
2021-05-30,Argentina,United States,1,3,25,21,15,19,-,23,25,25,25,-,16,13,3,0,-,13,5,10,28,3,1,0,4,0,7,18,25,5,1,12,18,10,0,10,8,0,17,25
2021-05-30,Argentina,United States,1,3,25,21,15,19,-,23,25,25,25,-,12,8,4,0,-,8,5,11,24,4,2,0,6,0,4,17,21,2,4,13,19,9,3,13,6,0,20,26
2021-05-30,Argentina,United States,1,3,25,21,15,19,-,23,25,25,25,-,11,9,2,0,-,9,7,14,30,2,4,3,9,0,0,16,16,7,0,13,20,5,5,10,10,0,20,30
2021-05-30,Argentina,United States,1,3,25,21,15,19,-,23,25,25,25,-,7,6,0,1,-,6,4,7,17,0,6,3,9,1,4,14,19,2,1,12,15,4,4,9,4,0,12,16
2021-05-30,United States,Argentina,3,1,23,25,25,25,-,25,21,15,19,-,13,10,2,1,-,10,6,6,22,2,2,0,4,1,5,17,23,7,0,11,18,6,3,12,9,0,12,21
2021-05-30,United States,Argentina,3,1,23,25,25,25,-,25,21,15,19,-,20,12,4,4,-,12,7,7,26,4,4,1,9,4,6,15,25,7,0,10,17,8,4,13,11,0,14,25
2021-05-30,United States,Argentina,3,1,23,25,25,25,-,25,21,15,19,-,21,16,5,0,-,16,2,13,31,5,4,2,11,0,4,20,24,10,0,6,16,10,2,13,9,0,20,29
2021-05-30,United States,Argentina,3,1,23,25,25,25,-,25,21,15,19,-,18,16,1,1,-,16,1,9,26,1,4,2,7,1,10,14,25,6,1,8,15,6,2,9,8,0,17,25
2021-05-30,Brazil,Canada,3,1,25,25,22,27,-,17,20,25,25,-,19,16,0,3,-,16,2,9,27,0,3,2,5,3,3,18,24,8,0,7,15,10,2,13,10,0,15,25
2021-05-30,Brazil,Canada,3,1,25,25,22,27,-,17,20,25,25,-,18,14,2,2,-,14,4,9,27,2,1,1,4,2,4,19,25,6,0,10,16,8,3,11,5,1,21,27
2021-05-30,Brazil,Canada,3,1,25,25,22,27,-,17,20,25,25,-,16,14,1,1,-,14,7,12,33,1,5,4,10,1,3,18,22,3,1,15,19,12,5,20,4,0,27,31
2021-05-30,Brazil,Canada,3,1,25,25,22,27,-,17,20,25,25,-,19,16,3,0,-,16,5,11,32,3,5,5,13,0,2,25,27,9,1,11,21,15,3,19,10,1,22,33
2021-05-30,Canada,Brazil,1,3,17,20,25,25,-,25,25,22,27,-,14,12,2,0,-,12,3,10,25,2,5,0,7,0,3,15,18,4,3,14,21,9,6,18,7,0,16,23
2021-05-30,Canada,Brazil,1,3,17,20,25,25,-,25,25,22,27,-,13,11,2,0,-,11,5,9,25,2,5,2,9,0,4,16,20,6,2,13,21,7,2,10,6,0,17,23
2021-05-30,Canada,Brazil,1,3,17,20,25,25,-,25,25,22,27,-,19,13,5,1,-,13,1,13,27,5,3,6,14,1,6,18,25,4,1,14,19,9,6,16,3,0,24,27
2021-05-30,Canada,Brazil,1,3,17,20,25,25,-,25,25,22,27,-,20,16,3,1,-,16,6,12,34,3,4,5,12,1,4,20,25,14,0,11,25,10,5,16,8,1,24,33
2021-05-30,Poland,Slovenia,1,3,22,25,19,23,-,25,23,25,25,-,15,13,2,0,-,13,5,17,35,2,5,1,8,0,2,20,22,9,0,12,21,4,7,12,3,0,28,31
2021-05-30,Poland,Slovenia,1,3,22,25,19,23,-,25,23,25,25,-,20,16,2,2,-,16,5,11,32,2,3,4,9,2,1,22,25,7,1,12,20,9,6,15,7,0,24,31
2021-05-30,Poland,Slovenia,1,3,22,25,19,23,-,25,23,25,25,-,10,10,0,0,-,10,3,13,26,0,6,2,8,0,6,13,19,7,3,9,19,6,1,8,8,1,14,23
2021-05-30,Poland,Slovenia,1,3,22,25,19,23,-,25,23,25,25,-,17,12,4,1,-,12,5,18,35,4,8,1,13,1,2,21,24,11,1,9,21,6,3,9,12,0,20,32
2021-05-30,Slovenia,Poland,3,1,25,23,25,25,-,22,25,19,23,-,20,17,3,0,-,17,4,13,34,3,5,0,8,0,4,21,25,12,0,8,20,6,2,10,10,1,21,32
2021-05-30,Slovenia,Poland,3,1,25,23,25,25,-,22,25,19,23,-,20,16,3,1,-,16,3,14,33,3,2,1,6,1,3,19,23,9,2,13,24,8,7,15,12,1,20,33
2021-05-30,Slovenia,Poland,3,1,25,23,25,25,-,22,25,19,23,-,14,11,0,3,-,11,3,20,34,0,4,0,4,3,6,16,25,4,0,9,13,8,3,11,6,0,23,29
2021-05-30,Slovenia,Poland,3,1,25,23,25,25,-,22,25,19,23,-,20,17,2,1,-,17,6,18,41,2,5,1,8,1,3,20,24,11,1,10,22,8,3,11,12,0,25,37
2021-05-30,Italy,Serbia,1,3,23,25,22,18,-,25,22,25,25,-,14,13,1,0,-,13,7,15,35,1,5,10,16,0,3,20,23,5,0,14,19,14,3,18,3,0,32,35
2021-05-30,Italy,Serbia,1,3,23,25,22,18,-,25,22,25,25,-,17,15,2,0,-,15,1,13,29,2,6,6,14,0,6,19,25,5,1,11,17,12,6,19,5,0,23,28
2021-05-30,Italy,Serbia,1,3,23,25,22,18,-,25,22,25,25,-,17,13,3,1,-,13,7,13,33,3,3,4,10,1,4,17,22,8,1,13,22,11,3,15,6,0,27,33
2021-05-30,Italy,Serbia,1,3,23,25,22,18,-,25,22,25,25,-,8,7,1,0,-,7,1,15,23,1,3,1,5,0,3,16,19,5,2,9,16,10,8,19,3,0,21,24
2021-05-30,Serbia,Italy,3,1,25,22,25,25,-,23,25,22,18,-,19,15,4,0,-,15,2,18,35,4,8,7,19,0,6,19,25,7,0,13,20,9,0,10,6,1,27,34
2021-05-30,Serbia,Italy,3,1,25,22,25,25,-,23,25,22,18,-,16,14,1,1,-,14,5,14,33,1,4,5,10,1,5,16,22,3,0,16,19,13,5,19,5,0,27,32
2021-05-30,Serbia,Italy,3,1,25,22,25,25,-,23,25,22,18,-,19,13,5,1,-,13,4,9,26,5,3,7,15,1,3,21,25,10,1,7,18,11,5,16,6,1,20,27
2021-05-30,Serbia,Italy,3,1,25,22,25,25,-,23,25,22,18,-,22,19,1,2,-,19,3,9,31,1,2,5,8,2,8,14,24,4,0,12,16,11,4,15,9,0,20,29
2021-06-03,Argentina,Germany,3,2,25,23,17,25,15,19,25,25,23,13,18,14,3,1,-,14,1,3,18,3,4,1,8,1,5,19,25,6,1,8,15,4,4,8,10,0,7,17
2021-06-03,Argentina,Germany,3,2,25,23,17,25,15,19,25,25,23,13,21,20,1,0,-,20,4,10,34,1,4,3,8,0,6,17,23,6,3,14,23,14,4,18,9,0,23,32
2021-06-03,Argentina,Germany,3,2,25,23,17,25,15,19,25,25,23,13,12,11,1,0,-,11,6,10,27,1,6,4,11,0,3,15,18,11,0,10,21,7,1,11,5,2,21,28
2021-06-03,Argentina,Germany,3,2,25,23,17,25,15,19,25,25,23,13,17,13,3,1,-,13,4,12,29,3,7,4,14,1,8,15,24,6,0,12,18,11,1,14,7,0,22,29
2021-06-03,Argentina,Germany,3,2,25,23,17,25,15,19,25,25,23,13,12,12,0,0,-,12,2,13,27,0,3,2,5,0,4,11,15,4,0,6,10,15,2,17,6,0,20,26
2021-06-03,Germany,Argentina,2,3,19,25,25,23,13,25,23,17,25,15,13,12,0,1,-,12,4,3,19,0,5,2,7,1,4,14,19,10,1,9,20,1,3,5,4,0,16,20
2021-06-03,Germany,Argentina,2,3,19,25,25,23,13,25,23,17,25,15,16,12,1,3,-,12,1,11,24,1,8,5,14,3,2,20,25,9,0,8,17,6,6,14,6,0,18,24
2021-06-03,Germany,Argentina,2,3,19,25,25,23,13,25,23,17,25,15,18,14,4,0,-,14,2,8,24,4,3,4,11,0,3,21,24,10,0,5,15,10,4,14,7,1,18,26
2021-06-03,Germany,Argentina,2,3,19,25,25,23,13,25,23,17,25,15,13,11,2,0,-,11,4,13,28,2,8,5,15,0,6,18,24,2,1,13,16,11,1,13,1,1,26,28
2021-06-03,Germany,Argentina,2,3,19,25,25,23,13,25,23,17,25,15,9,7,2,0,-,7,0,7,14,2,5,6,13,0,3,10,13,1,0,10,11,3,1,8,1,0,13,14
2021-06-03,Canada,Iran,1,3,25,22,22,22,-,22,25,25,25,-,17,13,3,1,-,13,3,8,24,3,6,5,14,1,1,22,24,2,3,13,18,9,5,14,11,0,12,23
2021-06-03,Canada,Iran,1,3,25,22,22,22,-,22,25,25,25,-,16,15,0,1,-,15,5,9,29,0,9,4,13,1,7,15,23,7,0,12,19,10,3,14,11,0,17,28
2021-06-03,Canada,Iran,1,3,25,22,22,22,-,22,25,25,25,-,14,12,2,0,-,12,6,9,27,2,4,3,9,0,5,17,22,4,3,14,21,8,3,11,4,0,20,24
2021-06-03,Canada,Iran,1,3,25,22,22,22,-,22,25,25,25,-,14,11,2,1,-,11,5,11,27,2,6,4,12,1,3,19,23,6,0,12,18,9,4,14,11,1,15,27
2021-06-03,Iran,Canada,3,1,22,25,25,25,-,25,22,22,22,-,19,15,1,3,-,15,5,7,27,1,6,1,8,3,5,15,23,8,1,14,23,10,4,16,9,0,19,28
2021-06-03,Iran,Canada,3,1,22,25,25,25,-,25,22,22,22,-,17,13,4,0,-,13,1,6,20,4,8,5,17,0,5,19,24,2,1,13,16,5,2,8,5,0,15,20
2021-06-03,Iran,Canada,3,1,22,25,25,25,-,25,22,22,22,-,18,11,4,3,-,11,5,6,22,4,5,4,13,3,4,18,25,5,0,12,17,5,3,10,8,1,14,23
2021-06-03,Iran,Canada,3,1,22,25,25,25,-,25,22,22,22,-,21,16,5,0,-,16,3,8,27,5,3,3,11,0,6,18,24,10,1,9,20,9,5,15,13,0,14,27
2021-06-03,Japan,Serbia,1,3,25,23,22,13,-,18,25,25,25,-,19,17,1,1,-,17,3,9,29,1,0,0,1,1,5,19,25,7,0,6,13,11,6,18,7,1,21,29
2021-06-03,Japan,Serbia,1,3,25,23,22,13,-,18,25,25,25,-,18,18,0,0,-,18,3,7,28,0,2,0,2,0,2,21,23,11,1,9,21,8,9,17,9,1,17,27
2021-06-03,Japan,Serbia,1,3,25,23,22,13,-,18,25,25,25,-,16,11,5,0,-,11,3,16,30,5,8,1,14,0,3,20,23,10,0,10,20,7,6,13,4,1,24,29
2021-06-03,Japan,Serbia,1,3,25,23,22,13,-,18,25,25,25,-,10,8,1,1,-,8,11,9,28,1,3,1,5,1,1,11,13,9,0,14,23,3,3,7,2,0,25,27
2021-06-03,Serbia,Japan,3,1,18,25,25,25,-,25,23,22,13,-,11,9,2,0,-,9,2,9,20,2,5,2,9,0,5,13,18,8,1,11,20,1,5,7,7,0,14,21
2021-06-03,Serbia,Japan,3,1,18,25,25,25,-,25,23,22,13,-,22,18,3,1,-,18,1,7,26,3,7,1,11,1,4,20,25,10,0,11,21,6,7,13,13,0,12,25
2021-06-03,Serbia,Japan,3,1,18,25,25,25,-,25,23,22,13,-,21,18,3,0,-,18,6,7,31,3,6,3,12,0,4,20,24,9,0,11,20,6,3,9,10,0,23,33
2021-06-03,Serbia,Japan,3,1,18,25,25,25,-,25,23,22,13,-,22,13,9,0,-,13,2,7,22,9,3,2,14,0,2,23,25,7,1,4,12,5,2,7,5,0,17,22
2021-06-03,Brazil,France,0,3,37,18,28,-,-,39,25,30,-,-,26,19,5,2,-,19,10,17,46,5,13,5,23,2,7,28,37,13,1,17,31,17,4,23,20,0,27,47
2021-06-03,Brazil,France,0,3,37,18,28,-,-,39,25,30,-,-,11,9,0,2,-,9,3,10,22,0,6,4,10,2,3,14,19,1,1,18,20,6,6,16,6,0,16,22
2021-06-03,Brazil,France,0,3,37,18,28,-,-,39,25,30,-,-,21,21,0,0,-,21,7,4,32,0,7,12,19,0,5,23,28,9,1,14,24,10,3,18,13,0,17,30
2021-06-03,France,Brazil,3,0,39,25,30,-,-,37,18,28,-,-,25,20,4,1,-,20,7,14,41,4,13,7,24,1,8,30,39,7,2,21,30,13,5,23,10,0,31,41
2021-06-03,France,Brazil,3,0,39,25,30,-,-,37,18,28,-,-,19,17,1,1,-,17,3,9,29,1,8,4,13,1,4,19,24,5,2,9,16,15,1,16,14,0,13,27
2021-06-03,France,Brazil,3,0,39,25,30,-,-,37,18,28,-,-,19,17,1,1,-,17,0,18,35,1,8,2,11,1,6,23,30,10,0,13,23,13,10,25,10,0,25,35
2021-06-03,Netherlands,Slovenia,0,3,18,15,18,-,-,25,25,25,-,-,14,10,2,2,-,10,5,12,27,2,3,3,8,2,4,12,18,6,3,12,21,8,4,12,2,0,26,28
2021-06-03,Netherlands,Slovenia,0,3,18,15,18,-,-,25,25,25,-,-,9,8,1,0,-,8,7,7,22,1,6,6,13,0,5,11,16,8,1,10,19,7,1,8,3,1,19,23
2021-06-03,Netherlands,Slovenia,0,3,18,15,18,-,-,25,25,25,-,-,12,10,1,1,-,10,4,12,26,1,6,1,8,1,4,13,18,5,2,16,23,6,0,6,2,0,24,26
2021-06-03,Slovenia,Netherlands,3,0,25,25,25,-,-,18,15,18,-,-,19,13,3,3,-,13,2,8,23,3,3,3,9,3,4,18,25,9,2,3,14,9,3,14,4,0,19,23
2021-06-03,Slovenia,Netherlands,3,0,25,25,25,-,-,18,15,18,-,-,14,11,2,1,-,11,2,10,23,2,3,2,7,1,5,18,24,3,0,8,11,11,3,14,2,0,21,23
2021-06-03,Slovenia,Netherlands,3,0,25,25,25,-,-,18,15,18,-,-,19,15,2,2,-,15,3,5,23,2,5,8,15,2,2,21,25,6,1,7,14,9,2,13,5,2,18,25
2021-06-03,Australia,Poland,0,3,16,10,12,-,-,25,25,25,-,-,12,10,1,1,-,10,9,9,28,1,4,1,6,1,3,12,16,10,2,9,21,3,4,7,5,0,22,27
2021-06-03,Australia,Poland,0,3,16,10,12,-,-,25,25,25,-,-,3,3,0,0,-,3,5,14,22,0,2,0,2,0,3,8,11,4,5,9,18,4,4,8,1,0,20,21
2021-06-03,Australia,Poland,0,3,16,10,12,-,-,25,25,25,-,-,7,7,0,0,-,7,6,5,18,0,5,1,6,0,4,8,12,7,4,12,23,1,1,2,2,1,17,20
2021-06-03,Poland,Australia,3,0,25,25,25,-,-,16,10,12,-,-,16,9,5,2,-,9,1,9,19,5,4,1,10,2,4,19,25,7,1,5,13,6,4,10,3,0,16,19
2021-06-03,Poland,Australia,3,0,25,25,25,-,-,16,10,12,-,-,21,12,4,5,-,12,1,7,20,4,2,3,9,5,6,13,24,2,0,6,8,9,0,9,5,0,15,20
2021-06-03,Poland,Australia,3,0,25,25,25,-,-,16,10,12,-,-,18,10,4,4,-,10,3,1,14,4,3,1,8,4,2,19,25,3,0,5,8,4,3,7,2,0,11,13
2021-06-03,Bulgaria,Italy,2,3,19,25,13,25,12,25,20,25,23,15,14,14,0,0,-,14,3,13,30,0,7,5,12,0,3,16,19,9,1,13,23,7,4,11,3,0,28,31
2021-06-03,Bulgaria,Italy,2,3,19,25,13,25,12,25,20,25,23,15,20,13,5,2,-,13,5,7,25,5,7,2,14,2,2,21,25,3,1,12,16,8,2,12,3,0,24,27
2021-06-03,Bulgaria,Italy,2,3,19,25,13,25,12,25,20,25,23,15,10,10,0,0,-,10,8,8,26,0,4,2,6,0,1,12,13,5,2,15,22,8,3,12,1,0,24,25
2021-06-03,Bulgaria,Italy,2,3,19,25,13,25,12,25,20,25,23,15,20,17,3,0,-,17,0,9,26,3,6,6,15,0,2,23,25,4,2,14,20,8,5,14,4,0,22,26
2021-06-03,Bulgaria,Italy,2,3,19,25,13,25,12,25,20,25,23,15,7,6,1,0,-,6,2,2,10,1,0,0,1,0,4,8,12,7,1,2,10,1,5,7,4,0,6,10
2021-06-03,Italy,Bulgaria,3,2,25,20,25,23,15,19,25,13,25,12,22,18,3,1,-,18,2,7,27,3,7,2,12,1,2,22,25,7,0,9,16,15,4,21,6,0,21,27
2021-06-03,Italy,Bulgaria,3,2,25,20,25,23,15,19,25,13,25,12,14,11,2,1,-,11,5,8,24,2,4,3,9,1,4,15,20,5,2,16,23,6,8,15,4,0,20,24
2021-06-03,Italy,Bulgaria,3,2,25,20,25,23,15,19,25,13,25,12,20,14,4,2,-,14,0,9,23,4,4,3,11,2,3,20,25,2,0,10,12,12,2,14,6,0,16,22
2021-06-03,Italy,Bulgaria,3,2,25,20,25,23,15,19,25,13,25,12,20,18,0,2,-,18,5,11,34,0,4,3,7,2,3,18,23,5,0,18,23,10,6,17,7,0,27,34
2021-06-03,Italy,Bulgaria,3,2,25,20,25,23,15,19,25,13,25,12,10,8,1,1,-,8,1,2,11,1,2,1,4,1,5,9,15,3,0,5,8,3,1,4,3,0,8,11
2021-06-03,Russia,United States,3,1,25,25,17,25,-,22,19,25,19,-,15,13,1,1,-,13,2,9,24,1,6,3,10,1,6,17,24,4,1,13,18,5,3,9,4,0,17,21
2021-06-03,Russia,United States,3,1,25,25,17,25,-,22,19,25,19,-,21,18,3,0,-,18,2,10,30,3,6,3,12,0,4,21,25,7,0,10,17,12,3,17,8,0,20,28
2021-06-03,Russia,United States,3,1,25,25,17,25,-,22,19,25,19,-,8,7,0,1,-,7,6,11,24,0,3,1,4,1,2,14,17,7,2,9,18,10,2,14,6,1,18,25
2021-06-03,Russia,United States,3,1,25,25,17,25,-,22,19,25,19,-,20,18,2,0,-,18,2,9,29,2,4,2,8,0,5,20,25,5,0,11,16,9,3,14,10,0,18,28
2021-06-03,United States,Russia,1,3,22,19,25,19,-,25,25,17,25,-,14,13,0,1,-,13,5,7,25,0,5,2,7,1,5,17,23,3,1,14,18,10,5,16,8,0,14,22
2021-06-03,United States,Russia,1,3,22,19,25,19,-,25,25,17,25,-,14,13,1,0,-,13,5,11,29,1,7,5,13,0,2,17,19,6,0,15,21,9,4,14,8,0,20,28
2021-06-03,United States,Russia,1,3,22,19,25,19,-,25,25,17,25,-,19,14,3,2,-,14,2,7,23,3,3,5,11,2,7,16,25,4,1,10,15,8,3,13,7,0,16,23
2021-06-03,United States,Russia,1,3,22,19,25,19,-,25,25,17,25,-,13,12,1,0,-,12,4,8,24,1,2,2,5,0,3,16,19,6,0,14,20,7,8,19,12,0,13,25
2021-06-04,Argentina,Slovenia,0,3,19,22,18,-,-,25,25,25,-,-,13,11,2,0,-,11,6,13,30,2,8,8,18,0,2,17,19,5,3,12,20,13,3,18,12,0,17,29
2021-06-04,Argentina,Slovenia,0,3,19,22,18,-,-,25,25,25,-,-,13,10,3,0,-,10,3,15,28,3,2,4,9,0,4,19,23,3,0,14,17,12,6,23,6,0,22,28
2021-06-04,Argentina,Slovenia,0,3,19,22,18,-,-,25,25,25,-,-,13,11,2,0,-,11,6,12,29,2,3,5,10,0,5,13,18,4,1,16,21,9,3,16,8,1,21,30
2021-06-04,Slovenia,Argentina,3,0,25,25,25,-,-,19,22,18,-,-,19,14,2,3,-,14,2,14,30,2,7,10,19,3,5,17,25,1,0,16,17,13,1,16,9,0,21,30
2021-06-04,Slovenia,Argentina,3,0,25,25,25,-,-,19,22,18,-,-,17,16,1,0,-,16,5,10,31,1,3,8,12,0,7,17,24,8,0,11,19,13,3,16,15,0,17,32
2021-06-04,Slovenia,Argentina,3,0,25,25,25,-,-,19,22,18,-,-,14,11,2,1,-,11,2,11,24,2,5,7,14,1,4,20,25,1,0,12,13,14,3,19,11,1,13,25
2021-06-04,Germany,Netherlands,2,3,18,25,20,25,13,25,23,25,23,15,12,10,0,2,-,10,2,8,20,0,3,1,4,2,4,12,18,11,1,9,21,2,5,8,3,0,15,18
2021-06-04,Germany,Netherlands,2,3,18,25,20,25,13,25,23,25,23,15,16,12,4,0,-,12,1,11,24,4,5,10,19,0,7,18,25,6,2,9,17,8,2,11,1,0,23,24
2021-06-04,Germany,Netherlands,2,3,18,25,20,25,13,25,23,25,23,15,12,10,1,1,-,10,4,7,21,1,5,1,7,1,3,16,20,8,4,7,19,6,3,11,2,0,19,21
2021-06-04,Germany,Netherlands,2,3,18,25,20,25,13,25,23,25,23,15,16,14,1,1,-,14,4,8,26,1,7,2,10,1,2,22,25,10,2,7,19,10,4,17,2,1,25,28
2021-06-04,Germany,Netherlands,2,3,18,25,20,25,13,25,23,25,23,15,10,9,0,1,-,9,3,6,18,0,2,3,5,1,3,10,14,3,0,9,12,8,2,10,3,1,15,19
2021-06-04,Netherlands,Germany,3,2,25,23,25,23,15,18,25,20,25,13,20,18,1,1,-,18,2,4,24,1,6,4,11,1,4,20,25,8,2,4,14,11,2,13,11,0,14,25
2021-06-04,Netherlands,Germany,3,2,25,23,25,23,15,18,25,20,25,13,15,12,1,2,-,12,6,13,31,1,5,5,11,2,6,15,23,8,0,10,18,16,2,18,6,0,25,31
2021-06-04,Netherlands,Germany,3,2,25,23,25,23,15,18,25,20,25,13,19,14,1,4,-,14,2,7,23,1,5,3,9,4,6,15,25,8,1,8,17,8,1,10,4,1,19,24
2021-06-04,Netherlands,Germany,3,2,25,23,25,23,15,18,25,20,25,13,18,14,2,2,-,14,5,11,30,2,6,2,10,2,4,17,23,8,1,14,23,9,5,14,5,0,25,30
2021-06-04,Netherlands,Germany,3,2,25,23,25,23,15,18,25,20,25,13,10,8,2,0,-,8,1,7,16,2,5,4,11,0,2,12,14,3,1,7,11,6,1,7,2,0,14,16
2021-06-04,Brazil,Japan,3,0,25,25,25,-,-,20,16,20,-,-,22,19,1,2,-,19,5,6,30,1,4,10,15,2,2,20,24,7,0,11,18,13,5,18,11,0,17,28
2021-06-04,Brazil,Japan,3,0,25,25,25,-,-,20,16,20,-,-,19,14,1,4,-,14,3,4,21,1,1,5,7,4,3,18,25,3,0,10,13,8,1,10,8,0,13,21
2021-06-04,Brazil,Japan,3,0,25,25,25,-,-,20,16,20,-,-,17,15,1,1,-,15,4,13,32,1,8,5,14,1,4,19,24,3,2,11,16,19,2,24,12,0,20,32
2021-06-04,Japan,Brazil,0,3,20,16,20,-,-,25,25,25,-,-,13,13,0,0,-,13,1,12,26,0,5,2,7,0,3,18,21,6,2,14,22,8,4,14,8,0,18,26
2021-06-04,Japan,Brazil,0,3,20,16,20,-,-,25,25,25,-,-,11,9,2,0,-,9,4,9,22,2,5,2,9,0,3,13,16,5,4,13,22,6,2,9,8,0,14,22
2021-06-04,Japan,Brazil,0,3,20,16,20,-,-,25,25,25,-,-,15,9,4,2,-,9,4,13,26,4,1,8,13,2,5,14,21,3,1,16,20,8,6,15,8,0,16,24
2021-06-04,France,Serbia,2,3,25,26,22,23,9,22,24,25,25,15,13,9,3,1,-,9,0,10,19,3,6,1,10,1,6,17,24,7,0,7,14,6,4,14,2,1,17,20
2021-06-04,France,Serbia,2,3,25,26,22,23,9,22,24,25,25,15,16,11,1,4,-,11,5,2,18,1,5,3,9,4,4,18,26,9,1,7,17,1,5,7,5,0,13,18
2021-06-04,France,Serbia,2,3,25,26,22,23,9,22,24,25,25,15,19,16,0,3,-,16,7,10,33,0,6,2,8,3,4,15,22,9,1,13,23,10,5,16,5,0,27,32
2021-06-04,France,Serbia,2,3,25,26,22,23,9,22,24,25,25,15,18,17,1,0,-,17,3,11,31,1,9,1,11,0,6,18,24,7,1,13,21,11,3,17,7,0,24,31
2021-06-04,France,Serbia,2,3,25,26,22,23,9,22,24,25,25,15,6,5,0,1,-,5,5,6,16,0,2,2,4,1,1,8,10,3,0,10,13,4,3,7,0,0,17,17
2021-06-04,Serbia,France,3,2,22,24,25,25,15,25,26,22,23,9,14,14,0,0,-,14,5,7,26,0,6,8,14,0,9,14,23,8,1,9,18,9,0,9,7,0,20,27
2021-06-04,Serbia,France,3,2,22,24,25,25,15,25,26,22,23,9,16,13,2,1,-,13,3,4,20,2,6,1,9,1,7,16,24,9,4,9,22,6,3,9,6,1,15,22
2021-06-04,Serbia,France,3,2,22,24,25,25,15,25,26,22,23,9,18,13,4,1,-,13,1,6,20,4,11,7,22,1,2,22,25,6,3,9,18,7,1,8,5,0,15,20
2021-06-04,Serbia,France,3,2,22,24,25,25,15,25,26,22,23,9,15,13,1,1,-,13,3,7,23,1,4,7,12,1,3,20,24,9,0,9,18,4,4,9,5,0,17,22
2021-06-04,Serbia,France,3,2,22,24,25,25,15,25,26,22,23,9,13,9,4,0,-,9,2,5,16,4,4,2,10,0,1,13,14,5,1,3,9,7,1,8,2,0,13,15
2021-06-04,Iran,Italy,3,1,26,29,21,25,-,24,27,25,22,-,16,11,3,2,-,11,2,15,28,3,6,3,12,2,4,20,26,7,3,7,17,8,5,13,5,0,23,28
2021-06-04,Iran,Italy,3,1,26,29,21,25,-,24,27,25,22,-,21,14,5,2,-,14,4,20,38,5,5,1,11,2,6,20,28,5,1,17,23,14,7,21,6,0,33,39
2021-06-04,Iran,Italy,3,1,26,29,21,25,-,24,27,25,22,-,13,11,1,1,-,11,2,19,32,1,10,3,14,1,0,21,22,5,2,14,21,7,7,14,3,0,27,30
2021-06-04,Iran,Italy,3,1,26,29,21,25,-,24,27,25,22,-,17,14,1,2,-,14,3,11,28,1,3,1,5,2,3,19,24,7,2,9,18,5,6,12,6,1,22,29
2021-06-04,Italy,Iran,1,3,24,27,25,22,-,26,29,21,25,-,18,15,0,3,-,15,5,16,36,0,2,3,5,3,7,14,24,5,2,15,22,10,8,19,4,0,29,33
2021-06-04,Italy,Iran,1,3,24,27,25,22,-,26,29,21,25,-,18,15,2,1,-,15,7,16,38,2,7,0,9,1,5,22,28,9,2,11,22,14,4,19,7,0,28,35
2021-06-04,Italy,Iran,1,3,24,27,25,22,-,26,29,21,25,-,23,21,0,2,-,21,5,12,38,0,7,3,10,2,3,19,24,13,1,8,22,14,3,18,8,2,28,38
2021-06-04,Italy,Iran,1,3,24,27,25,22,-,26,29,21,25,-,16,13,1,2,-,13,2,10,25,1,2,1,4,2,5,16,23,11,2,8,21,6,9,15,8,1,17,26
2021-06-04,Poland,United States,3,0,25,28,25,-,-,17,26,17,-,-,16,12,2,2,-,12,2,9,23,2,2,4,8,2,3,20,25,4,1,6,11,14,3,19,9,1,14,24
2021-06-04,Poland,United States,3,0,25,28,25,-,-,17,26,17,-,-,16,13,3,0,-,13,8,8,29,3,5,6,14,0,6,21,27,6,1,11,18,14,1,17,14,0,15,29
2021-06-04,Poland,United States,3,0,25,28,25,-,-,17,26,17,-,-,20,15,5,0,-,15,2,5,22,5,2,3,10,0,3,22,25,5,0,9,14,8,4,15,8,0,14,22
2021-06-04,United States,Poland,0,3,17,26,17,-,-,25,28,25,-,-,12,10,1,1,-,10,4,15,29,1,1,4,6,1,6,10,17,9,2,11,22,10,4,15,12,1,16,29
2021-06-04,United States,Poland,0,3,17,26,17,-,-,25,28,25,-,-,17,10,6,1,-,10,6,16,32,6,1,2,9,1,9,17,27,9,0,12,21,13,9,23,11,0,19,30
2021-06-04,United States,Poland,0,3,17,26,17,-,-,25,28,25,-,-,13,12,1,0,-,12,6,9,27,1,2,2,5,0,3,14,17,7,0,15,22,5,9,15,10,0,16,26
2021-06-04,Australia,Russia,0,3,19,24,21,-,-,25,26,25,-,-,9,6,3,0,-,6,2,13,21,3,9,0,12,0,2,17,19,10,1,6,17,3,4,7,4,0,17,21
2021-06-04,Australia,Russia,0,3,19,24,21,-,-,25,26,25,-,-,14,13,0,1,-,13,4,15,32,0,2,2,4,1,4,20,25,7,2,11,20,9,4,13,5,0,24,29
2021-06-04,Australia,Russia,0,3,19,24,21,-,-,25,26,25,-,-,12,10,1,1,-,10,9,12,31,1,3,4,8,1,2,18,21,9,1,10,20,8,1,10,4,1,26,31
2021-06-04,Russia,Australia,3,0,25,26,25,-,-,19,24,21,-,-,21,19,1,1,-,19,4,7,30,1,3,4,8,1,8,16,25,10,0,7,17,5,2,7,7,0,22,29
2021-06-04,Russia,Australia,3,0,25,26,25,-,-,19,24,21,-,-,20,16,2,2,-,16,4,10,30,2,5,2,9,2,5,18,25,12,1,8,21,8,4,12,8,0,22,30
2021-06-04,Russia,Australia,3,0,25,26,25,-,-,19,24,21,-,-,16,11,4,1,-,11,4,15,30,4,4,3,11,1,5,19,25,12,1,6,19,4,4,8,3,0,25,28
2021-06-04,Bulgaria,Canada,0,3,26,23,16,-,-,28,25,25,-,-,17,14,1,2,-,14,5,11,30,1,5,3,9,2,3,21,26,11,1,11,23,11,9,20,6,0,24,30
2021-06-04,Bulgaria,Canada,0,3,26,23,16,-,-,28,25,25,-,-,19,16,2,1,-,16,5,10,31,2,5,2,9,1,5,18,24,3,1,17,21,11,4,16,3,0,28,31
2021-06-04,Bulgaria,Canada,0,3,26,23,16,-,-,28,25,25,-,-,11,9,1,1,-,9,5,8,22,1,3,3,7,1,7,8,16,5,5,12,22,6,1,8,6,0,16,22
2021-06-04,Canada,Bulgaria,3,0,28,25,25,-,-,26,23,16,-,-,23,19,3,1,-,19,4,9,32,3,5,3,11,1,5,22,28,8,2,13,23,8,6,17,7,0,24,31
2021-06-04,Canada,Bulgaria,3,0,28,25,25,-,-,26,23,16,-,-,20,14,5,1,-,14,3,9,26,5,8,1,14,1,3,20,24,4,1,14,19,7,3,12,4,0,22,26
2021-06-04,Canada,Bulgaria,3,0,28,25,25,-,-,26,23,16,-,-,15,8,2,5,-,8,3,8,19,2,6,2,10,5,3,17,25,1,1,7,9,10,1,12,6,0,11,17
2021-06-05,Argentina,Netherlands,3,0,25,25,25,-,-,19,20,23,-,-,20,14,4,2,-,14,2,4,20,4,3,2,9,2,3,20,25,4,3,10,17,4,6,10,6,0,15,21
2021-06-05,Argentina,Netherlands,3,0,25,25,25,-,-,19,20,23,-,-,19,16,3,0,-,16,3,10,29,3,3,2,8,0,3,21,24,8,2,7,17,9,5,14,10,0,17,27
2021-06-05,Argentina,Netherlands,3,0,25,25,25,-,-,19,20,23,-,-,16,13,3,0,-,13,4,15,32,3,6,3,12,0,3,22,25,5,1,12,18,8,4,13,9,0,24,33
2021-06-05,Netherlands,Argentina,0,3,19,20,23,-,-,25,25,25,-,-,15,10,2,3,-,10,6,9,25,2,4,1,7,3,2,14,19,10,2,10,22,3,6,9,4,0,21,25
2021-06-05,Netherlands,Argentina,0,3,19,20,23,-,-,25,25,25,-,-,16,11,3,2,-,11,4,17,32,3,4,2,9,2,4,15,21,9,0,12,21,4,5,9,8,0,23,31
2021-06-05,Netherlands,Argentina,0,3,19,20,23,-,-,25,25,25,-,-,17,14,2,1,-,14,7,17,38,2,1,3,6,1,5,17,23,10,0,12,22,10,5,16,3,0,34,37
2021-06-05,Germany,Slovenia,3,1,19,25,25,25,-,25,20,21,20,-,11,10,1,0,-,10,5,11,26,1,6,6,13,0,5,14,19,3,1,14,18,10,5,15,4,1,22,27
2021-06-05,Germany,Slovenia,3,1,19,25,25,25,-,25,20,21,20,-,15,11,2,2,-,11,0,16,27,2,7,4,13,2,5,18,25,5,3,7,15,17,3,23,7,0,20,27
2021-06-05,Germany,Slovenia,3,1,19,25,25,25,-,25,20,21,20,-,19,14,2,3,-,14,1,11,26,2,4,3,9,3,5,16,24,7,0,11,18,10,6,19,8,1,20,29
2021-06-05,Germany,Slovenia,3,1,19,25,25,25,-,25,20,21,20,-,18,13,3,2,-,13,4,16,33,3,2,6,11,2,7,16,25,4,1,11,16,18,4,22,6,0,26,32
2021-06-05,Slovenia,Germany,1,3,25,20,21,20,-,19,25,25,25,-,18,13,4,1,-,13,2,10,25,4,2,5,11,1,7,17,25,7,0,7,14,12,7,20,8,0,17,25
2021-06-05,Slovenia,Germany,1,3,25,20,21,20,-,19,25,25,25,-,15,12,0,3,-,12,4,16,32,0,7,6,13,3,5,12,20,5,2,13,20,18,0,19,10,1,24,35
2021-06-05,Slovenia,Germany,1,3,25,20,21,20,-,19,25,25,25,-,15,14,1,0,-,14,4,10,28,1,4,8,13,0,4,18,22,7,3,9,19,11,2,14,13,0,13,26
2021-06-05,Slovenia,Germany,1,3,25,20,21,20,-,19,25,25,25,-,9,8,0,1,-,8,6,13,27,0,6,8,14,1,4,15,20,6,2,10,18,14,5,19,8,0,20,28
2021-06-05,France,Japan,3,2,21,25,24,25,15,25,22,26,21,11,16,13,1,2,-,13,5,8,26,1,6,0,7,2,5,15,22,8,1,13,22,5,3,8,8,0,18,26
2021-06-05,France,Japan,3,2,21,25,24,25,15,25,22,26,21,11,19,18,1,0,-,18,3,8,29,1,3,1,5,0,5,19,24,9,1,10,20,4,5,11,6,0,23,29
2021-06-05,France,Japan,3,2,21,25,24,25,15,25,22,26,21,11,17,13,4,0,-,13,3,12,28,4,8,2,14,0,5,20,25,7,3,9,19,7,0,7,6,0,20,26
2021-06-05,France,Japan,3,2,21,25,24,25,15,25,22,26,21,11,16,13,2,1,-,13,3,9,25,2,4,0,6,1,2,21,24,6,0,10,16,4,7,11,3,0,19,22
2021-06-05,France,Japan,3,2,21,25,24,25,15,25,22,26,21,11,12,8,1,3,-,8,2,4,14,1,2,0,3,3,2,9,14,2,0,8,10,4,3,7,2,0,10,12
2021-06-05,Japan,France,2,3,25,22,26,21,11,21,25,24,25,15,18,14,3,1,-,14,3,7,24,3,6,2,11,1,2,21,24,9,2,6,17,6,4,11,11,0,14,25
2021-06-05,Japan,France,2,3,25,22,26,21,11,21,25,24,25,15,15,13,1,1,-,13,4,10,27,1,4,2,7,1,3,19,23,8,0,11,19,4,9,14,6,0,20,26
2021-06-05,Japan,France,2,3,25,22,26,21,11,21,25,24,25,15,20,14,3,3,-,14,4,15,33,3,2,4,9,3,6,16,25,9,0,11,20,6,5,11,6,1,28,35
2021-06-05,Japan,France,2,3,25,22,26,21,11,21,25,24,25,15,15,15,0,0,-,15,5,5,25,0,5,2,7,0,6,16,22,12,1,9,22,1,2,4,4,0,22,26
2021-06-05,Japan,France,2,3,25,22,26,21,11,21,25,24,25,15,7,7,0,0,-,7,2,4,13,0,3,0,3,0,2,10,12,5,3,4,12,3,3,6,2,0,11,13
2021-06-05,Brazil,Serbia,3,1,23,25,25,25,-,25,23,15,22,-,17,14,3,0,-,14,4,10,28,3,6,4,13,0,6,17,23,11,0,11,22,7,1,10,11,1,16,28
2021-06-05,Brazil,Serbia,3,1,23,25,25,25,-,25,23,15,22,-,21,17,4,0,-,17,1,10,28,4,8,4,16,0,5,20,25,10,1,10,21,9,3,13,11,0,17,28
2021-06-05,Brazil,Serbia,3,1,23,25,25,25,-,25,23,15,22,-,18,13,3,2,-,13,2,5,20,3,4,3,10,2,3,19,24,3,2,7,12,10,2,14,8,0,11,19
2021-06-05,Brazil,Serbia,3,1,23,25,25,25,-,25,23,15,22,-,19,14,4,1,-,14,4,3,21,4,8,3,15,1,5,19,25,5,1,13,19,4,2,7,9,0,11,20
2021-06-05,Serbia,Brazil,1,3,25,23,15,22,-,23,25,25,25,-,15,14,1,0,-,14,6,6,26,1,5,6,12,0,3,22,25,7,0,10,17,9,4,16,15,0,11,26
2021-06-05,Serbia,Brazil,1,3,25,23,15,22,-,23,25,25,25,-,18,16,1,1,-,16,6,9,31,1,7,3,11,1,2,20,23,6,0,14,20,13,4,18,9,0,22,31
2021-06-05,Serbia,Brazil,1,3,25,23,15,22,-,23,25,25,25,-,11,8,1,2,-,8,6,13,27,1,4,1,6,2,4,10,16,5,2,14,21,8,4,13,6,0,21,27
2021-06-05,Serbia,Brazil,1,3,25,23,15,22,-,23,25,25,25,-,15,11,3,1,-,11,7,6,24,3,5,2,10,1,3,18,22,10,1,9,20,5,4,9,8,0,17,25
2021-06-05,Poland,Russia,3,1,21,25,25,25,-,25,19,19,14,-,15,10,2,3,-,10,3,6,19,2,8,3,13,3,5,14,22,6,2,10,18,5,1,7,10,0,9,19
2021-06-05,Poland,Russia,3,1,21,25,25,25,-,25,19,19,14,-,16,9,3,4,-,9,2,6,17,3,4,1,8,4,5,15,24,2,2,11,15,4,3,7,7,0,10,17
2021-06-05,Poland,Russia,3,1,21,25,25,25,-,25,19,19,14,-,21,14,5,2,-,14,3,11,28,5,6,7,18,2,2,21,25,2,2,13,17,14,3,18,5,0,22,27
2021-06-05,Poland,Russia,3,1,21,25,25,25,-,25,19,19,14,-,14,9,2,3,-,9,1,9,19,2,5,6,13,3,5,16,24,2,0,6,8,11,1,15,6,0,13,19
2021-06-05,Russia,Poland,1,3,25,19,19,14,-,21,25,25,25,-,18,15,1,2,-,15,2,5,22,1,3,5,9,2,6,16,24,5,3,9,17,10,3,13,7,0,15,22
2021-06-05,Russia,Poland,1,3,25,19,19,14,-,21,25,25,25,-,14,10,2,2,-,10,6,2,18,2,5,2,9,2,5,13,20,5,4,10,19,3,2,7,7,0,11,18
2021-06-05,Russia,Poland,1,3,25,19,19,14,-,21,25,25,25,-,15,12,1,2,-,12,6,12,30,1,7,6,14,2,2,15,19,5,2,16,23,11,3,15,5,1,23,29
2021-06-05,Russia,Poland,1,3,25,19,19,14,-,21,25,25,25,-,8,8,0,0,-,8,5,11,24,0,4,5,9,0,7,8,15,3,3,13,19,10,0,12,5,1,19,25
2021-06-05,Australia,United States,0,3,23,20,17,-,-,25,25,25,-,-,17,16,1,0,-,16,6,17,39,1,4,4,9,0,2,22,24,5,0,15,20,17,4,24,6,1,31,38
2021-06-05,Australia,United States,0,3,23,20,17,-,-,25,25,25,-,-,12,11,1,0,-,11,6,5,22,1,7,1,9,0,4,16,20,5,1,15,21,1,4,8,6,0,17,23
2021-06-05,Australia,United States,0,3,23,20,17,-,-,25,25,25,-,-,10,9,0,1,-,9,6,9,24,0,3,5,8,1,3,14,18,3,5,10,18,10,3,15,2,0,21,23
2021-06-05,United States,Australia,3,0,25,25,25,-,-,23,20,17,-,-,21,16,5,0,-,16,3,14,33,5,5,7,17,0,4,20,24,8,0,14,22,13,5,22,9,0,25,34
2021-06-05,United States,Australia,3,0,25,25,25,-,-,23,20,17,-,-,14,11,2,1,-,11,5,5,21,2,4,2,8,1,4,20,25,4,0,12,16,8,2,11,8,0,14,22
2021-06-05,United States,Australia,3,0,25,25,25,-,-,23,20,17,-,-,18,11,2,5,-,11,0,9,20,2,3,6,11,5,6,13,24,5,1,9,15,8,3,12,6,0,14,20
2021-06-05,Bulgaria,Iran,0,3,20,31,22,-,-,25,33,25,-,-,12,9,1,2,-,9,8,14,31,1,6,3,10,2,4,14,20,2,2,18,22,12,3,15,7,0,23,30
2021-06-05,Bulgaria,Iran,0,3,20,31,22,-,-,25,33,25,-,-,24,21,2,1,-,21,9,16,46,2,9,10,21,1,7,24,32,6,1,22,29,17,2,20,15,0,30,45
2021-06-05,Bulgaria,Iran,0,3,20,31,22,-,-,25,33,25,-,-,13,10,2,1,-,10,1,10,21,2,8,2,12,1,8,13,22,0,2,15,17,6,1,8,4,0,14,18
2021-06-05,Iran,Bulgaria,3,0,25,33,25,-,-,20,31,22,-,-,19,11,6,2,-,11,3,5,19,6,7,7,20,2,3,20,25,1,2,13,16,5,2,10,2,0,17,19
2021-06-05,Iran,Bulgaria,3,0,25,33,25,-,-,20,31,22,-,-,20,16,3,1,-,16,5,17,38,3,10,11,24,1,3,28,32,7,1,17,25,15,5,22,10,0,28,38
2021-06-05,Iran,Bulgaria,3,0,25,33,25,-,-,20,31,22,-,-,16,14,0,2,-,14,3,4,21,0,4,4,8,2,8,15,25,2,1,11,14,9,1,12,3,0,17,20
2021-06-05,Canada,Italy,2,3,19,21,25,28,11,25,25,21,26,15,14,10,3,1,-,10,9,12,31,3,7,7,17,1,2,17,20,7,2,12,21,10,2,13,5,0,24,29
2021-06-05,Canada,Italy,2,3,19,21,25,28,11,25,25,21,26,15,15,10,1,4,-,10,8,13,31,1,8,2,11,4,2,15,21,9,1,12,22,10,5,16,8,0,22,30
2021-06-05,Canada,Italy,2,3,19,21,25,28,11,25,25,21,26,15,19,16,2,1,-,16,7,11,34,2,4,1,7,1,4,20,25,9,0,11,20,15,3,19,6,0,28,34
2021-06-05,Canada,Italy,2,3,19,21,25,28,11,25,25,21,26,15,20,18,0,2,-,18,5,8,31,0,7,4,11,2,6,19,27,6,2,11,19,13,4,18,5,0,25,30
2021-06-05,Canada,Italy,2,3,19,21,25,28,11,25,25,21,26,15,9,7,2,0,-,7,5,7,19,2,2,1,5,0,5,7,12,4,0,9,13,7,0,7,3,0,15,18
2021-06-05,Italy,Canada,3,2,25,25,21,26,15,19,21,25,28,11,18,10,6,2,-,10,3,14,27,6,3,9,18,2,3,19,24,5,1,12,18,11,2,13,4,0,25,29
2021-06-05,Italy,Canada,3,2,25,25,21,26,15,19,21,25,28,11,20,13,6,1,-,13,2,5,20,6,3,5,14,1,3,21,25,7,4,8,19,8,3,13,0,1,20,21
2021-06-05,Italy,Canada,3,2,25,25,21,26,15,19,21,25,28,11,12,10,2,0,-,10,7,9,26,2,4,4,10,0,1,20,21,6,1,14,21,6,6,15,4,0,20,24
2021-06-05,Italy,Canada,3,2,25,25,21,26,15,19,21,25,28,11,16,12,2,2,-,12,0,11,23,2,6,4,12,2,8,17,27,3,2,16,21,6,8,16,3,0,21,24
2021-06-05,Italy,Canada,3,2,25,25,21,26,15,19,21,25,28,11,7,5,2,0,-,5,3,5,13,2,5,2,9,0,1,13,14,2,0,5,7,5,2,9,0,0,12,12
2021-06-09,Germany,Serbia,1,3,25,22,18,15,-,19,25,25,25,-,18,14,1,3,-,14,4,10,28,1,2,7,10,3,5,16,24,3,2,11,16,14,2,18,8,0,21,29
2021-06-09,Germany,Serbia,1,3,25,22,18,15,-,19,25,25,25,-,15,10,3,2,-,10,6,10,26,3,2,7,12,2,6,15,23,4,1,13,18,11,2,18,10,0,17,27
2021-06-09,Germany,Serbia,1,3,25,22,18,15,-,19,25,25,25,-,11,10,1,0,-,10,3,4,17,1,5,3,9,0,6,12,18,3,2,13,18,2,5,8,7,1,10,18
2021-06-09,Germany,Serbia,1,3,25,22,18,15,-,19,25,25,25,-,8,7,0,1,-,7,6,9,22,0,7,4,11,1,4,11,16,7,2,9,18,8,2,12,8,1,15,24
2021-06-09,Serbia,Germany,3,1,19,25,25,25,-,25,22,18,15,-,10,8,0,2,-,8,3,13,24,0,7,8,15,2,4,14,20,4,3,12,19,8,3,14,9,1,12,22
2021-06-09,Serbia,Germany,3,1,19,25,25,25,-,25,22,18,15,-,17,12,4,1,-,12,4,13,29,4,4,8,16,1,6,17,24,1,2,14,17,13,3,18,6,0,23,29
2021-06-09,Serbia,Germany,3,1,19,25,25,25,-,25,22,18,15,-,17,13,2,2,-,13,1,4,18,2,3,3,8,2,7,16,25,4,0,8,12,6,2,8,9,0,9,18
2021-06-09,Serbia,Germany,3,1,19,25,25,25,-,25,22,18,15,-,17,12,3,2,-,12,1,7,20,3,2,4,9,2,6,16,24,3,1,8,12,9,3,15,6,0,13,19
2021-06-09,Australia,Japan,1,3,18,25,26,24,-,25,21,28,26,-,13,12,1,0,-,12,3,9,24,1,2,3,6,0,3,16,19,8,2,10,20,7,10,17,8,0,15,23
2021-06-09,Australia,Japan,1,3,18,25,26,24,-,25,21,28,26,-,21,19,2,0,-,19,4,12,35,2,5,7,14,0,4,20,24,5,1,16,22,12,5,18,4,0,31,35
2021-06-09,Australia,Japan,1,3,18,25,26,24,-,25,21,28,26,-,18,13,4,1,-,13,5,11,29,4,8,7,19,1,4,22,27,4,1,17,22,11,5,16,5,1,24,30
2021-06-09,Australia,Japan,1,3,18,25,26,24,-,25,21,28,26,-,16,15,1,0,-,15,3,20,38,1,3,7,11,0,4,20,24,5,1,16,22,15,4,24,9,0,27,36
2021-06-09,Japan,Australia,3,1,25,21,28,26,-,18,25,26,24,-,20,17,1,2,-,17,2,8,27,1,2,3,6,2,4,18,24,8,0,8,16,11,2,14,10,0,17,27
2021-06-09,Japan,Australia,3,1,25,21,28,26,-,18,25,26,24,-,15,12,2,1,-,12,6,11,29,2,9,6,17,1,0,21,22,8,0,12,20,12,4,17,12,0,18,30
2021-06-09,Japan,Australia,3,1,25,21,28,26,-,18,25,26,24,-,22,17,4,1,-,17,7,10,34,4,6,3,13,1,5,21,27,12,1,10,23,13,3,18,10,0,23,33
2021-06-09,Japan,Australia,3,1,25,21,28,26,-,18,25,26,24,-,20,18,1,1,-,18,4,14,36,1,5,10,16,1,4,21,26,10,0,10,20,17,6,26,11,0,24,35
2021-06-09,France,Russia,3,1,22,25,30,25,-,25,18,28,19,-,14,13,0,1,-,13,3,15,31,0,5,6,11,1,6,16,23,8,1,10,19,12,3,18,13,0,17,30
2021-06-09,France,Russia,3,1,22,25,30,25,-,25,18,28,19,-,21,16,3,2,-,16,1,8,25,3,4,8,15,2,5,17,24,2,0,14,16,10,4,14,5,0,21,26
2021-06-09,France,Russia,3,1,22,25,30,25,-,25,18,28,19,-,22,17,3,2,-,17,7,7,31,3,7,7,17,2,4,24,30,7,2,13,22,12,1,16,11,0,19,30
2021-06-09,France,Russia,3,1,22,25,30,25,-,25,18,28,19,-,15,10,3,2,-,10,3,7,20,3,3,5,11,2,3,19,24,2,0,9,11,10,4,15,4,0,14,18
2021-06-09,Russia,France,1,3,25,18,28,19,-,22,25,30,25,-,17,15,1,1,-,15,3,12,30,1,6,9,16,1,5,18,24,5,1,11,17,14,1,17,9,0,19,28
2021-06-09,Russia,France,1,3,25,18,28,19,-,22,25,30,25,-,11,11,0,0,-,11,4,9,24,0,10,4,14,0,3,16,19,5,2,12,19,6,2,8,8,0,15,23
2021-06-09,Russia,France,1,3,25,18,28,19,-,22,25,30,25,-,20,15,3,2,-,15,4,10,29,3,12,4,19,2,6,20,28,4,2,20,26,6,1,8,6,0,21,27
2021-06-09,Russia,France,1,3,25,18,28,19,-,22,25,30,25,-,14,13,1,0,-,13,4,10,27,1,4,5,10,0,9,11,20,6,2,13,21,6,3,10,10,0,16,26
2021-06-09,Canada,Slovenia,0,3,22,19,22,-,-,25,25,25,-,-,16,15,1,0,-,15,3,12,30,1,4,3,8,0,8,14,22,11,1,10,22,5,5,12,3,0,29,32
2021-06-09,Canada,Slovenia,0,3,22,19,22,-,-,25,25,25,-,-,15,12,1,2,-,12,1,4,17,1,5,2,8,2,3,15,20,2,4,14,20,3,4,7,5,1,12,18
2021-06-09,Canada,Slovenia,0,3,22,19,22,-,-,25,25,25,-,-,10,7,3,0,-,7,3,10,20,3,5,4,12,0,3,19,22,1,0,16,17,7,5,14,1,2,20,23
2021-06-09,Slovenia,Canada,3,0,25,25,25,-,-,22,19,22,-,-,13,12,0,1,-,12,3,6,21,0,4,4,8,1,3,21,25,8,0,6,14,9,4,15,6,0,15,21
2021-06-09,Slovenia,Canada,3,0,25,25,25,-,-,22,19,22,-,-,20,15,1,4,-,15,1,3,19,1,3,2,6,4,4,16,24,6,2,9,17,5,3,8,6,0,13,19
2021-06-09,Slovenia,Canada,3,0,25,25,25,-,-,22,19,22,-,-,19,17,2,0,-,17,6,9,32,2,2,4,8,0,8,17,25,5,0,14,19,12,4,16,2,0,31,33
2021-06-09,Argentina,Italy,0,3,28,21,20,-,-,30,25,25,-,-,20,13,7,0,-,13,9,19,41,7,4,4,15,0,6,22,28,8,3,14,25,9,5,15,13,0,27,40
2021-06-09,Argentina,Italy,0,3,28,21,20,-,-,30,25,25,-,-,15,13,1,1,-,13,8,19,40,1,3,3,7,1,3,18,22,6,1,13,20,8,6,14,6,0,32,38
2021-06-09,Argentina,Italy,0,3,28,21,20,-,-,30,25,25,-,-,13,12,1,0,-,12,5,7,24,1,1,3,5,0,5,15,20,4,2,13,19,4,4,8,4,0,19,23
2021-06-09,Italy,Argentina,3,0,30,25,25,-,-,28,21,20,-,-,22,12,7,3,-,12,8,14,34,7,6,5,18,3,5,22,30,5,0,17,22,7,6,15,1,0,32,33
2021-06-09,Italy,Argentina,3,0,30,25,25,-,-,28,21,20,-,-,20,13,6,1,-,13,2,19,34,6,3,3,12,1,4,19,24,10,1,8,19,11,7,20,8,0,26,34
2021-06-09,Italy,Argentina,3,0,30,25,25,-,-,28,21,20,-,-,18,13,3,2,-,13,1,9,23,3,4,0,7,2,6,17,25,8,0,7,15,6,3,10,5,0,17,22
2021-06-09,Iran,United States,3,0,25,25,25,-,-,19,23,23,-,-,21,16,3,2,-,16,2,18,36,3,3,7,13,2,5,17,24,5,0,14,19,16,0,18,1,2,33,36
2021-06-09,Iran,United States,3,0,25,25,25,-,-,19,23,23,-,-,20,17,2,1,-,17,6,8,31,2,1,6,9,1,3,21,25,7,0,13,20,12,5,21,6,0,25,31
2021-06-09,Iran,United States,3,0,25,25,25,-,-,19,23,23,-,-,15,11,2,2,-,11,5,8,24,2,6,3,11,2,2,20,24,8,1,9,18,8,3,14,5,1,19,25
2021-06-09,United States,Iran,0,3,19,23,23,-,-,25,25,25,-,-,11,10,1,0,-,10,6,13,29,1,8,8,17,0,1,19,20,7,2,10,19,17,3,22,7,0,25,32
2021-06-09,United States,Iran,0,3,19,23,23,-,-,25,25,25,-,-,16,14,2,0,-,14,3,15,32,2,5,2,9,0,3,20,23,9,1,12,22,10,4,18,7,1,25,33
2021-06-09,United States,Iran,0,3,19,23,23,-,-,25,25,25,-,-,17,13,3,1,-,13,6,8,27,3,4,4,11,1,6,17,24,6,2,14,22,7,1,8,6,0,22,28
2021-06-09,Bulgaria,Poland,0,3,19,15,12,-,-,25,25,25,-,-,13,11,2,0,-,11,5,10,26,2,2,1,5,0,6,13,19,8,3,9,20,3,1,4,4,0,22,26
2021-06-09,Bulgaria,Poland,0,3,19,15,12,-,-,25,25,25,-,-,11,11,0,0,-,11,5,8,24,0,0,0,0,0,5,11,16,8,2,10,20,3,6,9,3,0,22,25
2021-06-09,Bulgaria,Poland,0,3,19,15,12,-,-,25,25,25,-,-,6,5,0,1,-,5,4,6,15,0,6,0,6,1,2,9,12,7,3,9,19,2,5,8,4,0,11,15
2021-06-09,Poland,Bulgaria,3,0,25,25,25,-,-,19,15,12,-,-,16,11,2,3,-,11,3,8,22,2,4,2,8,3,5,17,25,5,0,8,13,5,3,8,6,0,16,22
2021-06-09,Poland,Bulgaria,3,0,25,25,25,-,-,19,15,12,-,-,18,13,3,2,-,13,0,6,19,3,5,1,9,2,4,18,24,7,0,4,11,6,4,10,8,0,11,19
2021-06-09,Poland,Bulgaria,3,0,25,25,25,-,-,19,15,12,-,-,21,15,3,3,-,15,0,10,25,3,3,2,8,3,6,16,25,2,1,7,10,10,1,11,4,0,22,26
2021-06-09,Brazil,Netherlands,3,0,25,25,27,-,-,19,22,25,-,-,13,10,2,1,-,10,4,7,21,2,6,7,15,1,0,24,25,3,0,9,12,8,1,11,6,0,17,23
2021-06-09,Brazil,Netherlands,3,0,25,25,27,-,-,19,22,25,-,-,20,18,2,0,-,18,4,5,27,2,4,7,13,0,2,22,24,8,1,9,18,9,2,12,7,0,18,25
2021-06-09,Brazil,Netherlands,3,0,25,25,27,-,-,19,22,25,-,-,23,16,5,2,-,16,6,12,34,5,5,2,12,2,3,22,27,8,3,12,23,14,0,14,8,1,25,34
2021-06-09,Netherlands,Brazil,0,3,19,22,25,-,-,25,25,27,-,-,17,15,2,0,-,15,5,9,29,2,4,3,9,0,7,12,19,8,1,16,25,7,2,10,8,0,20,28
2021-06-09,Netherlands,Brazil,0,3,19,22,25,-,-,25,25,27,-,-,20,15,4,1,-,15,2,12,29,4,8,3,15,1,5,17,23,7,0,15,22,8,5,14,7,0,20,27
2021-06-09,Netherlands,Brazil,0,3,19,22,25,-,-,25,25,27,-,-,15,11,1,3,-,11,7,10,28,1,5,4,10,3,2,20,25,10,2,12,24,11,4,16,4,0,25,29
2021-06-10,Iran,Serbia,2,3,25,15,28,22,8,21,25,26,25,15,15,8,5,2,-,8,4,10,22,5,6,5,16,2,3,20,25,5,2,9,16,8,4,13,5,0,16,21
2021-06-10,Iran,Serbia,2,3,25,15,28,22,8,21,25,26,25,15,11,9,1,1,-,9,5,7,21,1,4,3,8,1,1,13,15,7,2,12,21,4,1,5,5,1,15,21
2021-06-10,Iran,Serbia,2,3,25,15,28,22,8,21,25,26,25,15,19,16,1,2,-,16,1,9,26,1,5,2,8,2,6,20,28,9,2,9,20,9,2,13,11,0,15,26
2021-06-10,Iran,Serbia,2,3,25,15,28,22,8,21,25,26,25,15,17,14,1,2,-,14,6,6,26,1,2,4,7,2,4,16,22,7,1,14,22,4,4,11,3,0,23,26
2021-06-10,Iran,Serbia,2,3,25,15,28,22,8,21,25,26,25,15,4,4,0,0,-,4,2,5,11,0,2,1,3,0,2,6,8,3,2,7,12,1,4,8,4,1,7,12
2021-06-10,Serbia,Iran,3,2,21,25,26,25,15,25,15,28,22,8,14,11,1,2,-,11,9,12,32,1,2,4,7,2,5,14,21,3,2,17,22,14,4,18,6,0,27,33
2021-06-10,Serbia,Iran,3,2,21,25,26,25,15,25,15,28,22,8,23,16,5,2,-,16,1,4,21,5,3,3,11,2,4,19,25,8,1,5,14,8,4,13,7,0,14,21
2021-06-10,Serbia,Iran,3,2,21,25,26,25,15,25,15,28,22,8,20,17,1,2,-,17,2,8,27,1,4,4,9,2,6,18,26,9,2,11,22,6,7,15,10,0,16,26
2021-06-10,Serbia,Iran,3,2,21,25,26,25,15,25,15,28,22,8,19,14,4,1,-,14,3,9,26,4,5,2,11,1,3,21,25,6,2,10,18,10,8,18,9,0,17,26
2021-06-10,Serbia,Iran,3,2,21,25,26,25,15,25,15,28,22,8,10,7,1,2,-,7,1,2,10,1,2,2,5,2,3,10,15,3,0,3,6,4,2,7,5,0,5,10
2021-06-10,Canada,Russia,1,3,18,18,25,23,-,25,25,23,25,-,14,11,1,2,-,11,5,11,27,1,2,0,3,2,5,12,19,6,2,12,20,6,7,14,8,1,18,27
2021-06-10,Canada,Russia,1,3,18,18,25,23,-,25,25,23,25,-,10,9,0,1,-,9,6,13,28,0,0,1,1,1,5,12,18,10,0,10,20,8,7,15,5,0,22,27
2021-06-10,Canada,Russia,1,3,18,18,25,23,-,25,25,23,25,-,17,15,1,1,-,15,3,5,23,1,2,3,6,1,4,20,25,5,3,11,19,7,5,12,2,0,21,23
2021-06-10,Canada,Russia,1,3,18,18,25,23,-,25,25,23,25,-,15,9,3,3,-,9,7,11,27,3,4,2,9,3,3,17,23,4,1,14,19,9,3,12,4,0,21,25
2021-06-10,Russia,Canada,3,1,25,25,23,25,-,18,18,25,23,-,17,12,3,2,-,12,1,7,20,3,2,1,6,2,4,18,24,4,2,8,14,4,4,8,1,0,19,20
2021-06-10,Russia,Canada,3,1,25,25,23,25,-,18,18,25,23,-,20,14,6,0,-,14,1,9,24,6,3,3,12,0,5,20,25,5,1,7,13,9,2,11,3,0,22,25
2021-06-10,Russia,Canada,3,1,25,25,23,25,-,18,18,25,23,-,17,12,2,3,-,12,2,11,25,2,5,1,8,3,4,16,23,7,1,13,21,5,5,10,6,3,18,27
2021-06-10,Russia,Canada,3,1,25,25,23,25,-,18,18,25,23,-,18,13,4,1,-,13,5,10,28,4,2,2,8,1,6,18,25,6,3,11,20,6,2,8,4,0,23,27
2021-06-10,France,Slovenia,2,3,25,25,23,19,9,17,19,25,25,15,17,14,1,2,-,14,4,6,24,1,3,3,7,2,5,17,24,10,0,3,13,10,4,17,14,0,9,23
2021-06-10,France,Slovenia,2,3,25,25,23,19,9,17,19,25,25,15,14,10,2,2,-,10,2,2,14,2,3,3,8,2,5,18,25,5,1,5,11,5,5,10,7,0,7,14
2021-06-10,France,Slovenia,2,3,25,25,23,19,9,17,19,25,25,15,11,10,0,1,-,10,5,10,25,0,4,7,11,1,6,16,23,8,1,8,17,8,7,17,8,0,17,25
2021-06-10,France,Slovenia,2,3,25,25,23,19,9,17,19,25,25,15,11,10,0,1,-,10,6,12,28,0,4,6,10,1,3,16,20,5,2,11,18,9,3,14,12,0,14,26
2021-06-10,France,Slovenia,2,3,25,25,23,19,9,17,19,25,25,15,4,4,0,0,-,4,2,6,12,0,4,4,8,0,3,6,9,4,1,5,10,3,4,9,6,0,6,12
2021-06-10,Slovenia,France,3,2,17,19,25,25,15,25,25,23,19,9,12,8,4,0,-,8,1,11,20,4,5,3,12,0,5,13,18,5,2,12,19,4,6,12,11,2,8,21
2021-06-10,Slovenia,France,3,2,17,19,25,25,15,25,25,23,19,9,13,11,1,1,-,11,4,6,21,1,7,1,9,1,8,10,19,5,2,13,20,3,3,6,12,1,8,21
2021-06-10,Slovenia,France,3,2,17,19,25,25,15,25,25,23,19,9,16,13,2,1,-,13,3,10,26,2,6,5,13,1,8,16,25,5,1,11,17,12,2,15,14,0,12,26
2021-06-10,Slovenia,France,3,2,17,19,25,25,15,25,25,23,19,9,19,14,3,2,-,14,1,9,24,3,4,6,13,2,6,16,24,2,1,14,17,12,3,19,10,1,14,25
2021-06-10,Slovenia,France,3,2,17,19,25,25,15,25,25,23,19,9,11,9,1,1,-,9,0,5,14,1,3,2,6,1,5,9,15,2,0,4,6,7,0,8,7,0,6,13
2021-06-10,Argentina,Australia,3,0,25,25,25,-,-,18,19,20,-,-,16,13,3,0,-,13,3,14,30,3,6,1,10,0,2,22,24,5,1,8,14,11,1,12,8,0,21,29
2021-06-10,Argentina,Australia,3,0,25,25,25,-,-,18,19,20,-,-,22,17,3,2,-,17,2,7,26,3,5,1,9,2,4,19,25,10,0,7,17,5,5,10,13,0,14,27
2021-06-10,Argentina,Australia,3,0,25,25,25,-,-,18,19,20,-,-,22,19,0,3,-,19,4,4,27,0,5,1,6,3,6,15,24,9,0,9,18,9,3,13,13,0,13,26
2021-06-10,Australia,Argentina,0,3,18,19,20,-,-,25,25,25,-,-,15,11,3,1,-,11,7,14,32,3,1,0,4,1,5,13,19,7,0,15,22,6,3,10,4,1,25,30
2021-06-10,Australia,Argentina,0,3,18,19,20,-,-,25,25,25,-,-,13,12,1,0,-,12,4,11,27,1,2,1,4,0,2,17,19,9,2,10,21,4,9,13,5,0,20,25
2021-06-10,Australia,Argentina,0,3,18,19,20,-,-,25,25,25,-,-,12,9,3,0,-,9,0,10,19,3,4,0,7,0,3,18,21,8,3,7,18,2,7,9,2,0,15,17
2021-06-10,Germany,United States,0,3,12,18,27,-,-,25,25,29,-,-,6,5,0,1,-,5,6,12,23,0,4,4,8,1,5,7,13,4,3,12,19,7,2,10,6,0,17,23
2021-06-10,Germany,United States,0,3,12,18,27,-,-,25,25,29,-,-,10,8,1,1,-,8,6,11,25,1,6,4,11,1,5,12,18,2,2,13,17,13,2,16,6,1,19,26
2021-06-10,Germany,United States,0,3,12,18,27,-,-,25,25,29,-,-,15,11,2,2,-,11,5,9,25,2,4,5,11,2,9,17,28,5,1,14,20,7,4,11,10,0,15,25
2021-06-10,United States,Germany,3,0,15,25,29,-,-,12,18,27,-,-,18,11,4,3,-,11,0,9,20,4,3,7,14,3,5,16,24,3,1,4,8,13,1,14,5,0,15,20
2021-06-10,United States,Germany,3,0,15,25,29,-,-,12,18,27,-,-,15,11,2,2,-,11,1,13,25,2,3,8,13,2,8,15,25,4,1,8,13,12,0,12,8,0,17,25
2021-06-10,United States,Germany,3,0,15,25,29,-,-,12,18,27,-,-,20,14,5,1,-,14,5,7,26,5,5,4,14,1,8,19,28,4,2,13,19,8,3,14,9,0,15,24
2021-06-10,Brazil,Bulgaria,3,0,25,25,25,-,-,16,22,12,-,-,19,14,2,3,-,14,1,3,18,2,5,1,8,3,5,17,25,4,0,9,13,4,3,7,8,0,9,17
2021-06-10,Brazil,Bulgaria,3,0,25,25,25,-,-,16,22,12,-,-,17,15,0,2,-,15,2,6,23,0,4,2,6,2,4,18,24,3,1,14,18,6,6,12,8,0,14,22
2021-06-10,Brazil,Bulgaria,3,0,25,25,25,-,-,16,22,12,-,-,16,9,2,5,-,9,3,4,16,2,4,3,9,5,2,18,25,5,0,3,8,8,1,10,4,0,12,16
2021-06-10,Bulgaria,Brazil,0,3,16,22,12,-,-,25,25,25,-,-,11,10,1,0,-,10,5,3,18,1,3,2,6,0,3,13,16,3,3,14,20,2,4,6,3,0,16,19
2021-06-10,Bulgaria,Brazil,0,3,16,22,12,-,-,25,25,25,-,-,17,15,1,1,-,15,3,6,24,1,3,1,5,1,5,17,23,5,2,13,20,8,4,12,8,0,16,24
2021-06-10,Bulgaria,Brazil,0,3,16,22,12,-,-,25,25,25,-,-,8,6,2,0,-,6,7,11,24,2,4,2,8,0,4,8,12,4,5,14,23,7,1,9,3,0,21,24
2021-06-10,Italy,Japan,2,3,25,22,25,15,9,21,25,22,25,15,21,17,3,1,-,17,2,12,31,3,6,7,16,1,2,22,25,5,0,15,20,12,6,25,9,1,22,32
2021-06-10,Italy,Japan,2,3,25,22,25,15,9,21,25,22,25,15,16,15,0,1,-,15,3,10,28,0,11,7,18,1,4,17,22,3,0,16,19,11,0,12,8,0,20,28
2021-06-10,Italy,Japan,2,3,25,22,25,15,9,21,25,22,25,15,18,11,7,0,-,11,3,8,22,7,5,5,17,0,3,22,25,2,2,13,17,6,3,13,6,0,15,21
2021-06-10,Italy,Japan,2,3,25,22,25,15,9,21,25,22,25,15,13,10,2,1,-,10,4,24,38,2,6,6,14,1,2,12,15,4,2,18,24,15,4,23,7,0,31,38
2021-06-10,Italy,Japan,2,3,25,22,25,15,9,21,25,22,25,15,6,6,0,0,-,6,2,8,16,0,4,3,7,0,3,6,9,2,2,10,14,5,0,9,2,0,13,15
2021-06-10,Japan,Italy,3,2,21,25,22,25,15,25,22,25,15,9,15,14,1,0,-,14,4,17,35,1,9,8,18,0,1,20,21,10,1,12,23,15,4,20,15,1,20,36
2021-06-10,Japan,Italy,3,2,21,25,22,25,15,25,22,25,15,9,19,18,1,0,-,18,0,8,26,1,5,6,12,0,6,19,25,3,1,14,18,9,5,17,8,0,17,25
2021-06-10,Japan,Italy,3,2,21,25,22,25,15,25,22,25,15,9,17,14,1,2,-,14,9,11,34,1,4,4,9,2,5,15,22,9,0,13,22,11,4,18,10,0,23,33
2021-06-10,Japan,Italy,3,2,21,25,22,25,15,25,22,25,15,9,20,16,2,2,-,16,3,16,35,2,4,14,20,2,1,22,25,6,1,6,13,19,3,27,7,0,28,35
2021-06-10,Japan,Italy,3,2,21,25,22,25,15,25,22,25,15,9,11,8,1,2,-,8,1,8,17,1,2,3,6,2,1,12,15,3,0,3,6,11,2,13,6,0,10,16
2021-06-10,Netherlands,Poland,0,3,14,17,16,-,-,25,25,25,-,-,8,7,1,0,-,7,7,15,29,1,4,2,7,0,4,11,15,3,3,14,20,13,3,17,3,0,25,28
2021-06-10,Netherlands,Poland,0,3,14,17,16,-,-,25,25,25,-,-,10,9,1,0,-,9,5,12,26,1,4,1,6,0,5,12,17,6,3,10,19,10,3,14,5,0,20,25
2021-06-10,Netherlands,Poland,0,3,14,17,16,-,-,25,25,25,-,-,9,6,1,2,-,6,3,11,20,1,3,1,5,2,7,8,17,2,2,16,20,7,4,12,1,1,20,22
2021-06-10,Poland,Netherlands,3,0,25,25,25,-,-,14,17,16,-,-,19,11,5,3,-,11,2,11,24,5,3,5,13,3,4,17,24,5,0,6,11,12,1,15,4,0,19,23
2021-06-10,Poland,Netherlands,3,0,25,25,25,-,-,14,17,16,-,-,17,12,2,3,-,12,2,4,18,2,4,7,13,3,6,16,25,3,0,9,12,6,3,9,3,0,15,18
2021-06-10,Poland,Netherlands,3,0,25,25,25,-,-,14,17,16,-,-,16,12,2,2,-,12,4,4,20,2,1,5,8,2,4,18,24,4,2,4,10,13,3,17,8,0,11,19
2021-06-11,Germany,Iran,3,2,23,25,25,19,15,25,20,19,25,13,14,12,1,1,-,12,2,15,29,1,3,5,9,1,4,18,23,6,2,11,19,14,5,20,6,0,23,29
2021-06-11,Germany,Iran,3,2,23,25,25,19,15,25,20,19,25,13,16,13,3,0,-,13,1,4,18,3,3,2,8,0,7,18,25,4,0,10,14,4,5,10,2,0,15,17
2021-06-11,Germany,Iran,3,2,23,25,25,19,15,25,20,19,25,13,17,10,4,3,-,10,2,3,15,4,6,0,10,3,4,17,24,4,1,9,14,3,3,7,5,0,9,14
2021-06-11,Germany,Iran,3,2,23,25,25,19,15,25,20,19,25,13,11,8,2,1,-,8,5,8,21,2,5,3,10,1,6,13,20,4,0,13,17,7,4,11,4,0,17,21
2021-06-11,Germany,Iran,3,2,23,25,25,19,15,25,20,19,25,13,8,4,3,1,-,4,0,4,8,3,2,1,6,1,4,9,14,4,2,2,8,3,3,6,3,0,4,7
2021-06-11,Iran,Germany,2,3,25,20,19,25,13,23,25,25,19,15,20,17,1,2,-,17,3,11,31,1,6,5,12,2,6,17,25,10,1,8,19,15,4,20,9,1,18,28
2021-06-11,Iran,Germany,2,3,25,20,19,25,13,23,25,25,19,15,13,12,1,0,-,12,5,3,20,1,5,3,9,0,6,14,20,7,0,11,18,5,2,7,7,1,12,20
2021-06-11,Iran,Germany,2,3,25,20,19,25,13,23,25,25,19,15,14,11,2,1,-,11,6,2,19,2,1,1,4,1,6,13,20,3,3,14,20,5,3,8,5,0,15,20
2021-06-11,Iran,Germany,2,3,25,20,19,25,13,23,25,25,19,15,16,13,3,0,-,13,3,7,23,3,3,4,10,0,7,17,24,6,1,7,14,11,3,14,10,0,13,23
2021-06-11,Iran,Germany,2,3,25,20,19,25,13,23,25,25,19,15,9,7,0,2,-,7,4,2,13,0,0,2,2,2,6,6,14,4,1,5,10,4,2,6,4,0,9,13
2021-06-11,Russia,Slovenia,2,3,25,23,25,20,8,19,25,22,25,15,17,10,5,2,-,10,2,7,19,5,4,4,13,2,4,18,24,4,1,8,13,6,3,11,4,0,14,18
2021-06-11,Russia,Slovenia,2,3,25,23,25,20,8,19,25,22,25,15,16,9,6,1,-,9,3,15,27,6,8,7,21,1,4,19,24,4,2,14,20,12,2,16,4,2,24,30
2021-06-11,Russia,Slovenia,2,3,25,23,25,20,8,19,25,22,25,15,17,13,2,2,-,13,5,10,28,2,5,4,11,2,4,18,24,2,1,13,16,11,1,12,5,0,20,25
2021-06-11,Russia,Slovenia,2,3,25,23,25,20,8,19,25,22,25,15,15,13,1,1,-,13,5,8,26,1,9,3,13,1,2,18,21,6,0,14,20,6,2,11,12,1,14,27
2021-06-11,Russia,Slovenia,2,3,25,23,25,20,8,19,25,22,25,15,3,2,0,1,-,2,2,6,10,0,4,2,6,1,2,6,9,2,2,7,11,3,1,4,0,0,10,10
2021-06-11,Slovenia,Russia,3,2,19,25,22,25,15,25,23,25,20,8,14,12,1,1,-,12,5,9,26,1,6,4,11,1,7,12,20,4,2,14,20,7,4,13,5,0,19,24
2021-06-11,Slovenia,Russia,3,2,19,25,22,25,15,25,23,25,20,8,19,14,3,2,-,14,8,11,33,3,7,12,22,2,4,18,24,3,1,16,20,15,1,16,6,0,28,34
2021-06-11,Slovenia,Russia,3,2,19,25,22,25,15,25,23,25,20,8,15,12,2,1,-,12,3,8,23,2,6,4,12,1,7,15,23,5,2,13,20,9,5,15,6,0,18,24
2021-06-11,Slovenia,Russia,3,2,19,25,22,25,15,25,23,25,20,8,20,17,3,0,-,17,2,8,27,3,1,7,11,0,4,20,24,4,1,14,19,10,2,12,7,0,20,27
2021-06-11,Slovenia,Russia,3,2,19,25,22,25,15,25,23,25,20,8,11,9,0,2,-,9,1,3,13,0,1,5,6,2,3,9,14,1,1,5,7,8,0,8,3,1,10,14
2021-06-11,Argentina,Japan,3,1,30,25,25,25,-,32,16,18,21,-,23,20,2,1,-,20,6,13,39,2,7,7,16,1,5,25,31,14,1,12,27,13,6,20,19,0,19,38
2021-06-11,Argentina,Japan,3,1,30,25,25,25,-,32,16,18,21,-,18,13,4,1,-,13,3,9,25,4,4,6,14,1,3,20,24,5,0,7,12,13,3,18,8,0,16,24
2021-06-11,Argentina,Japan,3,1,30,25,25,25,-,32,16,18,21,-,17,15,0,2,-,15,2,18,35,0,5,8,13,2,2,21,25,3,0,13,16,18,7,29,10,0,24,34
2021-06-11,Argentina,Japan,3,1,30,25,25,25,-,32,16,18,21,-,18,13,3,2,-,13,5,10,28,3,5,6,14,2,4,18,24,7,0,11,18,10,3,13,11,0,16,27
2021-06-11,Japan,Argentina,1,3,32,16,18,21,-,30,25,25,25,-,23,20,2,1,-,20,4,13,37,2,7,3,12,1,4,26,31,13,1,12,26,12,9,24,11,0,27,38
2021-06-11,Japan,Argentina,1,3,32,16,18,21,-,30,25,25,25,-,12,10,2,0,-,10,6,13,29,2,8,3,13,0,5,12,17,5,1,15,21,10,2,13,6,0,22,28
2021-06-11,Japan,Argentina,1,3,32,16,18,21,-,30,25,25,25,-,14,13,1,0,-,13,5,22,40,1,2,4,7,0,2,16,18,3,2,18,23,20,4,26,11,1,29,41
2021-06-11,Japan,Argentina,1,3,32,16,18,21,-,30,25,25,25,-,12,11,1,0,-,11,6,13,30,1,4,1,6,0,4,18,22,4,2,14,20,12,5,19,9,0,21,30
2021-06-11,Bulgaria,Netherlands,3,2,25,18,17,25,15,18,25,25,22,13,20,14,2,4,-,14,2,6,22,2,4,6,12,4,5,15,24,6,0,8,14,10,2,13,7,1,14,22
2021-06-11,Bulgaria,Netherlands,3,2,25,18,17,25,15,18,25,25,22,13,9,9,0,0,-,9,2,6,17,0,7,2,9,0,1,18,19,2,4,10,16,3,3,6,5,0,10,15
2021-06-11,Bulgaria,Netherlands,3,2,25,18,17,25,15,18,25,25,22,13,12,11,1,0,-,11,3,15,29,1,5,6,12,0,5,12,17,3,2,18,23,8,5,15,4,0,25,29
2021-06-11,Bulgaria,Netherlands,3,2,25,18,17,25,15,18,25,25,22,13,18,12,4,2,-,12,2,6,20,4,6,4,14,2,2,21,25,5,3,9,17,6,4,11,9,1,10,20
2021-06-11,Bulgaria,Netherlands,3,2,25,18,17,25,15,18,25,25,22,13,10,7,2,1,-,7,1,6,14,2,3,2,7,1,2,11,14,2,1,7,10,5,4,9,4,0,10,14
2021-06-11,Netherlands,Bulgaria,2,3,18,25,25,22,13,25,18,17,25,15,12,10,2,0,-,10,2,8,20,2,6,3,11,0,5,14,19,4,4,11,19,6,4,10,4,0,15,19
2021-06-11,Netherlands,Bulgaria,2,3,18,25,25,22,13,25,18,17,25,15,23,18,1,4,-,18,1,2,21,1,3,5,9,4,8,12,24,8,0,10,18,4,2,7,12,0,9,21
2021-06-11,Netherlands,Bulgaria,2,3,18,25,25,22,13,25,18,17,25,15,18,15,1,2,-,15,4,10,29,1,4,5,10,2,2,21,25,1,0,11,12,15,3,19,8,0,19,27
2021-06-11,Netherlands,Bulgaria,2,3,18,25,25,22,13,25,18,17,25,15,18,14,1,3,-,14,6,6,26,1,5,1,7,3,5,14,22,3,2,18,23,6,5,13,4,0,22,26
2021-06-11,Netherlands,Bulgaria,2,3,18,25,25,22,13,25,18,17,25,15,10,9,0,1,-,9,3,3,15,0,2,3,5,1,4,9,14,3,1,8,12,4,4,8,1,0,14,15
2021-06-11,Australia,Italy,0,3,20,22,14,-,-,25,25,25,-,-,14,13,0,1,-,13,7,10,30,0,8,4,12,1,3,16,20,6,0,15,21,8,2,12,8,0,22,30
2021-06-11,Australia,Italy,0,3,20,22,14,-,-,25,25,25,-,-,13,9,4,0,-,9,3,8,20,4,3,5,12,0,6,17,23,2,2,12,16,11,5,18,3,1,18,22
2021-06-11,Australia,Italy,0,3,20,22,14,-,-,25,25,25,-,-,11,11,0,0,-,11,5,13,29,0,2,5,7,0,1,13,14,7,1,14,22,8,6,15,5,1,27,33
2021-06-11,Italy,Australia,3,0,25,25,25,-,-,20,22,14,-,-,16,14,2,0,-,14,2,8,24,2,4,2,8,0,4,21,25,3,1,13,17,9,5,16,6,0,18,24
2021-06-11,Italy,Australia,3,0,25,25,25,-,-,20,22,14,-,-,16,13,1,2,-,13,5,8,26,1,3,5,9,2,8,14,24,3,0,14,17,8,3,11,11,0,15,26
2021-06-11,Italy,Australia,3,0,25,25,25,-,-,20,22,14,-,-,20,17,2,1,-,17,0,9,26,2,2,4,8,1,3,21,25,8,0,5,13,15,5,20,8,0,19,27
2021-06-11,Serbia,United States,3,1,25,25,19,27,-,23,17,25,25,-,19,15,3,1,-,15,3,6,24,3,6,1,10,1,3,20,24,6,1,11,18,5,7,13,5,0,17,22
2021-06-11,Serbia,United States,3,1,25,25,19,27,-,23,17,25,25,-,20,14,4,2,-,14,2,4,20,4,1,4,9,2,2,21,25,2,2,9,13,5,7,12,3,0,17,20
2021-06-11,Serbia,United States,3,1,25,25,19,27,-,23,17,25,25,-,11,10,1,0,-,10,5,7,22,1,4,0,5,0,3,16,19,7,4,8,19,6,5,11,7,0,15,22
2021-06-11,Serbia,United States,3,1,25,25,19,27,-,23,17,25,25,-,21,16,3,2,-,16,2,9,27,3,6,2,11,2,5,20,27,4,0,16,20,4,8,13,4,0,20,24
2021-06-11,United States,Serbia,1,3,23,17,25,25,-,25,25,19,27,-,16,13,2,1,-,13,3,12,28,2,5,2,9,1,6,17,24,7,1,13,21,7,5,12,4,0,22,26
2021-06-11,United States,Serbia,1,3,23,17,25,25,-,25,25,19,27,-,14,11,1,2,-,11,5,12,28,1,5,1,7,2,4,11,17,10,2,11,23,2,3,5,9,0,19,28
2021-06-11,United States,Serbia,1,3,23,17,25,25,-,25,25,19,27,-,22,13,5,4,-,13,3,9,25,5,3,0,8,4,6,15,25,9,0,7,16,4,4,8,6,0,18,24
2021-06-11,United States,Serbia,1,3,23,17,25,25,-,25,25,19,27,-,18,18,0,0,-,18,4,5,27,0,5,1,6,0,5,20,25,13,2,7,22,5,7,12,7,0,21,28
2021-06-11,Canada,France,1,3,25,21,22,17,-,20,25,25,25,-,18,13,5,0,-,13,5,9,27,5,6,4,15,0,4,21,25,5,0,13,18,13,3,16,8,1,20,29
2021-06-11,Canada,France,1,3,25,21,22,17,-,20,25,25,25,-,15,13,2,0,-,13,4,10,27,2,6,5,13,0,7,14,21,11,4,7,22,10,3,14,9,0,19,28
2021-06-11,Canada,France,1,3,25,21,22,17,-,20,25,25,25,-,18,16,1,1,-,16,7,12,35,1,6,7,14,1,3,19,23,7,0,15,22,15,3,19,7,1,28,36
2021-06-11,Canada,France,1,3,25,21,22,17,-,20,25,25,25,-,11,10,1,0,-,10,9,12,31,1,5,4,10,0,3,14,17,7,0,15,22,9,2,13,3,0,26,29
2021-06-11,France,Canada,3,1,20,25,25,25,-,25,21,22,17,-,14,10,4,0,-,10,8,10,28,4,3,3,10,0,2,18,20,6,0,15,21,8,7,16,3,1,26,30
2021-06-11,France,Canada,3,1,20,25,25,25,-,25,21,22,17,-,15,9,2,4,-,9,4,8,21,2,3,7,12,4,3,18,25,7,0,7,14,7,5,13,6,0,15,21
2021-06-11,France,Canada,3,1,20,25,25,25,-,25,21,22,17,-,17,14,3,0,-,14,2,14,30,3,6,3,12,0,2,22,24,9,1,10,20,14,3,18,4,1,27,32
2021-06-11,France,Canada,3,1,20,25,25,25,-,25,21,22,17,-,18,13,5,0,-,13,4,10,27,5,1,4,10,0,3,22,25,5,0,9,14,10,5,17,6,0,21,27
2021-06-11,Brazil,Poland,3,0,25,28,25,-,-,17,26,19,-,-,20,16,2,2,-,16,1,9,26,2,4,5,11,2,6,17,25,3,0,10,13,4,3,7,4,0,21,25
2021-06-11,Brazil,Poland,3,0,25,28,25,-,-,17,26,19,-,-,24,23,1,0,-,23,3,13,39,1,6,3,10,0,4,23,27,3,1,20,24,8,7,15,4,0,33,37
2021-06-11,Brazil,Poland,3,0,25,28,25,-,-,17,26,19,-,-,15,13,2,0,-,13,7,8,28,2,0,3,5,0,2,23,25,6,1,5,12,10,3,13,3,0,25,28
2021-06-11,Poland,Brazil,0,3,17,26,19,-,-,25,28,25,-,-,11,10,1,0,-,10,3,11,24,1,4,1,6,0,4,13,17,10,2,7,19,6,6,12,5,0,20,25
2021-06-11,Poland,Brazil,0,3,17,26,19,-,-,25,28,25,-,-,22,18,3,1,-,18,1,13,32,3,6,1,10,1,3,23,27,10,0,13,23,5,6,12,5,0,27,32
2021-06-11,Poland,Brazil,0,3,17,26,19,-,-,25,28,25,-,-,13,9,3,1,-,9,4,17,30,3,4,0,7,1,7,11,19,9,0,14,23,6,6,12,4,0,25,29
2021-06-15,Russia,Serbia,3,1,25,25,22,25,-,23,22,25,21,-,21,14,4,3,-,14,3,9,26,4,8,2,14,3,1,21,25,11,1,9,21,8,4,12,7,0,20,27
2021-06-15,Russia,Serbia,3,1,25,25,22,25,-,23,22,25,21,-,18,12,5,1,-,12,3,16,31,5,6,5,16,1,4,19,24,2,1,16,19,12,2,14,3,0,26,29
2021-06-15,Russia,Serbia,3,1,25,25,22,25,-,23,22,25,21,-,16,13,2,1,-,13,5,11,29,2,3,2,7,1,4,18,23,6,1,13,20,12,3,15,6,2,23,31
2021-06-15,Russia,Serbia,3,1,25,25,22,25,-,23,22,25,21,-,17,11,4,2,-,11,3,13,27,4,5,4,13,2,7,15,24,8,0,9,17,10,2,12,8,0,19,27
2021-06-15,Serbia,Russia,1,3,23,22,25,21,-,25,25,22,25,-,21,18,2,1,-,18,5,4,27,2,8,5,15,1,2,20,23,6,3,15,24,5,4,11,6,0,20,26
2021-06-15,Serbia,Russia,1,3,23,22,25,21,-,25,25,22,25,-,17,13,3,1,-,13,8,11,32,3,4,6,13,1,4,18,23,7,1,12,20,12,3,19,7,0,25,32
2021-06-15,Serbia,Russia,1,3,23,22,25,21,-,25,25,22,25,-,16,13,2,1,-,13,3,7,23,2,10,4,16,1,4,19,24,4,1,14,19,5,3,12,5,0,17,22
2021-06-15,Serbia,Russia,1,3,23,22,25,21,-,25,25,22,25,-,11,11,0,0,-,11,7,10,28,0,3,4,7,0,5,17,22,3,2,12,17,8,4,15,4,0,24,28
2021-06-15,Australia,Iran,3,2,25,25,23,18,15,23,22,25,25,12,15,11,2,2,-,11,7,10,28,2,5,1,8,2,3,19,24,11,1,6,18,3,4,7,6,0,20,26
2021-06-15,Australia,Iran,3,2,25,25,23,18,15,23,22,25,25,12,18,14,2,2,-,14,6,11,31,2,4,1,7,2,3,20,25,11,1,7,19,11,3,15,4,0,24,28
2021-06-15,Australia,Iran,3,2,25,25,23,18,15,23,22,25,25,12,19,13,6,0,-,13,7,6,26,6,4,2,12,0,3,20,23,13,1,8,22,3,6,9,3,1,22,26
2021-06-15,Australia,Iran,3,2,25,25,23,18,15,23,22,25,25,12,11,9,2,0,-,9,8,11,28,2,2,0,4,0,5,14,19,9,1,10,20,6,6,13,3,0,24,27
2021-06-15,Australia,Iran,3,2,25,25,23,18,15,23,22,25,25,12,9,8,0,1,-,8,1,7,16,0,1,0,1,1,2,11,14,5,1,5,11,4,6,10,3,0,14,17
2021-06-15,Iran,Australia,2,3,23,22,25,25,12,25,25,23,18,15,16,11,4,1,-,11,6,11,28,4,1,2,7,1,6,17,24,5,2,14,21,7,6,13,3,0,25,28
2021-06-15,Iran,Australia,2,3,23,22,25,25,12,25,25,23,18,15,16,12,3,1,-,12,6,12,30,3,3,1,7,1,3,18,22,12,2,8,22,7,6,13,4,0,26,30
2021-06-15,Iran,Australia,2,3,23,22,25,25,12,25,25,23,18,15,16,13,2,1,-,13,6,9,28,2,6,1,9,1,3,21,25,8,0,12,20,5,5,10,4,0,24,28
2021-06-15,Iran,Australia,2,3,23,22,25,25,12,25,25,23,18,15,16,11,4,1,-,11,4,7,22,4,4,0,8,1,4,19,24,4,0,10,14,4,2,7,5,0,16,21
2021-06-15,Iran,Australia,2,3,23,22,25,25,12,25,25,23,18,15,8,7,0,1,-,7,4,5,16,0,3,1,4,1,2,10,13,5,1,6,12,4,4,8,3,0,13,16
2021-06-15,Argentina,Bulgaria,3,1,25,16,25,25,-,20,25,18,18,-,18,17,1,0,-,17,5,4,26,1,4,6,11,0,6,18,24,5,1,10,16,12,2,14,7,0,20,27
2021-06-15,Argentina,Bulgaria,3,1,25,16,25,25,-,20,25,18,18,-,9,6,1,2,-,6,5,13,24,1,5,2,8,2,4,11,17,3,1,15,19,8,5,15,3,0,21,24
2021-06-15,Argentina,Bulgaria,3,1,25,16,25,25,-,20,25,18,18,-,18,14,1,3,-,14,3,5,22,1,5,5,11,3,4,17,24,6,1,9,16,8,3,11,5,0,18,23
2021-06-15,Argentina,Bulgaria,3,1,25,16,25,25,-,20,25,18,18,-,18,17,0,1,-,17,0,3,20,0,7,11,18,1,5,19,25,6,1,8,15,8,4,13,7,0,13,20
2021-06-15,Bulgaria,Argentina,1,3,20,25,18,18,-,25,16,25,25,-,12,8,3,1,-,8,1,13,22,3,4,2,9,1,5,15,21,7,0,11,18,4,8,12,1,1,21,23
2021-06-15,Bulgaria,Argentina,1,3,20,25,18,18,-,25,16,25,25,-,18,15,2,1,-,15,3,7,25,2,2,7,11,1,5,18,24,7,2,4,13,10,1,12,6,0,16,22
2021-06-15,Bulgaria,Argentina,1,3,20,25,18,18,-,25,16,25,25,-,13,10,2,1,-,10,4,9,23,2,5,1,8,1,3,15,19,4,3,13,20,6,3,10,2,0,22,24
2021-06-15,Bulgaria,Argentina,1,3,20,25,18,18,-,25,16,25,25,-,13,12,0,1,-,12,4,16,32,0,7,2,9,1,3,14,18,6,1,13,20,9,6,16,3,0,30,33
2021-06-15,Germany,Japan,0,3,18,22,20,-,-,25,25,25,-,-,13,10,3,0,-,10,3,11,24,3,0,1,4,0,8,10,18,8,2,12,22,3,8,11,3,0,23,26
2021-06-15,Germany,Japan,0,3,18,22,20,-,-,25,25,25,-,-,14,12,1,1,-,12,2,13,27,1,4,1,6,1,6,16,23,9,0,10,19,4,7,12,2,0,25,27
2021-06-15,Germany,Japan,0,3,18,22,20,-,-,25,25,25,-,-,18,16,1,1,-,16,3,11,30,1,7,1,9,1,3,16,20,4,2,17,23,5,2,7,0,0,28,28
2021-06-15,Japan,Germany,3,0,25,25,25,-,-,18,22,20,-,-,15,12,1,2,-,12,4,10,26,1,1,3,5,2,3,20,25,6,0,4,10,9,8,18,6,0,17,23
2021-06-15,Japan,Germany,3,0,25,25,25,-,-,18,22,20,-,-,19,17,2,0,-,17,4,9,30,2,2,0,4,0,5,19,24,11,1,5,17,12,1,13,4,0,25,29
2021-06-15,Japan,Germany,3,0,25,25,25,-,-,18,22,20,-,-,21,17,2,2,-,17,1,9,27,2,4,0,6,2,2,21,25,8,1,8,17,8,7,15,9,0,16,25
2021-06-15,Italy,United States,0,3,15,18,21,-,-,25,25,25,-,-,6,6,0,0,-,6,5,16,27,0,3,0,3,0,5,10,15,5,3,12,20,12,3,16,5,0,23,28
2021-06-15,Italy,United States,0,3,15,18,21,-,-,25,25,25,-,-,11,10,0,1,-,10,5,10,25,0,5,4,9,1,3,15,19,6,2,10,18,7,4,12,5,0,16,21
2021-06-15,Italy,United States,0,3,15,18,21,-,-,25,25,25,-,-,16,13,1,2,-,13,5,9,27,1,4,8,13,2,3,16,21,4,4,13,21,10,5,16,7,0,18,25
2021-06-15,United States,Italy,3,0,25,25,25,-,-,15,18,21,-,-,18,12,3,3,-,12,2,7,21,3,2,7,12,3,5,17,25,6,0,4,10,13,2,15,4,1,17,22
2021-06-15,United States,Italy,3,0,25,25,25,-,-,15,18,21,-,-,19,15,2,2,-,15,1,11,27,2,1,2,5,2,6,16,24,6,1,9,16,13,5,19,8,0,20,28
2021-06-15,United States,Italy,3,0,25,25,25,-,-,15,18,21,-,-,18,12,2,4,-,12,2,11,25,2,4,3,9,4,4,17,25,3,2,13,18,11,4,16,5,0,21,26
2021-06-15,Canada,Poland,0,3,22,23,19,-,-,25,25,25,-,-,18,14,1,3,-,14,3,2,19,1,8,1,10,3,5,14,22,1,1,19,21,3,2,6,2,1,18,21
2021-06-15,Canada,Poland,0,3,22,23,19,-,-,25,25,25,-,-,16,13,2,1,-,13,4,11,28,2,6,10,18,1,4,19,24,1,2,16,19,12,3,18,5,0,23,28
2021-06-15,Canada,Poland,0,3,22,23,19,-,-,25,25,25,-,-,14,12,1,1,-,12,2,16,30,1,9,7,17,1,5,13,19,5,1,15,21,13,2,18,10,1,21,32
2021-06-15,Poland,Canada,3,0,25,25,25,-,-,22,23,19,-,-,18,15,2,1,-,15,1,3,19,2,9,1,12,1,4,20,25,2,3,12,17,3,2,5,4,0,12,16
2021-06-15,Poland,Canada,3,0,25,25,25,-,-,22,23,19,-,-,18,15,1,2,-,15,4,14,33,1,5,9,15,2,5,17,24,4,1,15,20,12,4,20,7,0,25,32
2021-06-15,Poland,Canada,3,0,25,25,25,-,-,22,23,19,-,-,16,14,1,1,-,14,2,15,31,1,2,10,13,1,4,20,25,3,1,10,14,16,4,23,7,0,22,29
2021-06-15,Brazil,Slovenia,3,2,15,25,19,25,15,25,22,25,13,12,12,11,0,1,-,11,6,7,24,0,7,1,8,1,5,9,15,7,1,14,22,5,2,8,8,0,16,24
2021-06-15,Brazil,Slovenia,3,2,15,25,19,25,15,25,22,25,13,12,17,14,2,1,-,14,2,9,25,2,9,5,16,1,1,23,25,4,2,12,18,9,4,14,5,0,19,24
2021-06-15,Brazil,Slovenia,3,2,15,25,19,25,15,25,22,25,13,12,13,11,2,0,-,11,6,11,28,2,4,3,9,0,4,15,19,6,2,13,21,10,3,15,9,0,19,28
2021-06-15,Brazil,Slovenia,3,2,15,25,19,25,15,25,22,25,13,12,20,15,2,3,-,15,1,5,21,2,2,4,8,3,4,18,25,2,0,9,11,11,3,15,7,0,14,21
2021-06-15,Brazil,Slovenia,3,2,15,25,19,25,15,25,22,25,13,12,8,5,1,2,-,5,3,6,14,1,4,5,10,2,1,11,14,2,0,6,8,5,2,8,3,0,11,14
2021-06-15,Slovenia,Brazil,2,3,25,22,25,13,12,15,25,19,25,15,16,13,2,1,-,13,0,4,17,2,4,4,10,1,3,21,25,2,1,7,10,8,4,12,4,0,11,15
2021-06-15,Slovenia,Brazil,2,3,25,22,25,13,12,15,25,19,25,15,20,17,1,2,-,17,4,8,29,1,7,2,10,2,4,16,22,3,1,20,24,9,5,14,6,0,23,29
2021-06-15,Slovenia,Brazil,2,3,25,22,25,13,12,15,25,19,25,15,18,13,3,2,-,13,3,9,25,3,3,3,9,2,4,19,25,8,0,7,15,9,5,17,7,0,17,24
2021-06-15,Slovenia,Brazil,2,3,25,22,25,13,12,15,25,19,25,15,7,7,0,0,-,7,4,12,23,0,8,2,10,0,2,11,13,4,3,14,21,6,3,11,12,1,11,24
2021-06-15,Slovenia,Brazil,2,3,25,22,25,13,12,15,25,19,25,15,9,8,1,0,-,8,3,7,18,1,2,3,6,0,5,8,13,6,2,5,13,8,2,11,7,0,11,18
2021-06-15,France,Netherlands,2,3,25,25,26,23,17,15,22,28,25,19,19,15,3,1,-,15,1,1,17,3,4,4,11,1,5,18,24,5,0,8,13,5,3,9,9,0,9,18
2021-06-15,France,Netherlands,2,3,25,25,26,23,17,15,22,28,25,19,21,17,3,1,-,17,1,16,34,3,6,2,11,1,7,17,25,6,0,13,19,16,5,22,7,0,26,33
2021-06-15,France,Netherlands,2,3,25,25,26,23,17,15,22,28,25,19,21,18,3,0,-,18,2,7,27,3,8,4,15,0,4,22,26,7,5,13,25,6,5,13,6,0,21,27
2021-06-15,France,Netherlands,2,3,25,25,26,23,17,15,22,28,25,19,18,14,2,2,-,14,6,13,33,2,3,12,17,2,6,16,24,5,1,14,20,15,2,19,8,0,24,32
2021-06-15,France,Netherlands,2,3,25,25,26,23,17,15,22,28,25,19,12,9,1,2,-,9,4,5,18,1,6,2,9,2,2,14,18,3,1,12,16,5,3,10,8,0,10,18
2021-06-15,Netherlands,France,3,2,15,22,28,25,19,25,25,26,23,17,9,9,0,0,-,9,6,6,21,0,6,1,7,0,3,13,16,3,1,15,19,4,5,9,7,0,14,21
2021-06-15,Netherlands,France,3,2,15,22,28,25,19,25,25,26,23,17,14,14,0,0,-,14,4,11,29,0,7,9,16,0,3,19,22,5,1,12,18,12,6,20,10,0,19,29
2021-06-15,Netherlands,France,3,2,15,22,28,25,19,25,25,26,23,17,22,17,0,5,-,17,5,6,28,0,6,4,10,5,3,20,28,5,0,17,22,5,2,10,7,0,21,28
2021-06-15,Netherlands,France,3,2,15,22,28,25,19,25,25,26,23,17,17,12,4,1,-,12,2,17,31,4,6,10,20,1,4,19,24,3,2,13,18,16,1,23,11,1,21,33
2021-06-15,Netherlands,France,3,2,15,22,28,25,19,25,25,26,23,17,15,12,2,1,-,12,3,5,20,2,2,3,7,1,2,15,18,3,2,11,16,7,1,8,6,1,14,21
2021-06-16,Argentina,Russia,1,3,19,23,25,19,-,25,25,21,25,-,13,11,1,1,-,11,7,11,29,1,3,2,6,1,3,15,19,5,1,14,20,13,1,16,6,1,23,30
2021-06-16,Argentina,Russia,1,3,19,23,25,19,-,25,25,21,25,-,17,14,2,1,-,14,7,10,31,2,6,8,16,1,3,20,24,1,1,18,20,14,0,15,8,0,21,29
2021-06-16,Argentina,Russia,1,3,19,23,25,19,-,25,25,21,25,-,16,13,1,2,-,13,4,14,31,1,3,5,9,2,6,16,24,4,0,12,16,13,3,19,8,0,19,27
2021-06-16,Argentina,Russia,1,3,19,23,25,19,-,25,25,21,25,-,11,10,1,0,-,10,7,9,26,1,3,3,7,0,4,16,20,4,3,12,19,10,4,14,3,0,22,25
2021-06-16,Russia,Argentina,3,1,25,25,21,25,-,19,23,25,19,-,20,13,6,1,-,13,1,12,26,6,8,6,20,1,5,19,25,2,1,13,16,10,0,11,8,0,16,24
2021-06-16,Russia,Argentina,3,1,25,25,21,25,-,19,23,25,19,-,18,14,3,1,-,14,4,14,32,3,7,3,13,1,4,19,24,10,1,10,21,10,1,14,11,0,20,31
2021-06-16,Russia,Argentina,3,1,25,25,21,25,-,19,23,25,19,-,13,11,2,0,-,11,3,12,26,2,3,5,10,0,6,16,22,5,2,11,18,11,4,17,4,1,20,25
2021-06-16,Russia,Argentina,3,1,25,25,21,25,-,19,23,25,19,-,17,11,3,3,-,11,3,6,20,3,6,5,14,3,5,16,24,6,0,10,16,5,3,8,5,0,16,21
2021-06-16,Bulgaria,Serbia,0,3,20,17,17,-,-,25,25,25,-,-,17,13,3,1,-,13,4,8,25,3,3,0,6,1,4,15,20,9,1,14,24,4,8,13,10,0,14,24
2021-06-16,Bulgaria,Serbia,0,3,20,17,17,-,-,25,25,25,-,-,10,7,2,1,-,7,3,9,19,2,6,2,10,1,2,15,18,1,3,14,18,5,3,11,1,1,17,19
2021-06-16,Bulgaria,Serbia,0,3,20,17,17,-,-,25,25,25,-,-,15,12,2,1,-,12,5,11,28,2,5,4,11,1,4,12,17,3,5,16,24,9,1,12,5,1,23,29
2021-06-16,Serbia,Bulgaria,3,0,25,25,25,-,-,20,17,17,-,-,19,16,2,1,-,16,5,1,22,2,4,6,12,1,1,23,25,6,1,9,16,6,1,9,8,0,13,21
2021-06-16,Serbia,Bulgaria,3,0,25,25,25,-,-,20,17,17,-,-,20,16,1,3,-,16,3,5,24,1,3,3,7,3,6,15,24,3,1,12,16,11,2,13,9,0,16,25
2021-06-16,Serbia,Bulgaria,3,0,25,25,25,-,-,20,17,17,-,-,19,10,4,5,-,10,2,7,19,4,4,8,16,5,1,19,25,1,1,11,13,8,3,12,4,1,14,19
2021-06-16,Australia,Slovenia,1,3,25,18,18,17,-,18,25,25,25,-,17,10,4,3,-,10,2,10,22,4,3,5,12,3,3,18,24,5,1,9,15,9,7,16,5,0,16,21
2021-06-16,Australia,Slovenia,1,3,25,18,18,17,-,18,25,25,25,-,14,13,1,0,-,13,6,7,26,1,5,3,9,0,3,16,19,8,1,12,21,10,2,14,7,1,20,28
2021-06-16,Australia,Slovenia,1,3,25,18,18,17,-,18,25,25,25,-,11,9,2,0,-,9,5,8,22,2,5,1,8,0,5,13,18,6,1,12,19,4,3,9,6,0,15,21
2021-06-16,Australia,Slovenia,1,3,25,18,18,17,-,18,25,25,25,-,13,10,3,0,-,10,3,11,24,3,6,3,12,0,2,16,18,11,1,9,21,7,3,11,7,0,19,26
2021-06-16,Slovenia,Australia,3,1,18,25,25,25,-,25,18,18,17,-,12,11,0,1,-,11,8,10,29,0,2,6,8,1,4,14,19,8,3,10,21,11,5,17,12,0,18,30
2021-06-16,Slovenia,Australia,3,1,18,25,25,25,-,25,18,18,17,-,17,13,3,1,-,13,2,11,26,3,3,4,10,1,3,20,24,6,0,10,16,9,6,15,8,0,16,24
2021-06-16,Slovenia,Australia,3,1,18,25,25,25,-,25,18,18,17,-,17,14,2,1,-,14,3,4,21,2,1,3,6,1,6,18,25,4,0,9,13,8,5,14,8,0,12,20
2021-06-16,Slovenia,Australia,3,1,18,25,25,25,-,25,18,18,17,-,21,19,1,1,-,19,4,5,28,1,5,7,13,1,3,20,24,9,0,7,16,12,2,14,11,0,16,27
2021-06-16,Japan,Poland,0,3,14,18,19,-,-,25,25,25,-,-,11,11,0,0,-,11,4,11,26,0,1,2,3,0,8,6,14,5,2,15,22,7,4,15,11,1,16,28
2021-06-16,Japan,Poland,0,3,14,18,19,-,-,25,25,25,-,-,9,9,0,0,-,9,4,10,23,0,6,4,10,0,7,12,19,4,1,12,17,8,4,12,5,0,17,22
2021-06-16,Japan,Poland,0,3,14,18,19,-,-,25,25,25,-,-,14,14,0,0,-,14,6,10,30,0,3,7,10,0,4,15,19,5,3,13,21,15,3,20,12,0,19,31
2021-06-16,Poland,Japan,3,0,25,25,25,-,-,14,18,19,-,-,12,10,0,2,-,10,0,5,15,0,6,6,12,2,3,20,25,2,0,4,6,8,1,12,5,0,9,14
2021-06-16,Poland,Japan,3,0,25,25,25,-,-,14,18,19,-,-,16,13,2,1,-,13,2,5,20,2,3,5,10,1,7,16,24,4,0,8,12,7,3,13,5,0,14,19
2021-06-16,Poland,Japan,3,0,25,25,25,-,-,14,18,19,-,-,19,12,4,3,-,12,1,15,28,4,5,6,15,3,4,18,25,4,0,11,15,14,3,19,7,0,20,27
2021-06-16,Italy,Netherlands,3,1,25,25,23,25,-,19,23,25,21,-,17,11,2,4,-,11,1,9,21,2,5,4,11,4,2,19,25,2,2,11,15,8,2,10,3,0,18,21
2021-06-16,Italy,Netherlands,3,1,25,25,23,25,-,19,23,25,21,-,18,14,3,1,-,14,3,10,27,3,5,6,14,1,7,16,24,6,0,14,20,10,2,15,5,1,24,30
2021-06-16,Italy,Netherlands,3,1,25,25,23,25,-,19,23,25,21,-,16,14,2,0,-,14,4,12,30,2,8,7,17,0,1,23,24,5,2,11,18,12,3,16,5,0,24,29
2021-06-16,Italy,Netherlands,3,1,25,25,23,25,-,19,23,25,21,-,22,14,5,3,-,14,5,8,27,5,6,5,16,3,3,18,24,7,1,12,20,6,1,9,4,0,21,25
2021-06-16,Netherlands,Italy,1,3,19,23,25,21,-,25,25,23,25,-,16,14,0,2,-,14,5,8,27,0,7,5,12,2,4,13,19,7,4,12,23,9,4,14,7,0,21,28
2021-06-16,Netherlands,Italy,1,3,19,23,25,21,-,25,25,23,25,-,15,12,3,0,-,12,6,12,30,3,5,5,13,0,4,20,24,4,1,12,17,13,6,21,3,0,27,30
2021-06-16,Netherlands,Italy,1,3,19,23,25,21,-,25,25,23,25,-,21,18,1,2,-,18,3,15,36,1,3,4,8,2,6,16,24,8,0,15,23,13,8,24,8,0,28,36
2021-06-16,Netherlands,Italy,1,3,19,23,25,21,-,25,25,23,25,-,15,11,3,1,-,11,6,9,26,3,7,7,17,1,2,19,22,7,3,11,21,8,4,14,6,0,20,26
2021-06-16,Canada,Germany,3,0,25,26,25,-,-,17,24,21,-,-,14,11,3,0,-,11,2,6,19,3,3,3,9,0,1,23,24,5,2,5,12,8,9,18,3,0,16,19
2021-06-16,Canada,Germany,3,0,25,26,25,-,-,17,24,21,-,-,19,17,1,1,-,17,2,12,31,1,6,0,7,1,3,22,26,8,0,12,20,9,6,16,4,0,23,27
2021-06-16,Canada,Germany,3,0,25,26,25,-,-,17,24,21,-,-,13,11,2,0,-,11,4,15,30,2,5,0,7,0,7,16,23,6,1,10,17,13,0,13,2,0,29,31
2021-06-16,Germany,Canada,0,3,17,24,21,-,-,25,26,25,-,-,15,12,1,2,-,12,7,13,32,1,4,4,9,2,6,10,18,12,0,11,23,5,5,10,5,1,25,31
2021-06-16,Germany,Canada,0,3,17,24,21,-,-,25,26,25,-,-,18,17,1,0,-,17,1,13,31,1,7,0,8,0,4,20,24,10,1,12,23,10,4,14,10,1,21,32
2021-06-16,Germany,Canada,0,3,17,24,21,-,-,25,26,25,-,-,11,9,1,1,-,9,3,9,21,1,7,1,9,1,5,16,22,6,0,10,16,6,7,15,3,2,17,22
2021-06-16,France,United States,3,1,25,22,31,25,-,23,25,29,22,-,14,14,0,0,-,14,6,8,28,0,2,3,5,0,1,23,24,4,0,14,18,13,5,19,6,0,23,29
2021-06-16,France,United States,3,1,25,22,31,25,-,23,25,29,22,-,16,15,0,1,-,15,5,14,34,0,5,9,14,1,3,19,23,6,1,12,19,16,4,22,6,0,30,36
2021-06-16,France,United States,3,1,25,22,31,25,-,23,25,29,22,-,20,13,5,2,-,13,6,16,35,5,5,7,17,2,5,23,30,7,1,14,22,17,4,22,4,0,33,37
2021-06-16,France,United States,3,1,25,22,31,25,-,23,25,29,22,-,16,15,1,0,-,15,5,11,31,1,3,4,8,0,6,19,25,8,1,8,17,12,2,17,6,1,23,30
2021-06-16,United States,France,1,3,23,25,29,22,-,25,22,31,25,-,19,16,3,0,-,16,3,11,30,3,9,7,19,0,6,18,24,12,0,11,23,7,2,9,11,0,16,27
2021-06-16,United States,France,1,3,23,25,29,22,-,25,22,31,25,-,20,16,3,1,-,16,1,18,35,3,8,6,17,1,5,18,24,8,1,11,20,16,2,22,10,0,26,36
2021-06-16,United States,France,1,3,23,25,29,22,-,25,22,31,25,-,23,17,5,1,-,17,8,15,40,5,8,7,20,1,8,21,30,11,2,12,25,18,1,20,9,0,29,38
2021-06-16,United States,France,1,3,23,25,29,22,-,25,22,31,25,-,12,8,3,1,-,8,5,14,27,3,5,9,17,1,5,16,22,5,0,14,19,11,6,18,3,0,25,28
2021-06-16,Brazil,Iran,3,1,25,23,25,25,-,19,25,19,21,-,18,14,3,1,-,14,3,10,27,3,5,1,9,1,6,18,25,3,1,10,14,9,0,9,3,0,25,28
2021-06-16,Brazil,Iran,3,1,25,23,25,25,-,19,25,19,21,-,15,13,2,0,-,13,7,17,37,2,5,2,9,0,0,23,23,4,2,13,19,13,6,20,2,0,34,36
2021-06-16,Brazil,Iran,3,1,25,23,25,25,-,19,25,19,21,-,16,14,2,0,-,14,3,11,28,2,4,2,8,0,8,17,25,4,1,8,13,13,1,14,1,0,26,27
2021-06-16,Brazil,Iran,3,1,25,23,25,25,-,19,25,19,21,-,15,8,5,2,-,8,2,12,22,5,4,0,9,2,2,20,24,6,1,8,15,7,4,11,1,0,20,21
2021-06-16,Iran,Brazil,1,3,19,25,19,21,-,25,23,25,25,-,11,9,1,1,-,9,4,14,27,1,5,1,7,1,5,13,19,10,1,8,19,8,3,11,3,0,22,25
2021-06-16,Iran,Brazil,1,3,19,25,19,21,-,25,23,25,25,-,22,16,4,2,-,16,4,13,33,4,5,0,9,2,6,17,25,11,0,12,23,8,1,9,7,0,25,32
2021-06-16,Iran,Brazil,1,3,19,25,19,21,-,25,23,25,25,-,9,7,1,1,-,7,4,16,27,1,4,0,5,1,6,12,19,5,0,12,17,8,2,10,2,0,22,24
2021-06-16,Iran,Brazil,1,3,19,25,19,21,-,25,23,25,25,-,18,16,1,1,-,16,8,7,31,1,3,0,4,1,7,14,22,14,2,6,22,8,3,11,6,0,23,29
2021-06-17,Argentina,Serbia,3,0,27,25,26,-,-,25,20,24,-,-,19,15,4,0,-,15,5,12,32,4,6,5,15,0,3,24,27,4,1,15,20,12,3,18,13,1,20,34
2021-06-17,Argentina,Serbia,3,0,27,25,26,-,-,25,20,24,-,-,16,13,2,1,-,13,4,5,22,2,6,2,10,1,5,18,24,9,0,9,18,4,2,7,11,0,11,22
2021-06-17,Argentina,Serbia,3,0,27,25,26,-,-,25,20,24,-,-,21,17,2,2,-,17,4,5,26,2,6,4,12,2,6,18,26,8,1,10,19,8,1,11,12,0,14,26
2021-06-17,Serbia,Argentina,0,3,25,20,24,-,-,27,25,26,-,-,18,15,2,1,-,15,7,12,34,2,3,7,12,1,5,19,25,6,0,18,24,10,5,16,9,0,24,33
2021-06-17,Serbia,Argentina,0,3,25,20,24,-,-,27,25,26,-,-,12,11,1,0,-,11,8,6,25,1,6,4,11,0,3,18,21,3,1,15,19,6,3,11,3,0,23,26
2021-06-17,Serbia,Argentina,0,3,25,20,24,-,-,27,25,26,-,-,17,12,4,1,-,12,2,7,21,4,6,0,10,1,5,18,24,3,2,15,20,5,4,11,8,0,14,22
2021-06-17,Bulgaria,Russia,0,3,17,22,17,-,-,25,25,25,-,-,8,5,0,3,-,5,3,13,21,0,7,3,10,3,2,12,17,3,4,10,17,8,3,11,2,0,20,22
2021-06-17,Bulgaria,Russia,0,3,17,22,17,-,-,25,25,25,-,-,11,7,2,2,-,7,4,6,17,2,5,4,11,2,6,15,23,2,1,12,15,4,5,10,2,1,16,19
2021-06-17,Bulgaria,Russia,0,3,17,22,17,-,-,25,25,25,-,-,13,12,1,0,-,12,5,10,27,1,8,8,17,0,2,15,17,8,1,11,20,8,2,10,2,1,26,29
2021-06-17,Russia,Bulgaria,3,0,25,25,25,-,-,17,22,17,-,-,21,16,1,4,-,16,1,4,21,1,1,6,8,4,8,13,25,5,3,7,15,11,3,15,5,0,15,20
2021-06-17,Russia,Bulgaria,3,0,25,25,25,-,-,17,22,17,-,-,17,13,3,1,-,13,3,5,21,3,3,3,9,1,9,14,24,3,2,12,17,7,2,9,7,0,14,21
2021-06-17,Russia,Bulgaria,3,0,25,25,25,-,-,17,22,17,-,-,20,16,3,1,-,16,1,10,27,3,8,2,13,1,4,19,24,5,0,10,15,12,2,16,4,0,24,28
2021-06-17,Canada,Japan,3,0,25,25,25,-,-,22,23,18,-,-,18,14,3,1,-,14,1,14,29,3,5,5,13,1,4,20,25,2,0,15,17,13,5,21,10,0,18,28
2021-06-17,Canada,Japan,3,0,25,25,25,-,-,22,23,18,-,-,19,18,0,1,-,18,2,10,30,0,9,7,16,1,3,20,24,7,1,13,21,9,2,15,9,1,17,27
2021-06-17,Canada,Japan,3,0,25,25,25,-,-,22,23,18,-,-,20,12,3,5,-,12,2,12,26,3,10,5,18,5,4,16,25,6,0,10,16,8,0,12,9,1,16,26
2021-06-17,Japan,Canada,0,3,22,23,18,-,-,25,25,25,-,-,17,17,0,0,-,17,5,11,33,0,4,7,11,0,5,17,22,5,1,15,21,14,6,22,9,0,24,33
2021-06-17,Japan,Canada,0,3,22,23,18,-,-,25,25,25,-,-,18,16,1,1,-,16,2,10,28,1,10,5,16,1,3,20,24,4,1,16,21,10,7,19,5,0,23,28
2021-06-17,Japan,Canada,0,3,22,23,18,-,-,25,25,25,-,-,10,9,1,0,-,9,5,13,27,1,10,5,16,0,2,16,18,3,5,13,21,13,0,13,4,1,24,29
2021-06-17,Australia,Brazil,0,3,17,22,12,-,-,25,25,25,-,-,13,12,1,0,-,12,4,16,32,1,5,4,10,0,2,16,18,5,1,16,22,10,6,17,3,0,26,29
2021-06-17,Australia,Brazil,0,3,17,22,12,-,-,25,25,25,-,-,19,15,2,2,-,15,4,19,38,2,4,3,9,2,3,17,22,7,1,14,22,13,7,21,4,0,32,36
2021-06-17,Australia,Brazil,0,3,17,22,12,-,-,25,25,25,-,-,8,8,0,0,-,8,5,12,25,0,5,1,6,0,4,9,13,6,1,15,22,9,2,12,2,0,25,27
2021-06-17,Brazil,Australia,3,0,25,25,25,-,-,17,22,12,-,-,20,18,1,1,-,18,3,8,29,1,4,7,12,1,2,21,24,6,0,10,16,15,5,22,8,0,20,28
2021-06-17,Brazil,Australia,3,0,25,25,25,-,-,17,22,12,-,-,19,17,1,1,-,17,2,9,28,1,9,7,17,1,3,21,25,9,2,8,19,9,2,15,10,0,18,28
2021-06-17,Brazil,Australia,3,0,25,25,25,-,-,17,22,12,-,-,18,13,4,1,-,13,2,8,23,4,3,8,15,1,2,21,24,6,0,3,9,14,1,15,7,0,15,22
2021-06-17,Iran,Slovenia,1,3,25,20,19,30,-,14,25,25,32,-,23,16,6,1,-,16,1,9,26,6,6,0,12,1,2,21,24,6,0,8,14,9,1,10,4,0,19,23
2021-06-17,Iran,Slovenia,1,3,25,20,19,30,-,14,25,25,32,-,11,7,4,0,-,7,6,8,21,4,4,0,8,0,1,20,21,3,2,13,18,4,8,12,4,1,16,21
2021-06-17,Iran,Slovenia,1,3,25,20,19,30,-,14,25,25,32,-,9,8,0,1,-,8,6,8,22,0,3,0,3,1,5,13,19,7,0,9,16,5,6,11,4,0,18,22
2021-06-17,Iran,Slovenia,1,3,25,20,19,30,-,14,25,25,32,-,24,20,2,2,-,20,1,10,31,2,7,2,11,2,5,24,31,13,1,13,27,4,12,17,7,1,23,31
2021-06-17,Slovenia,Iran,3,1,14,25,25,32,-,25,20,19,30,-,9,9,0,0,-,9,7,9,25,0,4,2,6,0,1,14,15,10,1,11,22,6,7,13,6,0,19,25
2021-06-17,Slovenia,Iran,3,1,14,25,25,32,-,25,20,19,30,-,18,14,2,2,-,14,7,9,30,2,2,1,5,2,6,16,24,9,0,11,20,8,4,12,9,0,18,27
2021-06-17,Slovenia,Iran,3,1,14,25,25,32,-,25,20,19,30,-,17,13,4,0,-,13,0,8,21,4,4,1,9,0,9,16,25,4,1,9,14,6,4,10,3,0,18,21
2021-06-17,Slovenia,Iran,3,1,14,25,25,32,-,25,20,19,30,-,25,24,0,1,-,24,3,9,36,0,7,1,8,1,4,26,31,15,2,9,26,9,10,19,10,1,25,36
2021-06-17,Netherlands,United States,2,3,25,17,25,15,13,21,25,23,25,15,17,14,0,3,-,14,1,10,25,0,5,1,6,3,3,18,24,3,0,13,16,9,2,12,3,0,20,23
2021-06-17,Netherlands,United States,2,3,25,17,25,15,13,21,25,23,25,15,8,6,1,1,-,6,4,9,19,1,5,2,8,1,6,11,18,6,3,9,18,4,2,6,4,0,15,19
2021-06-17,Netherlands,United States,2,3,25,17,25,15,13,21,25,23,25,15,17,16,0,1,-,16,4,14,34,0,3,8,11,1,4,19,24,4,3,12,19,17,3,20,8,0,24,32
2021-06-17,Netherlands,United States,2,3,25,17,25,15,13,21,25,23,25,15,11,9,2,0,-,9,2,13,24,2,6,1,9,0,0,16,16,3,3,16,22,8,5,13,4,0,23,27
2021-06-17,Netherlands,United States,2,3,25,17,25,15,13,21,25,23,25,15,8,6,0,2,-,6,2,8,16,0,1,2,3,2,3,8,13,2,3,7,12,7,3,10,2,0,14,16
2021-06-17,United States,Netherlands,3,2,21,25,23,25,15,25,17,25,15,13,18,17,1,0,-,17,2,5,24,1,5,5,11,0,6,16,22,11,3,7,21,8,5,15,7,0,16,23
2021-06-17,United States,Netherlands,3,2,21,25,23,25,15,25,17,25,15,13,18,12,3,3,-,12,4,3,19,3,3,3,9,3,6,15,24,5,1,6,12,8,1,10,4,0,14,18
2021-06-17,United States,Netherlands,3,2,21,25,23,25,15,25,17,25,15,13,17,12,2,3,-,12,3,14,29,2,7,6,15,3,5,16,24,5,1,14,20,12,3,16,3,0,28,31
2021-06-17,United States,Netherlands,3,2,21,25,23,25,15,25,17,25,15,13,24,19,2,3,-,19,4,3,26,2,6,10,18,3,2,19,24,9,0,7,16,10,1,11,11,0,14,25
2021-06-17,United States,Netherlands,3,2,21,25,23,25,15,25,17,25,15,13,10,7,0,3,-,7,1,5,13,0,3,5,8,3,3,9,15,2,2,6,10,6,2,9,3,1,10,14
2021-06-17,France,Italy,2,3,19,25,20,25,12,25,22,25,21,15,13,12,0,1,-,12,8,8,28,0,2,2,4,1,3,16,20,5,2,14,21,6,8,14,6,0,19,25
2021-06-17,France,Italy,2,3,19,25,20,25,12,25,22,25,21,15,19,16,3,0,-,16,1,10,27,3,4,1,8,0,7,17,24,5,0,14,19,7,7,14,5,0,22,27
2021-06-17,France,Italy,2,3,19,25,20,25,12,25,22,25,21,15,14,12,2,0,-,12,4,15,31,2,3,2,7,0,3,18,21,7,1,13,21,8,6,14,4,0,26,30
2021-06-17,France,Italy,2,3,19,25,20,25,12,25,22,25,21,15,20,17,1,2,-,17,3,10,30,1,3,2,6,2,4,18,24,4,2,12,18,6,3,9,5,0,24,29
2021-06-17,France,Italy,2,3,19,25,20,25,12,25,22,25,21,15,10,8,2,0,-,8,2,7,17,2,2,0,4,0,1,12,13,3,1,9,13,3,3,6,2,0,13,15
2021-06-17,Italy,France,3,2,25,22,25,21,15,19,25,20,25,12,18,11,5,2,-,11,2,6,19,5,2,3,10,2,3,19,24,10,1,6,17,5,3,8,8,1,12,21
2021-06-17,Italy,France,3,2,25,22,25,21,15,19,25,20,25,12,13,13,0,0,-,13,5,7,25,0,5,3,8,0,4,19,23,5,0,12,17,6,7,13,4,0,20,24
2021-06-17,Italy,France,3,2,25,22,25,21,15,19,25,20,25,12,21,17,3,1,-,17,4,13,34,3,3,1,7,1,3,20,24,11,0,7,18,12,1,13,4,1,29,34
2021-06-17,Italy,France,3,2,25,22,25,21,15,19,25,20,25,12,16,12,2,2,-,12,2,11,25,2,4,1,7,2,4,16,22,7,2,11,20,5,4,9,2,0,22,24
2021-06-17,Italy,France,3,2,25,22,25,21,15,19,25,20,25,12,13,11,1,1,-,11,3,3,17,1,0,3,4,1,1,12,14,8,0,4,12,3,3,6,2,0,16,18
2021-06-17,Germany,Poland,0,3,22,19,20,-,-,25,25,25,-,-,12,11,1,0,-,11,1,13,25,1,6,3,10,0,3,20,23,8,0,9,17,9,8,20,6,1,18,25
2021-06-17,Germany,Poland,0,3,22,19,20,-,-,25,25,25,-,-,12,11,0,1,-,11,6,10,27,0,5,4,9,1,3,15,19,3,1,16,20,9,4,14,6,1,20,27
2021-06-17,Germany,Poland,0,3,22,19,20,-,-,25,25,25,-,-,14,12,1,1,-,12,6,7,25,1,3,6,10,1,6,14,21,2,1,17,20,8,2,10,3,0,23,26
2021-06-17,Poland,Germany,3,0,25,25,25,-,-,22,19,20,-,-,20,20,0,0,-,20,4,9,33,0,3,6,9,0,7,17,24,3,0,17,20,14,5,21,11,0,21,32
2021-06-17,Poland,Germany,3,0,25,25,25,-,-,22,19,20,-,-,19,14,4,1,-,14,1,10,25,4,4,4,12,1,5,19,25,4,1,11,16,11,2,15,7,0,18,25
2021-06-17,Poland,Germany,3,0,25,25,25,-,-,22,19,20,-,-,16,12,3,1,-,12,3,11,26,3,6,4,13,1,4,19,24,4,1,10,15,11,3,14,10,0,15,25
2021-06-21,Australia,Serbia,1,3,16,13,25,15,-,25,25,19,25,-,10,9,0,1,-,9,8,9,26,0,6,0,6,1,2,13,16,7,2,11,20,7,2,9,7,0,19,26
2021-06-21,Australia,Serbia,1,3,16,13,25,15,-,25,25,19,25,-,8,7,1,0,-,7,4,10,21,1,5,1,7,0,4,10,14,3,3,14,20,5,5,10,3,0,16,19
2021-06-21,Australia,Serbia,1,3,16,13,25,15,-,25,25,19,25,-,19,12,2,5,-,12,6,6,24,2,1,2,5,5,2,17,24,10,0,8,18,6,5,11,5,0,19,24
2021-06-21,Australia,Serbia,1,3,16,13,25,15,-,25,25,19,25,-,9,6,3,0,-,6,6,16,28,3,3,0,6,0,3,13,16,7,1,12,20,10,5,15,4,0,25,29
2021-06-21,Serbia,Australia,3,1,25,25,19,25,-,16,13,25,15,-,20,13,5,2,-,13,1,8,22,5,4,1,10,2,5,18,25,5,1,8,14,6,2,8,3,0,18,21
2021-06-21,Serbia,Australia,3,1,25,25,19,25,-,16,13,25,15,-,19,14,2,3,-,14,2,5,21,2,2,4,8,3,4,17,24,7,0,3,10,8,0,10,5,0,15,20
2021-06-21,Serbia,Australia,3,1,25,25,19,25,-,16,13,25,15,-,14,11,3,0,-,11,4,5,20,3,5,1,9,0,2,18,20,7,5,10,22,3,4,7,7,2,12,21
2021-06-21,Serbia,Australia,3,1,25,25,19,25,-,16,13,25,15,-,16,14,1,1,-,14,4,8,26,1,3,2,6,1,4,19,24,8,0,5,13,5,1,6,6,0,19,25
2021-06-21,Bulgaria,Japan,0,3,23,18,14,-,-,25,25,25,-,-,19,13,4,2,-,13,3,11,27,4,6,5,15,2,4,18,24,6,1,14,21,9,4,13,5,0,20,25
2021-06-21,Bulgaria,Japan,0,3,23,18,14,-,-,25,25,25,-,-,16,13,3,0,-,13,4,17,34,3,4,4,11,0,1,17,18,2,0,23,25,13,10,23,5,0,29,34
2021-06-21,Bulgaria,Japan,0,3,23,18,14,-,-,25,25,25,-,-,9,8,1,0,-,8,5,8,21,1,4,2,7,0,4,11,15,3,2,15,20,3,5,8,9,0,11,20
2021-06-21,Japan,Bulgaria,3,0,25,25,25,-,-,23,18,14,-,-,20,17,2,1,-,17,5,9,31,2,8,7,17,1,3,20,24,5,2,13,20,12,3,15,5,0,25,30
2021-06-21,Japan,Bulgaria,3,0,25,25,25,-,-,23,18,14,-,-,22,20,2,0,-,20,5,9,34,2,7,5,14,0,0,25,25,7,0,10,17,17,5,24,8,0,25,33
2021-06-21,Japan,Bulgaria,3,0,25,25,25,-,-,23,18,14,-,-,17,13,2,2,-,13,2,5,20,2,5,1,8,2,4,18,24,3,0,8,11,9,2,13,4,0,17,21
2021-06-21,France,Iran,3,0,25,25,25,-,-,21,21,19,-,-,15,12,2,1,-,12,6,6,24,2,5,2,9,1,4,19,24,7,1,8,16,8,5,13,4,0,20,24
2021-06-21,France,Iran,3,0,25,25,25,-,-,21,21,19,-,-,19,15,2,2,-,15,1,7,23,2,4,2,8,2,5,18,25,8,1,10,19,5,3,9,5,0,19,24
2021-06-21,France,Iran,3,0,25,25,25,-,-,21,21,19,-,-,20,14,4,2,-,14,4,5,23,4,1,2,7,2,4,18,24,7,0,10,17,7,6,16,8,0,15,23
2021-06-21,Iran,France,0,3,21,21,19,-,-,25,25,25,-,-,15,10,4,1,-,10,6,8,24,4,5,1,10,1,6,15,22,11,1,8,20,5,0,6,1,1,22,24
2021-06-21,Iran,France,0,3,21,21,19,-,-,25,25,25,-,-,16,14,1,1,-,14,4,11,29,1,8,2,11,1,2,18,21,9,2,9,20,7,2,9,7,2,21,30
2021-06-21,Iran,France,0,3,21,21,19,-,-,25,25,25,-,-,14,11,3,0,-,11,5,8,24,3,6,3,12,0,3,17,20,9,2,9,20,3,2,5,7,0,15,22
2021-06-21,Canada,Netherlands,3,0,25,25,25,-,-,16,16,19,-,-,18,15,3,0,-,15,1,4,20,3,1,3,7,0,1,24,25,7,0,5,12,8,7,16,7,2,12,21
2021-06-21,Canada,Netherlands,3,0,25,25,25,-,-,16,16,19,-,-,20,12,4,4,-,12,5,6,23,4,3,7,14,4,5,15,24,4,0,10,14,10,2,12,8,0,15,23
2021-06-21,Canada,Netherlands,3,0,25,25,25,-,-,16,16,19,-,-,20,15,4,1,-,15,3,7,25,4,5,9,18,1,3,21,25,3,0,13,16,10,3,16,6,1,18,25
2021-06-21,Netherlands,Canada,0,3,16,16,19,-,-,25,25,25,-,-,11,11,0,0,-,11,7,11,29,0,2,2,4,0,3,12,15,9,0,15,24,6,3,10,10,0,16,26
2021-06-21,Netherlands,Canada,0,3,16,16,19,-,-,25,25,25,-,-,8,6,2,0,-,6,4,13,23,2,5,1,8,0,3,14,17,4,4,11,19,8,6,15,4,1,19,24
2021-06-21,Netherlands,Canada,0,3,16,16,19,-,-,25,25,25,-,-,13,12,1,0,-,12,6,15,33,1,5,1,7,0,3,16,19,6,1,15,22,12,3,16,9,0,24,33
2021-06-21,Brazil,Italy,3,1,25,32,22,25,-,19,30,25,20,-,17,16,1,0,-,16,3,18,37,1,4,13,18,0,6,18,24,1,1,16,18,18,1,22,10,0,26,36
2021-06-21,Brazil,Italy,3,1,25,32,22,25,-,19,30,25,20,-,27,21,3,3,-,21,2,16,39,3,11,4,18,3,2,27,32,7,0,20,27,12,4,19,14,0,24,38
2021-06-21,Brazil,Italy,3,1,25,32,22,25,-,19,30,25,20,-,14,13,0,1,-,13,4,5,22,0,9,4,13,1,3,18,22,6,1,12,19,4,5,10,7,0,15,22
2021-06-21,Brazil,Italy,3,1,25,32,22,25,-,19,30,25,20,-,19,17,1,1,-,17,3,7,27,1,5,11,17,1,5,19,25,6,1,9,16,13,1,16,7,1,20,28
2021-06-21,Italy,Brazil,1,3,19,30,25,20,-,25,32,22,25,-,12,8,3,1,-,8,5,19,32,3,7,12,22,1,2,17,20,2,0,16,18,13,6,22,7,0,24,31
2021-06-21,Italy,Brazil,1,3,19,30,25,20,-,25,32,22,25,-,28,26,2,0,-,26,5,8,39,2,6,11,19,0,3,27,30,4,3,23,30,12,5,19,11,0,25,36
2021-06-21,Italy,Brazil,1,3,19,30,25,20,-,25,32,22,25,-,21,17,3,1,-,17,2,6,25,3,7,3,13,1,6,18,25,6,1,12,19,9,5,14,4,0,20,24
2021-06-21,Italy,Brazil,1,3,19,30,25,20,-,25,32,22,25,-,12,10,1,1,-,10,1,17,28,1,11,1,13,1,4,15,20,4,1,15,20,10,1,14,6,2,22,30
2021-06-21,Slovenia,United States,3,2,28,25,21,28,15,30,19,25,26,13,21,17,4,0,-,17,3,17,37,4,10,3,17,0,4,25,29,2,1,23,26,12,4,20,4,1,34,39
2021-06-21,Slovenia,United States,3,2,28,25,21,28,15,30,19,25,26,13,21,20,1,0,-,20,4,6,30,1,4,5,10,0,6,18,24,5,0,12,17,12,1,14,5,0,24,29
2021-06-21,Slovenia,United States,3,2,28,25,21,28,15,30,19,25,26,13,14,11,2,1,-,11,4,11,26,2,3,1,6,1,7,14,22,5,2,12,19,9,5,18,4,0,23,27
2021-06-21,Slovenia,United States,3,2,28,25,21,28,15,30,19,25,26,13,17,12,2,3,-,12,5,6,23,2,5,0,7,3,6,18,27,7,2,10,19,5,2,9,7,0,16,23
2021-06-21,Slovenia,United States,3,2,28,25,21,28,15,30,19,25,26,13,11,9,2,0,-,9,1,3,13,2,3,5,10,0,2,13,15,1,1,8,10,3,2,5,1,0,12,13
2021-06-21,United States,Slovenia,2,3,30,19,25,26,13,28,25,21,28,15,22,19,2,1,-,19,8,16,43,2,8,6,16,1,3,25,29,9,0,16,25,19,6,28,13,0,28,41
2021-06-21,United States,Slovenia,2,3,30,19,25,26,13,28,25,21,28,15,12,9,3,0,-,9,1,13,23,3,12,3,18,0,3,17,20,3,0,15,18,10,2,12,6,0,17,23
2021-06-21,United States,Slovenia,2,3,30,19,25,26,13,28,25,21,28,15,14,11,1,2,-,11,3,10,24,1,6,2,9,2,5,17,24,6,1,8,15,11,1,15,12,0,12,24
2021-06-21,United States,Slovenia,2,3,30,19,25,26,13,28,25,21,28,15,19,13,4,2,-,13,5,5,23,4,5,4,13,2,8,17,27,7,3,11,21,5,0,5,5,0,18,23
2021-06-21,United States,Slovenia,2,3,30,19,25,26,13,28,25,21,28,15,10,9,0,1,-,9,3,6,18,0,8,1,9,1,3,9,13,4,0,9,13,5,1,7,7,0,11,18
2021-06-21,Argentina,Poland,0,3,21,22,18,-,-,25,25,25,-,-,13,12,1,0,-,12,1,11,24,1,6,6,13,0,5,17,22,3,3,14,20,9,6,15,9,0,15,24
2021-06-21,Argentina,Poland,0,3,21,22,18,-,-,25,25,25,-,-,16,15,0,1,-,15,3,8,26,0,3,3,6,1,7,14,22,5,1,14,20,7,4,14,8,0,18,26
2021-06-21,Argentina,Poland,0,3,21,22,18,-,-,25,25,25,-,-,10,10,0,0,-,10,2,11,23,0,8,8,16,0,5,14,19,5,3,10,18,6,5,15,9,0,14,23
2021-06-21,Poland,Argentina,3,0,25,25,25,-,-,21,22,18,-,-,19,15,1,3,-,15,4,9,28,1,10,5,16,3,4,17,24,3,0,14,17,9,2,16,9,0,19,28
2021-06-21,Poland,Argentina,3,0,25,25,25,-,-,21,22,18,-,-,16,14,1,1,-,14,1,7,22,1,6,5,12,1,5,19,25,3,1,11,15,7,3,10,8,0,12,20
2021-06-21,Poland,Argentina,3,0,25,25,25,-,-,21,22,18,-,-,19,15,1,3,-,15,1,14,30,1,4,7,12,3,6,15,24,5,0,9,14,15,3,20,9,0,21,30
2021-06-21,Germany,Russia,1,3,18,18,25,15,-,25,25,23,25,-,15,13,2,0,-,13,3,13,29,2,2,4,8,0,7,12,19,4,2,16,22,11,4,18,4,0,24,28
2021-06-21,Germany,Russia,1,3,18,18,25,15,-,25,25,23,25,-,9,6,3,0,-,6,6,8,20,3,4,2,9,0,2,16,18,6,2,10,18,5,3,9,3,0,17,20
2021-06-21,Germany,Russia,1,3,18,18,25,15,-,25,25,23,25,-,17,15,2,0,-,15,3,6,24,2,5,2,9,0,6,19,25,6,1,10,17,9,1,11,8,1,15,24
2021-06-21,Germany,Russia,1,3,18,18,25,15,-,25,25,23,25,-,8,8,0,0,-,8,3,14,25,0,9,4,13,0,1,14,15,8,3,9,20,9,3,13,5,0,20,25
2021-06-21,Russia,Germany,3,1,25,25,23,25,-,18,18,25,15,-,16,13,1,2,-,13,3,12,28,1,3,7,11,2,2,20,24,1,0,11,12,13,2,16,7,0,20,27
2021-06-21,Russia,Germany,3,1,25,25,23,25,-,18,18,25,15,-,22,15,5,2,-,15,5,5,25,5,4,2,11,2,7,16,25,6,0,10,16,8,1,10,5,0,19,24
2021-06-21,Russia,Germany,3,1,25,25,23,25,-,18,18,25,15,-,14,12,1,1,-,12,3,5,20,1,7,4,12,1,6,16,23,7,0,12,19,4,5,9,8,0,11,19
2021-06-21,Russia,Germany,3,1,25,25,23,25,-,18,18,25,15,-,23,18,2,3,-,18,1,7,26,2,3,9,14,3,5,17,25,2,0,12,14,12,1,13,8,1,19,28
2021-06-22,Australia,Canada,0,3,17,8,20,-,-,25,25,25,-,-,10,10,0,0,-,10,4,19,33,0,5,5,10,0,5,13,18,7,1,12,20,14,3,27,5,1,27,33
2021-06-22,Australia,Canada,0,3,17,8,20,-,-,25,25,25,-,-,6,5,0,1,-,5,5,13,23,0,4,4,8,1,1,6,8,3,4,16,23,7,3,12,2,1,21,24
2021-06-22,Australia,Canada,0,3,17,8,20,-,-,25,25,25,-,-,9,7,1,1,-,7,5,10,22,1,7,3,11,1,7,13,21,5,0,10,15,5,1,7,4,0,16,20
2021-06-22,Canada,Australia,3,0,25,25,25,-,-,17,8,20,-,-,19,14,4,1,-,14,2,16,32,4,2,10,16,1,4,19,24,5,0,8,13,18,4,25,9,0,20,29
2021-06-22,Canada,Australia,3,0,25,25,25,-,-,17,8,20,-,-,21,14,3,4,-,14,0,7,21,3,3,6,12,4,2,19,25,3,1,3,7,14,2,16,7,0,12,19
2021-06-22,Canada,Australia,3,0,25,25,25,-,-,17,8,20,-,-,16,13,3,0,-,13,2,6,21,3,5,6,14,0,9,15,24,9,1,4,14,8,1,11,6,1,14,21
2021-06-22,Netherlands,Serbia,2,3,21,25,18,25,15,25,21,25,21,17,16,13,1,2,-,13,3,6,22,1,3,3,7,2,3,17,22,7,4,10,21,6,7,15,3,0,19,22
2021-06-22,Netherlands,Serbia,2,3,21,25,18,25,15,25,21,25,21,17,19,13,5,1,-,13,3,6,22,5,4,3,12,1,3,20,24,8,4,6,18,8,3,12,5,1,16,22
2021-06-22,Netherlands,Serbia,2,3,21,25,18,25,15,25,21,25,21,17,11,9,2,0,-,9,5,8,22,2,5,5,12,0,4,15,19,6,2,11,19,6,3,11,6,0,17,23
2021-06-22,Netherlands,Serbia,2,3,21,25,18,25,15,25,21,25,21,17,20,15,2,3,-,15,1,8,24,2,7,3,12,3,6,15,24,4,1,13,18,8,1,11,5,0,18,23
2021-06-22,Netherlands,Serbia,2,3,21,25,18,25,15,25,21,25,21,17,11,10,1,0,-,10,2,4,16,1,6,2,9,0,2,14,16,3,1,10,14,4,5,9,5,0,11,16
2021-06-22,Serbia,Netherlands,3,2,25,21,25,21,17,21,25,18,25,15,21,15,2,4,-,15,2,7,24,2,2,4,8,4,3,17,24,1,2,16,19,7,6,15,7,1,17,25
2021-06-22,Serbia,Netherlands,3,2,25,21,25,21,17,21,25,18,25,15,14,10,0,4,-,10,6,5,21,0,4,4,8,4,4,14,22,9,1,11,21,3,3,7,5,1,17,23
2021-06-22,Serbia,Netherlands,3,2,25,21,25,21,17,21,25,18,25,15,18,14,2,2,-,14,3,9,26,2,7,4,13,2,5,17,24,6,0,9,15,9,2,12,3,0,21,24
2021-06-22,Serbia,Netherlands,3,2,25,21,25,21,17,21,25,18,25,15,14,13,0,1,-,13,2,6,21,0,7,6,13,1,4,17,22,5,3,10,18,5,2,8,8,0,12,20
2021-06-22,Serbia,Netherlands,3,2,25,21,25,21,17,21,25,18,25,15,14,12,1,1,-,12,3,3,18,1,6,1,8,1,2,13,16,6,0,8,14,4,3,7,5,0,13,18
2021-06-22,Bulgaria,United States,0,3,19,24,9,-,-,25,26,25,-,-,13,12,1,0,-,12,7,15,34,1,6,8,15,0,2,17,19,5,2,17,24,11,2,16,3,1,29,33
2021-06-22,Bulgaria,United States,0,3,19,24,9,-,-,25,26,25,-,-,14,13,1,0,-,13,5,4,22,1,7,6,14,0,4,21,25,5,1,13,19,4,2,6,7,0,15,22
2021-06-22,Bulgaria,United States,0,3,19,24,9,-,-,25,26,25,-,-,5,5,0,0,-,5,7,12,24,0,4,4,8,0,3,6,9,4,2,14,20,7,5,13,2,1,22,25
2021-06-22,United States,Bulgaria,3,0,25,26,25,-,-,19,24,9,-,-,17,13,2,2,-,13,5,15,33,2,7,8,17,2,1,22,25,6,0,11,17,16,4,22,9,0,25,34
2021-06-22,United States,Bulgaria,3,0,25,26,25,-,-,19,24,9,-,-,20,16,3,1,-,16,4,7,27,3,3,1,7,1,6,18,25,7,0,14,21,8,7,15,9,0,18,27
2021-06-22,United States,Bulgaria,3,0,25,26,25,-,-,19,24,9,-,-,16,12,2,2,-,12,0,5,17,2,4,11,17,2,4,18,24,3,0,3,6,11,0,12,4,0,13,17
2021-06-22,Iran,Poland,0,3,20,20,16,-,-,25,25,25,-,-,16,12,3,1,-,12,7,13,32,3,5,5,13,1,4,16,21,6,2,15,23,14,1,15,6,1,28,35
2021-06-22,Iran,Poland,0,3,20,20,16,-,-,25,25,25,-,-,11,10,0,1,-,10,5,8,23,0,7,2,9,1,6,13,20,2,1,18,21,7,2,12,4,0,20,24
2021-06-22,Iran,Poland,0,3,20,20,16,-,-,25,25,25,-,-,8,5,2,1,-,5,7,15,27,2,3,4,9,1,5,11,17,4,3,15,22,13,1,14,3,2,25,30
2021-06-22,Poland,Iran,3,0,25,25,25,-,-,20,20,16,-,-,17,11,4,2,-,11,5,10,26,4,6,9,19,2,1,21,24,8,1,8,17,11,2,14,7,0,20,27
2021-06-22,Poland,Iran,3,0,25,25,25,-,-,20,20,16,-,-,17,13,3,1,-,13,4,6,23,3,8,4,15,1,4,20,25,3,1,10,14,10,1,13,7,0,15,22
2021-06-22,Poland,Iran,3,0,25,25,25,-,-,20,20,16,-,-,14,7,4,3,-,7,6,6,19,4,3,10,17,3,2,19,24,2,1,9,12,8,1,11,4,1,14,19
2021-06-22,Japan,Slovenia,0,3,16,16,26,-,-,25,25,28,-,-,13,13,0,0,-,13,7,6,26,0,3,2,5,0,3,13,16,8,2,14,24,5,5,10,5,0,20,25
2021-06-22,Japan,Slovenia,0,3,16,16,26,-,-,25,25,28,-,-,10,9,1,0,-,9,3,6,18,1,4,0,5,0,2,15,17,5,2,11,18,2,4,6,4,1,14,19
2021-06-22,Japan,Slovenia,0,3,16,16,26,-,-,25,25,28,-,-,21,16,3,2,-,16,9,19,44,3,5,2,10,2,2,22,26,11,1,14,26,14,5,19,11,1,34,46
2021-06-22,Slovenia,Japan,3,0,25,25,28,-,-,16,16,26,-,-,17,13,2,2,-,13,2,6,21,2,4,1,7,2,1,22,25,3,0,10,13,6,3,9,7,0,13,20
2021-06-22,Slovenia,Japan,3,0,25,25,28,-,-,16,16,26,-,-,22,17,3,2,-,17,1,5,23,3,3,1,7,2,6,16,24,7,0,8,15,5,3,8,9,0,13,22
2021-06-22,Slovenia,Japan,3,0,25,25,28,-,-,16,16,26,-,-,21,15,5,1,-,15,5,16,36,5,6,2,13,1,2,25,28,5,2,17,24,10,3,13,6,1,29,36
2021-06-22,Argentina,France,0,3,24,21,22,-,-,26,25,25,-,-,17,14,3,0,-,14,4,10,28,3,3,3,9,0,8,17,25,3,3,17,23,11,3,14,7,1,22,30
2021-06-22,Argentina,France,0,3,24,21,22,-,-,26,25,25,-,-,12,10,2,0,-,10,4,7,21,2,8,5,15,0,4,17,21,6,2,11,19,6,2,11,9,0,13,22
2021-06-22,Argentina,France,0,3,24,21,22,-,-,26,25,25,-,-,15,13,2,0,-,13,4,9,26,2,5,1,8,0,4,19,23,3,1,15,19,9,3,14,9,0,16,25
2021-06-22,France,Argentina,3,0,26,25,25,-,-,24,21,22,-,-,15,10,2,3,-,10,7,8,25,2,6,3,11,3,2,20,25,5,0,12,17,9,7,16,5,1,19,25
2021-06-22,France,Argentina,3,0,26,25,25,-,-,24,21,22,-,-,20,15,3,2,-,15,4,10,29,3,3,2,8,2,6,17,25,6,0,11,17,14,3,17,11,1,18,30
2021-06-22,France,Argentina,3,0,26,25,25,-,-,24,21,22,-,-,20,16,3,1,-,16,4,9,29,3,3,4,10,1,5,18,24,4,0,15,19,10,1,13,8,0,17,25
2021-06-22,Brazil,Germany,3,0,25,25,25,-,-,21,21,23,-,-,18,14,3,1,-,14,4,10,28,3,4,2,9,1,7,16,24,8,1,7,16,9,1,10,10,0,17,27
2021-06-22,Brazil,Germany,3,0,25,25,25,-,-,21,21,23,-,-,16,14,1,1,-,14,3,10,27,1,4,1,6,1,4,20,25,4,2,9,15,12,2,14,5,0,19,24
2021-06-22,Brazil,Germany,3,0,25,25,25,-,-,21,21,23,-,-,17,15,1,1,-,15,4,15,34,1,6,1,8,1,5,18,24,12,0,7,19,12,4,16,9,0,25,34
2021-06-22,Germany,Brazil,0,3,21,21,23,-,-,25,25,25,-,-,12,9,2,1,-,9,3,13,25,2,6,1,9,1,6,15,22,7,1,9,17,6,4,10,2,0,23,25
2021-06-22,Germany,Brazil,0,3,21,21,23,-,-,25,25,25,-,-,15,12,1,2,-,12,3,9,24,1,6,2,9,2,6,13,21,7,1,13,21,2,3,7,4,0,20,24
2021-06-22,Germany,Brazil,0,3,21,21,23,-,-,25,25,25,-,-,15,13,2,0,-,13,4,13,30,2,4,3,9,0,5,19,24,6,1,12,19,8,5,13,5,0,26,31
2021-06-22,Italy,Russia,2,3,21,25,17,25,12,25,16,25,19,15,14,11,2,1,-,11,7,8,26,2,3,1,6,1,4,17,22,5,1,11,17,11,5,17,4,0,21,25
2021-06-22,Italy,Russia,2,3,21,25,17,25,12,25,16,25,19,15,20,13,5,2,-,13,3,8,24,5,4,4,13,2,3,19,24,3,0,12,15,9,2,11,6,0,17,23
2021-06-22,Italy,Russia,2,3,21,25,17,25,12,25,16,25,19,15,13,9,2,2,-,9,3,13,25,2,1,1,4,2,4,12,18,5,2,13,20,10,6,17,7,1,17,25
2021-06-22,Italy,Russia,2,3,21,25,17,25,12,25,16,25,19,15,18,15,1,2,-,15,6,4,25,1,3,3,7,2,2,20,24,4,1,13,18,9,1,10,4,1,21,26
2021-06-22,Italy,Russia,2,3,21,25,17,25,12,25,16,25,19,15,10,9,0,1,-,9,1,3,13,0,3,1,4,1,2,9,12,2,1,10,13,3,3,7,0,0,14,14
2021-06-22,Russia,Italy,3,2,25,16,25,19,15,21,25,17,25,12,16,13,2,1,-,13,2,7,22,2,5,5,12,1,7,16,24,6,1,11,18,6,1,8,10,0,12,22
2021-06-22,Russia,Italy,3,2,25,16,25,19,15,21,25,17,25,12,11,10,1,0,-,10,8,6,24,1,8,0,9,0,2,15,17,8,2,11,21,5,1,10,6,0,18,24
2021-06-22,Russia,Italy,3,2,25,16,25,19,15,21,25,17,25,12,19,14,3,2,-,14,2,6,22,3,3,7,13,2,4,18,24,3,2,9,14,9,2,11,6,0,16,22
2021-06-22,Russia,Italy,3,2,25,16,25,19,15,21,25,17,25,12,12,9,2,1,-,9,6,7,22,2,7,2,11,1,2,17,20,3,2,17,22,5,2,7,3,0,19,22
2021-06-22,Russia,Italy,3,2,25,16,25,19,15,21,25,17,25,12,12,10,1,1,-,10,0,5,15,1,2,1,4,1,2,12,15,1,1,8,10,5,3,8,3,0,11,14
2021-06-23,Australia,Netherlands,0,3,23,19,19,-,-,25,25,25,-,-,14,12,2,0,-,12,5,5,22,2,4,3,9,0,4,20,24,7,2,7,16,8,3,11,4,0,16,20
2021-06-23,Australia,Netherlands,0,3,23,19,19,-,-,25,25,25,-,-,13,12,1,0,-,12,6,9,27,1,6,0,7,0,1,18,19,9,3,10,22,7,4,11,6,0,18,24
2021-06-23,Australia,Netherlands,0,3,23,19,19,-,-,25,25,25,-,-,13,9,3,1,-,9,3,6,18,3,4,1,8,1,5,14,20,8,3,8,19,4,6,10,3,0,16,19
2021-06-23,Netherlands,Australia,3,0,25,25,25,-,-,23,19,19,-,-,16,13,1,2,-,13,3,12,28,1,3,3,7,2,8,14,24,9,0,11,20,6,2,9,7,0,22,29
2021-06-23,Netherlands,Australia,3,0,25,25,25,-,-,23,19,19,-,-,22,15,4,3,-,15,4,3,22,4,3,2,9,3,3,19,25,11,0,7,18,4,4,10,7,0,15,22
2021-06-23,Netherlands,Australia,3,0,25,25,25,-,-,23,19,19,-,-,20,14,3,3,-,14,4,5,23,3,4,0,7,3,5,16,24,8,1,6,15,7,2,10,4,0,18,22
2021-06-23,Canada,Serbia,3,2,17,21,25,25,17,25,25,17,20,15,11,7,4,0,-,7,3,14,24,4,6,6,16,0,4,13,17,3,2,15,20,7,3,13,5,0,19,24
2021-06-23,Canada,Serbia,3,2,17,21,25,25,17,25,25,17,20,15,10,8,2,0,-,8,3,11,22,2,7,3,12,0,5,17,22,7,3,5,15,6,4,11,1,1,18,20
2021-06-23,Canada,Serbia,3,2,17,21,25,25,17,25,25,17,20,15,19,15,4,0,-,15,3,10,28,4,4,12,20,0,2,22,24,5,1,9,15,17,2,20,6,0,21,27
2021-06-23,Canada,Serbia,3,2,17,21,25,25,17,25,25,17,20,15,14,8,5,1,-,8,4,17,29,5,8,3,16,1,2,22,25,3,1,9,13,16,2,19,5,0,24,29
2021-06-23,Canada,Serbia,3,2,17,21,25,25,17,25,25,17,20,15,13,9,4,0,-,9,4,10,23,4,4,2,10,0,1,15,16,7,1,5,13,11,2,13,4,0,20,24
2021-06-23,Serbia,Canada,2,3,25,25,17,20,15,17,21,25,25,17,19,16,1,2,-,16,4,8,28,1,1,7,9,2,5,18,25,8,0,5,13,16,2,19,9,1,18,28
2021-06-23,Serbia,Canada,2,3,25,25,17,20,15,17,21,25,25,17,18,13,2,3,-,13,3,8,24,2,5,7,14,3,9,12,24,4,0,13,17,11,1,12,6,1,18,25
2021-06-23,Serbia,Canada,2,3,25,25,17,20,15,17,21,25,25,17,13,11,1,1,-,11,7,20,38,1,3,5,9,1,3,14,18,6,0,16,22,17,4,22,5,0,36,41
2021-06-23,Serbia,Canada,2,3,25,25,17,20,15,17,21,25,25,17,16,13,2,1,-,13,9,8,30,2,3,12,17,1,7,12,20,9,1,13,23,8,0,10,5,0,25,30
2021-06-23,Serbia,Canada,2,3,25,25,17,20,15,17,21,25,25,17,13,9,3,1,-,9,5,7,21,3,4,4,11,1,3,12,16,3,0,12,15,7,2,11,4,0,17,21
2021-06-23,Japan,United States,0,3,21,23,20,-,-,25,25,25,-,-,13,12,0,1,-,12,6,10,28,0,1,0,1,1,6,15,22,8,0,10,18,8,6,15,3,0,24,27
2021-06-23,Japan,United States,0,3,21,23,20,-,-,25,25,25,-,-,13,10,2,1,-,10,3,14,27,2,3,3,8,1,4,18,23,9,1,7,17,4,6,10,7,0,19,26
2021-06-23,Japan,United States,0,3,21,23,20,-,-,25,25,25,-,-,14,13,1,0,-,13,3,17,33,1,3,0,4,0,3,18,21,7,1,12,20,11,5,16,2,0,29,31
2021-06-23,United States,Japan,3,0,25,25,25,-,-,21,23,20,-,-,17,13,4,0,-,13,2,9,24,4,4,0,8,0,6,18,24,7,1,8,16,9,4,13,7,0,16,23
2021-06-23,United States,Japan,3,0,25,25,25,-,-,21,23,20,-,-,21,17,3,1,-,17,2,8,27,3,7,3,13,1,8,16,25,6,1,12,19,5,4,10,8,0,17,25
2021-06-23,United States,Japan,3,0,25,25,25,-,-,21,23,20,-,-,22,18,3,1,-,18,3,7,28,3,2,1,6,1,4,19,24,11,0,7,18,9,6,17,7,0,18,25
2021-06-23,France,Poland,3,2,25,21,22,25,15,22,25,25,20,11,15,12,2,1,-,12,4,10,26,2,6,4,12,1,4,19,24,7,0,8,15,10,3,15,1,0,24,25
2021-06-23,France,Poland,3,2,25,21,22,25,15,22,25,25,20,11,15,11,1,3,-,11,7,10,28,1,2,6,9,3,6,13,22,7,1,12,20,10,2,13,4,1,22,27
2021-06-23,France,Poland,3,2,25,21,22,25,15,22,25,25,20,11,15,13,2,0,-,13,6,7,26,2,7,5,14,0,5,17,22,11,1,7,19,9,2,12,6,0,19,25
2021-06-23,France,Poland,3,2,25,21,22,25,15,22,25,25,20,11,17,14,3,0,-,14,3,8,25,3,4,5,12,0,4,21,25,5,1,8,14,9,2,11,7,0,17,24
2021-06-23,France,Poland,3,2,25,21,22,25,15,22,25,25,20,11,11,7,3,1,-,7,4,6,17,3,2,4,9,1,1,12,14,4,0,7,11,6,1,7,3,0,15,18
2021-06-23,Poland,France,2,3,22,25,25,20,11,25,21,22,25,15,16,13,3,0,-,13,4,9,26,3,7,3,13,0,8,15,23,9,1,10,20,11,1,14,7,0,22,29
2021-06-23,Poland,France,2,3,22,25,25,20,11,25,21,22,25,15,16,10,5,1,-,10,3,9,22,5,2,7,14,1,4,19,24,8,3,5,16,8,3,12,7,0,16,23
2021-06-23,Poland,France,2,3,22,25,25,20,11,25,21,22,25,15,19,13,5,1,-,13,3,7,23,5,5,5,15,1,6,18,25,6,0,11,17,7,5,12,3,0,20,23
2021-06-23,Poland,France,2,3,22,25,25,20,11,25,21,22,25,15,13,11,1,1,-,11,5,8,24,1,6,5,12,1,6,13,20,7,0,14,21,7,1,9,6,0,19,25
2021-06-23,Poland,France,2,3,22,25,25,20,11,25,21,22,25,15,6,5,1,0,-,5,4,5,14,1,3,2,6,0,1,11,12,6,1,6,13,3,2,7,6,1,9,16
2021-06-23,Argentina,Iran,3,1,33,25,30,25,-,31,23,32,18,-,23,19,4,0,-,19,5,10,34,4,7,1,12,0,7,26,33,8,1,17,26,8,3,13,14,0,18,32
2021-06-23,Argentina,Iran,3,1,33,25,30,25,-,31,23,32,18,-,14,12,1,1,-,12,2,6,20,1,8,1,10,1,3,20,24,5,2,11,18,6,2,8,5,0,16,21
2021-06-23,Argentina,Iran,3,1,33,25,30,25,-,31,23,32,18,-,22,19,2,1,-,19,4,12,35,2,5,3,10,1,9,21,31,5,1,20,26,12,4,18,12,1,24,37
2021-06-23,Argentina,Iran,3,1,33,25,30,25,-,31,23,32,18,-,21,15,5,1,-,15,4,4,23,5,4,6,15,1,4,19,24,3,1,12,16,9,2,13,11,0,12,23
2021-06-23,Iran,Argentina,1,3,31,23,32,18,-,33,25,30,25,-,22,17,4,1,-,17,8,5,30,4,4,5,13,1,5,25,31,10,0,16,26,4,8,16,11,1,18,30
2021-06-23,Iran,Argentina,1,3,31,23,32,18,-,33,25,30,25,-,19,16,1,2,-,16,3,2,21,1,6,4,11,2,6,16,24,5,1,15,21,2,4,9,7,2,15,24
2021-06-23,Iran,Argentina,1,3,31,23,32,18,-,33,25,30,25,-,21,17,3,1,-,17,4,11,32,3,8,5,16,1,5,25,31,7,1,14,22,12,5,19,8,1,23,32
2021-06-23,Iran,Argentina,1,3,31,23,32,18,-,33,25,30,25,-,11,9,1,1,-,9,6,13,28,1,7,1,9,1,3,15,19,5,1,14,20,9,2,11,6,0,21,27
2021-06-23,Bulgaria,Slovenia,0,3,23,16,18,-,-,25,25,25,-,-,16,12,4,0,-,12,3,9,24,4,7,4,15,0,7,16,23,6,1,13,20,5,3,10,7,2,16,25
2021-06-23,Bulgaria,Slovenia,0,3,23,16,18,-,-,25,25,25,-,-,13,10,2,1,-,10,7,6,23,2,6,1,9,1,5,11,17,5,1,16,22,3,0,6,10,0,13,23
2021-06-23,Bulgaria,Slovenia,0,3,23,16,18,-,-,25,25,25,-,-,15,12,2,1,-,12,6,9,27,2,7,2,11,1,5,12,18,7,1,15,23,3,2,7,10,0,13,23
2021-06-23,Slovenia,Bulgaria,3,0,25,25,25,-,-,23,16,18,-,-,14,12,1,1,-,12,6,8,26,1,4,5,10,1,5,19,25,4,0,12,16,11,6,17,5,0,21,26
2021-06-23,Slovenia,Bulgaria,3,0,25,25,25,-,-,23,16,18,-,-,13,11,1,1,-,11,3,5,19,1,6,3,10,1,2,21,24,6,1,5,12,8,3,11,8,0,10,18
2021-06-23,Slovenia,Bulgaria,3,0,25,25,25,-,-,23,16,18,-,-,17,13,3,1,-,13,3,4,20,3,5,5,13,1,2,22,25,2,1,10,13,10,2,15,5,0,17,22
2021-06-23,Germany,Italy,2,3,12,26,22,25,13,25,24,25,21,15,9,9,0,0,-,9,7,10,26,0,3,1,4,0,6,6,12,6,1,16,23,6,5,12,9,0,18,27
2021-06-23,Germany,Italy,2,3,12,26,22,25,13,25,24,25,21,15,17,13,1,3,-,13,2,16,31,1,9,3,13,3,4,19,26,7,0,10,17,15,4,23,7,0,24,31
2021-06-23,Germany,Italy,2,3,12,26,22,25,13,25,24,25,21,15,16,13,2,1,-,13,6,9,28,2,8,3,13,1,4,17,22,7,2,12,21,10,2,13,9,1,18,28
2021-06-23,Germany,Italy,2,3,12,26,22,25,13,25,24,25,21,15,14,8,5,1,-,8,5,12,25,5,3,5,13,1,4,20,25,3,2,9,14,14,2,18,2,0,23,25
2021-06-23,Germany,Italy,2,3,12,26,22,25,13,25,24,25,21,15,10,9,1,0,-,9,5,7,21,1,0,2,3,0,3,11,14,4,0,8,12,8,2,10,6,0,14,20
2021-06-23,Italy,Germany,3,2,25,24,25,21,15,12,26,22,25,13,15,11,3,1,-,11,0,5,16,3,3,6,12,1,2,22,25,1,0,5,6,11,4,16,4,1,9,14
2021-06-23,Italy,Germany,3,2,25,24,25,21,15,12,26,22,25,13,19,18,1,0,-,18,2,17,37,1,5,6,12,0,7,17,24,3,3,16,22,18,0,19,8,1,28,37
2021-06-23,Italy,Germany,3,2,25,24,25,21,15,12,26,22,25,13,17,12,3,2,-,12,4,11,27,3,4,4,11,2,4,19,25,3,1,14,18,12,5,17,6,0,22,28
2021-06-23,Italy,Germany,3,2,25,24,25,21,15,12,26,22,25,13,16,10,4,2,-,10,9,12,31,4,3,6,13,2,7,12,21,5,1,15,21,11,2,14,8,0,21,29
2021-06-23,Italy,Germany,3,2,25,24,25,21,15,12,26,22,25,13,11,7,4,0,-,7,2,5,14,4,7,3,14,0,2,12,14,5,0,6,11,4,1,7,4,0,11,15
2021-06-23,Brazil,Russia,0,3,21,26,20,-,-,25,28,25,-,-,15,11,2,2,-,11,7,3,21,2,6,2,10,2,2,18,22,5,1,13,19,4,6,11,7,0,14,21
2021-06-23,Brazil,Russia,0,3,21,26,20,-,-,25,28,25,-,-,18,16,1,1,-,16,6,9,31,1,7,7,15,1,4,21,26,4,4,15,23,13,2,18,6,0,25,31
2021-06-23,Brazil,Russia,0,3,21,26,20,-,-,25,28,25,-,-,11,9,1,1,-,9,5,6,20,1,3,4,8,1,5,15,21,2,2,15,19,6,2,9,5,0,16,21
2021-06-23,Russia,Brazil,3,0,25,28,25,-,-,21,26,20,-,-,17,14,2,1,-,14,3,4,21,2,1,0,3,1,5,18,24,2,2,16,20,3,4,8,7,0,14,21
2021-06-23,Russia,Brazil,3,0,25,28,25,-,-,21,26,20,-,-,20,13,3,4,-,13,3,17,33,3,10,6,19,4,5,19,28,4,1,17,22,12,1,13,8,1,22,31
2021-06-23,Russia,Brazil,3,0,25,28,25,-,-,21,26,20,-,-,19,13,4,2,-,13,3,5,21,4,3,2,9,2,5,17,24,5,1,10,16,4,5,12,6,1,13,20
2021-06-26,Brazil,France,3,0,25,25,25,-,-,20,18,19,-,-,18,14,3,1,-,14,2,8,24,3,5,6,14,1,5,18,24,6,0,11,17,9,4,13,7,1,18,26
2021-06-26,Brazil,France,3,0,25,25,25,-,-,20,18,19,-,-,23,18,4,1,-,18,1,9,28,4,8,5,17,1,3,21,25,4,1,13,18,9,2,11,4,0,22,26
2021-06-26,Brazil,France,3,0,25,25,25,-,-,20,18,19,-,-,16,13,2,1,-,13,6,4,23,2,1,11,14,1,4,19,24,2,1,11,14,10,1,12,7,0,16,23
2021-06-26,France,Brazil,0,3,20,18,19,-,-,25,25,25,-,-,13,12,1,0,-,12,6,9,27,1,3,3,7,0,4,17,21,7,1,11,19,9,0,10,7,0,19,26
2021-06-26,France,Brazil,0,3,20,18,19,-,-,25,25,25,-,-,13,11,1,1,-,11,5,10,26,1,6,2,9,1,0,17,18,5,1,16,22,8,7,17,2,0,24,26
2021-06-26,France,Brazil,0,3,20,18,19,-,-,25,25,25,-,-,10,8,1,1,-,8,5,13,26,1,6,2,9,1,6,13,20,7,1,12,20,9,4,14,7,0,18,25
2021-06-26,Poland,Slovenia,3,0,25,25,25,-,-,22,21,23,-,-,18,12,5,1,-,12,4,12,28,5,5,7,17,1,3,21,25,7,2,9,18,11,2,17,5,0,22,27
2021-06-26,Poland,Slovenia,3,0,25,25,25,-,-,22,21,23,-,-,21,14,4,3,-,14,4,5,23,4,7,4,15,3,2,19,24,4,2,12,18,7,4,11,4,0,19,23
2021-06-26,Poland,Slovenia,3,0,25,25,25,-,-,22,21,23,-,-,18,11,5,2,-,11,4,7,22,5,4,2,11,2,6,17,25,6,1,10,17,6,2,9,7,0,15,22
2021-06-26,Slovenia,Poland,0,3,22,21,23,-,-,25,25,25,-,-,17,13,2,2,-,13,8,14,35,2,4,4,10,2,4,16,22,5,1,16,22,14,1,19,6,0,28,34
2021-06-26,Slovenia,Poland,0,3,22,21,23,-,-,25,25,25,-,-,16,13,1,2,-,13,4,6,23,1,2,3,6,2,4,16,22,4,3,15,22,5,5,11,5,0,18,23
2021-06-26,Slovenia,Poland,0,3,22,21,23,-,-,25,25,25,-,-,16,12,3,1,-,12,6,7,25,3,6,4,13,1,6,16,23,7,2,10,19,8,2,11,8,0,18,26
2021-06-27,France,Slovenia,3,0,25,25,25,-,-,20,18,19,-,-,20,14,4,2,-,14,2,7,23,4,7,3,14,2,3,19,24,8,2,8,18,7,2,11,6,0,16,22
2021-06-27,France,Slovenia,3,0,25,25,25,-,-,20,18,19,-,-,19,13,4,2,-,13,3,6,22,4,5,4,13,2,4,19,25,3,0,11,14,9,3,12,2,0,18,20
2021-06-27,France,Slovenia,3,0,25,25,25,-,-,20,18,19,-,-,21,17,3,1,-,17,5,8,30,3,4,8,15,1,5,18,24,6,1,9,16,14,1,15,7,0,22,29
2021-06-27,Slovenia,France,0,3,20,18,19,-,-,25,25,25,-,-,16,13,1,2,-,13,6,9,28,1,5,5,11,2,3,16,21,7,2,12,21,12,2,15,8,0,22,30
2021-06-27,Slovenia,France,0,3,20,18,19,-,-,25,25,25,-,-,11,10,1,0,-,10,6,10,26,1,9,1,11,0,4,14,18,6,2,13,21,8,1,10,5,0,22,27
2021-06-27,Slovenia,France,0,3,20,18,19,-,-,25,25,25,-,-,13,8,4,1,-,8,3,12,23,4,10,6,20,1,4,15,20,3,1,15,19,6,0,7,4,0,18,22
2021-06-27,Brazil,Poland,3,1,22,25,25,25,-,25,23,16,14,-,17,16,1,0,-,16,4,13,33,1,6,4,11,0,2,21,23,5,1,15,21,13,7,21,6,0,27,33
2021-06-27,Brazil,Poland,3,1,22,25,25,25,-,25,23,16,14,-,18,14,2,2,-,14,6,10,30,2,3,4,9,2,6,16,24,6,0,14,20,10,4,14,8,0,23,31
2021-06-27,Brazil,Poland,3,1,22,25,25,25,-,25,23,16,14,-,17,12,3,2,-,12,2,7,21,3,1,7,11,2,4,19,25,5,1,6,12,10,2,13,4,0,17,21
2021-06-27,Brazil,Poland,3,1,22,25,25,25,-,25,23,16,14,-,17,12,3,2,-,12,1,5,18,3,3,2,8,2,5,17,24,1,1,7,9,10,2,14,4,0,14,18
2021-06-27,Poland,Brazil,1,3,25,23,16,14,-,22,25,25,25,-,21,18,2,1,-,18,2,9,29,2,7,4,13,1,3,20,24,4,0,17,21,9,5,17,5,1,24,30
2021-06-27,Poland,Brazil,1,3,25,23,16,14,-,22,25,25,25,-,14,10,4,0,-,10,5,10,25,4,3,5,12,0,4,20,24,6,2,10,18,10,3,14,5,0,19,24
2021-06-27,Poland,Brazil,1,3,25,23,16,14,-,22,25,25,25,-,10,9,0,1,-,9,6,10,25,0,5,3,8,1,4,11,16,4,2,15,21,6,2,10,4,0,21,25
2021-06-27,Poland,Brazil,1,3,25,23,16,14,-,22,25,25,25,-,9,7,1,1,-,7,5,10,22,1,4,2,7,1,6,8,15,7,2,10,19,6,3,9,10,0,13,23
