Season,Y/M/D,Team,VS_Team,SET_Won,SET_Lost,Point1,Point2,Point3,Point4,Point5,VS_Point1,VS_Point2,VS_Point3,VS_Point4,VS_Point5,SCORING_Total ABS,SCORING_Attack Points,SCORING_Block Points,SCORING_Serve Points,SCORING_Errors,ATTACK_Point,ATTACK_Errors,ATTACK_Attempts,ATTACK_Total,BLOCK_Point,BLOCK_Errors,BLOCK_Touches,BLOCK_Total,SERVE_Point,SERVE_Errors,SERVE_Attempts,SERVE_Total,RECEPTION_Successful,RECEPTION_Errors,RECEPTION_Attempts,RECEPTION_Total,DIG_Digs,DIG_Errors,DIG_Total,SET_Point,SET_Errors,SET_Attempts,SET_Total,Match_ID,Won,Attack_Efficiency,SERVE_Efficiency,RECEPTION_Efficiency,BLOCK_Efficiency,DIG_Efficiency,Serve_Efficiency,Reception_Efficiency
2021,2021-05-28,Argentina,Brazil,0,3,29,24,16,0,0,31,26,25,0,0,54,38,13,3,-,38,13,27,78,13,16,3,32,3,15,52,70,19,7,46,72,22,9,31,22,2,52,76,2021-05-28_Argentina_Brazil,0,0.9259259259259259,-0.23076923076923078,0.2608695652173913,-1.0,0.41935483870967744,-0.23076923076923078,0.2608695652173913
2021,2021-05-28,Brazil,Argentina,3,0,31,26,25,0,0,29,24,16,0,0,57,44,6,7,-,44,19,21,84,6,13,4,23,7,9,65,81,26,3,26,55,31,11,42,24,0,61,85,2021-05-28_Argentina_Brazil,1,1.1904761904761905,-0.03076923076923077,0.8846153846153846,-1.75,0.47619047619047616,-0.03076923076923077,0.8846153846153846
2021,2021-05-28,Australia,Germany,0,3,19,18,16,0,0,25,25,25,0,0,31,28,3,0,-,28,9,24,61,3,20,6,29,0,15,40,55,13,5,35,53,14,11,26,15,3,42,60,2021-05-28_Australia_Germany,0,0.7916666666666666,-0.375,0.22857142857142856,-2.8333333333333335,0.11538461538461539,-0.375,0.22857142857142856
2021,2021-05-28,Germany,Australia,3,0,25,25,25,0,0,19,18,16,0,0,52,42,5,5,-,42,6,22,70,5,15,7,27,5,19,48,72,14,0,26,40,30,2,34,21,0,50,71,2021-05-28_Australia_Germany,1,1.6363636363636365,-0.2916666666666667,0.5384615384615384,-1.4285714285714286,0.8235294117647058,-0.2916666666666667,0.5384615384615384
2021,2021-05-28,Bulgaria,France,0,3,25,21,23,0,0,27,25,25,0,0,45,36,5,4,-,36,15,25,76,5,7,2,14,4,17,50,71,22,4,30,56,9,0,11,3,0,75,78,2021-05-28_Bulgaria_France,0,0.84,-0.26,0.6,-1.0,0.8181818181818182,-0.26,0.6
2021,2021-05-28,France,Bulgaria,3,0,27,25,25,0,0,25,21,23,0,0,50,39,7,4,-,39,8,30,77,7,4,1,12,4,19,52,75,24,4,26,54,11,0,13,3,1,70,74,2021-05-28_Bulgaria_France,1,1.0333333333333334,-0.28846153846153844,0.7692307692307693,3.0,0.8461538461538461,-0.28846153846153844,0.7692307692307693
2021,2021-05-28,Canada,United States,0,3,17,24,20,0,0,25,26,25,0,0,39,30,6,3,-,30,16,34,80,6,10,11,27,3,9,51,63,17,4,37,58,36,11,48,18,2,61,81,2021-05-28_Canada_United States,0,0.4117647058823529,-0.11764705882352941,0.35135135135135137,-0.36363636363636365,0.5208333333333334,-0.11764705882352941,0.35135135135135137
2021,2021-05-28,United States,Canada,3,0,25,26,25,0,0,17,24,20,0,0,52,43,5,4,-,43,12,42,97,5,8,8,21,4,16,54,74,19,3,32,54,40,11,51,30,0,61,91,2021-05-28_Canada_United States,1,0.7380952380952381,-0.2222222222222222,0.5,-0.375,0.5686274509803921,-0.2222222222222222,0.5
2021,2021-05-28,Iran,Japan,0,3,19,22,24,0,0,25,25,26,0,0,50,41,8,1,-,41,12,31,84,8,0,0,8,1,16,49,66,31,2,35,68,5,0,6,9,1,75,85,2021-05-28_Iran_Japan,0,0.9354838709677419,-0.30612244897959184,0.8285714285714286,inf,0.8333333333333334,-0.30612244897959184,0.8285714285714286
2021,2021-05-28,Japan,Iran,3,0,25,25,26,0,0,19,22,24,0,0,54,45,7,2,-,45,13,36,94,7,3,2,12,2,7,66,75,25,1,24,50,10,0,11,4,1,89,94,2021-05-28_Iran_Japan,1,0.8888888888888888,-0.07575757575757576,1.0,2.0,0.9090909090909091,-0.07575757575757576,1.0
2021,2021-05-28,Italy,Poland,0,3,19,20,18,0,0,25,25,25,0,0,39,33,6,0,-,33,12,40,85,6,11,15,32,0,15,44,59,11,9,40,60,28,8,47,23,0,1,24,2021-05-28_Italy_Poland,0,0.525,-0.3409090909090909,0.05,-0.3333333333333333,0.425531914893617,-0.3409090909090909,0.05
2021,2021-05-28,Poland,Italy,3,0,25,25,25,0,0,19,20,18,0,0,56,39,8,9,-,39,10,30,79,8,11,24,43,9,13,51,73,25,0,19,44,32,6,44,30,0,0,30,2021-05-28_Italy_Poland,1,0.9666666666666667,-0.0784313725490196,1.3157894736842106,-0.125,0.5909090909090909,-0.0784313725490196,1.3157894736842106
2021,2021-05-28,Netherlands,Russia,1,3,19,22,25,20,0,25,25,18,25,0,61,49,6,6,-,49,14,26,89,6,21,15,42,6,18,63,87,15,10,49,74,33,9,47,27,0,61,88,2021-05-28_Netherlands_Russia,0,1.3461538461538463,-0.19047619047619047,0.10204081632653061,-1.0,0.5106382978723404,-0.19047619047619047,0.10204081632653061
2021,2021-05-28,Russia,Netherlands,3,1,25,25,18,25,0,19,22,25,20,0,71,51,10,10,-,51,11,32,94,10,24,14,48,10,18,64,92,20,6,43,69,31,16,49,38,0,50,88,2021-05-28_Netherlands_Russia,1,1.25,-0.125,0.32558139534883723,-1.0,0.30612244897959184,-0.125,0.32558139534883723
2021,2021-05-28,Serbia,Slovenia,3,1,22,25,36,25,0,25,18,34,18,0,83,66,14,3,-,66,19,36,121,14,23,4,41,3,19,85,107,26,4,49,79,35,9,46,37,0,82,119,2021-05-28_Serbia_Slovenia,1,1.3055555555555556,-0.18823529411764706,0.4489795918367347,-2.25,0.5652173913043478,-0.18823529411764706,0.4489795918367347
2021,2021-05-28,Slovenia,Serbia,1,3,25,18,34,18,0,22,25,36,25,0,66,53,9,4,-,53,21,37,111,9,14,7,30,4,17,75,96,26,3,59,88,27,27,59,43,1,66,110,2021-05-28_Serbia_Slovenia,0,0.8648648648648649,-0.17333333333333334,0.3898305084745763,-0.7142857142857143,0.0,-0.17333333333333334,0.3898305084745763
2021,2021-05-29,Argentina,Canada,0,3,17,21,17,0,0,25,25,25,0,0,34,27,5,2,-,27,19,25,71,5,14,3,22,2,16,38,56,17,4,39,60,19,12,32,18,1,51,70,2021-05-29_Argentina_Canada,0,0.32,-0.3684210526315789,0.3333333333333333,-3.0,0.21875,-0.3684210526315789,0.3333333333333333
2021,2021-05-29,Canada,Argentina,3,0,25,25,25,0,0,17,21,17,0,0,44,33,7,4,-,33,9,18,60,7,13,7,27,4,13,56,73,17,2,21,40,22,10,32,17,1,38,56,2021-05-29_Argentina_Canada,1,1.3333333333333333,-0.16071428571428573,0.7142857142857143,-0.8571428571428571,0.375,-0.16071428571428573,0.7142857142857143
2021,2021-05-29,Australia,Bulgaria,0,3,21,20,20,0,0,25,25,25,0,0,30,26,3,1,-,26,15,28,69,3,12,9,24,1,11,50,62,10,13,32,55,25,12,46,10,1,56,67,2021-05-29_Australia_Bulgaria,0,0.39285714285714285,-0.2,-0.09375,-1.0,0.2826086956521739,-0.2,-0.09375
2021,2021-05-29,Bulgaria,Australia,3,0,25,25,25,0,0,21,20,20,0,0,52,34,5,13,-,34,14,26,74,5,18,13,36,13,19,42,74,19,1,31,51,23,3,32,22,1,50,73,2021-05-29_Australia_Bulgaria,1,0.7692307692307693,-0.14285714285714285,0.5806451612903226,-1.0,0.625,-0.14285714285714285,0.5806451612903226
2021,2021-05-29,Brazil,United States,3,0,25,25,25,0,0,22,23,19,0,0,53,40,7,6,-,40,12,27,79,7,2,2,11,6,11,56,73,16,4,31,51,5,0,6,7,0,67,74,2021-05-29_Brazil_United States,1,1.037037037037037,-0.08928571428571429,0.3870967741935484,2.5,0.8333333333333334,-0.08928571428571429,0.3870967741935484
2021,2021-05-29,United States,Brazil,0,3,22,23,19,0,0,25,25,25,0,0,49,36,9,4,-,36,14,37,87,9,1,1,11,4,15,47,66,26,6,30,62,3,0,3,19,0,63,82,2021-05-29_Brazil_United States,0,0.5945945945945946,-0.23404255319148937,0.6666666666666666,8.0,1.0,-0.23404255319148937,0.6666666666666666
2021,2021-05-29,France,Germany,3,2,22,25,22,25,17,25,22,25,16,15,79,63,11,5,-,63,15,40,118,11,18,13,42,5,20,86,111,38,5,38,81,37,17,58,40,0,3,43,2021-05-29_France_Germany,1,1.2,-0.1744186046511628,0.868421052631579,-0.5384615384615384,0.3448275862068966,-0.1744186046511628,0.868421052631579
2021,2021-05-29,Germany,France,2,3,25,22,25,16,15,22,25,22,25,17,79,62,12,5,-,62,17,47,126,12,22,8,42,5,22,76,103,36,5,50,91,35,10,49,45,2,0,47,2021-05-29_France_Germany,0,0.9574468085106383,-0.2236842105263158,0.62,-1.25,0.5102040816326531,-0.2236842105263158,0.62
2021,2021-05-29,Iran,Russia,1,3,17,25,20,17,0,25,20,25,25,0,55,49,3,3,-,49,15,40,104,3,24,19,46,3,18,59,80,27,4,44,75,39,7,49,29,1,0,30,2021-05-29_Iran_Russia,0,0.85,-0.2542372881355932,0.5227272727272727,-1.105263157894737,0.6530612244897959,-0.2542372881355932,0.5227272727272727
2021,2021-05-29,Russia,Iran,3,1,25,20,25,25,0,17,25,20,17,0,71,57,10,4,-,57,8,33,98,10,28,20,58,4,18,71,93,21,3,38,62,40,6,55,37,0,2,39,2021-05-29_Iran_Russia,1,1.4848484848484849,-0.19718309859154928,0.47368421052631576,-0.9,0.6181818181818182,-0.19718309859154928,0.47368421052631576
2021,2021-05-29,Italy,Slovenia,0,3,23,19,15,0,0,25,25,25,0,0,40,32,3,5,-,32,13,36,81,3,1,1,5,5,13,40,58,21,8,31,60,8,0,9,24,1,56,81,2021-05-29_Italy_Slovenia,0,0.5277777777777778,-0.2,0.41935483870967744,2.0,0.8888888888888888,-0.2,0.41935483870967744
2021,2021-05-29,Slovenia,Italy,3,0,25,25,25,0,0,23,19,15,0,0,52,40,4,8,-,40,5,37,82,4,1,0,5,8,14,52,74,19,5,21,45,5,0,5,19,0,55,74,2021-05-29_Italy_Slovenia,1,0.9459459459459459,-0.11538461538461539,0.6666666666666666,inf,1.0,-0.11538461538461539,0.6666666666666666
2021,2021-05-29,Japan,Netherlands,3,2,22,23,25,25,15,25,25,22,17,8,74,66,6,2,-,66,11,33,110,6,11,7,24,2,22,85,109,38,4,35,77,19,8,31,29,0,79,108,2021-05-29_Japan_Netherlands,1,1.6666666666666667,-0.23529411764705882,0.9714285714285714,-0.7142857142857143,0.3548387096774194,-0.23529411764705882,0.9714285714285714
2021,2021-05-29,Netherlands,Japan,2,3,25,25,22,17,8,22,23,25,25,15,70,60,6,4,-,60,18,38,116,6,15,5,26,4,21,73,98,33,2,52,87,24,13,38,30,3,81,114,2021-05-29_Japan_Netherlands,0,1.105263157894737,-0.2328767123287671,0.5961538461538461,-1.8,0.2894736842105263,-0.2328767123287671,0.5961538461538461
2021,2021-05-29,Poland,Serbia,3,1,26,25,21,25,0,24,19,25,15,0,76,46,13,17,-,46,10,36,92,13,24,9,46,17,20,59,96,25,6,38,69,29,7,38,25,0,67,92,2021-05-29_Poland_Serbia,1,1.0,-0.05084745762711865,0.5,-1.2222222222222223,0.5789473684210527,-0.05084745762711865,0.5
2021,2021-05-29,Serbia,Poland,1,3,24,19,25,15,0,26,25,21,25,0,54,45,3,6,-,45,18,30,93,3,18,5,26,6,15,63,84,22,17,37,76,38,8,48,27,0,62,89,2021-05-29_Poland_Serbia,0,0.9,-0.14285714285714285,0.13513513513513514,-3.0,0.625,-0.14285714285714285,0.13513513513513514
2021,2021-05-30,Argentina,United States,1,3,25,21,15,19,0,23,25,25,25,0,46,36,9,1,-,36,21,42,99,9,13,6,28,1,15,65,81,16,6,50,72,28,12,42,28,0,69,97,2021-05-30_Argentina_United States,0,0.35714285714285715,-0.2153846153846154,0.2,-0.6666666666666666,0.38095238095238093,-0.2153846153846154,0.2
2021,2021-05-30,United States,Argentina,3,1,23,25,25,25,0,25,21,15,19,0,72,54,12,6,-,54,16,35,105,12,14,5,31,6,25,66,97,30,1,35,66,30,11,47,37,0,63,100,2021-05-30_Argentina_United States,1,1.0857142857142856,-0.2878787878787879,0.8285714285714286,-0.4,0.40425531914893614,-0.2878787878787879,0.8285714285714286
2021,2021-05-30,Australia,France,1,3,26,25,14,23,0,28,20,25,25,0,58,47,8,3,-,47,18,46,111,8,25,22,55,3,21,65,89,24,7,48,79,44,6,57,31,2,74,107,2021-05-30_Australia_France,0,0.6304347826086957,-0.27692307692307694,0.3541666666666667,-0.7727272727272727,0.6666666666666666,-0.27692307692307694,0.3541666666666667
2021,2021-05-30,France,Australia,3,1,28,20,25,25,0,26,25,14,23,0,66,49,10,7,-,49,17,41,107,10,22,23,55,7,18,72,97,22,3,43,68,42,10,62,37,0,63,100,2021-05-30_Australia_France,1,0.7804878048780488,-0.1527777777777778,0.4418604651162791,-0.5217391304347826,0.5161290322580645,-0.1527777777777778,0.4418604651162791
2021,2021-05-30,Brazil,Canada,3,1,25,25,22,27,0,17,20,25,25,0,72,60,6,6,-,60,18,41,119,6,14,12,32,6,12,80,98,26,2,43,71,45,13,63,29,2,85,116,2021-05-30_Brazil_Canada,1,1.024390243902439,-0.075,0.5581395348837209,-0.6666666666666666,0.5079365079365079,-0.075,0.5581395348837209
2021,2021-05-30,Canada,Brazil,1,3,17,20,25,25,0,25,25,22,27,0,66,52,12,2,-,52,15,44,111,12,17,13,42,2,17,69,88,28,6,52,86,35,19,60,24,1,81,106,2021-05-30_Brazil_Canada,0,0.8409090909090909,-0.21739130434782608,0.4230769230769231,-0.38461538461538464,0.26666666666666666,-0.21739130434782608,0.4230769230769231
2021,2021-05-30,Bulgaria,Germany,2,3,25,21,25,28,11,19,25,22,30,15,79,55,14,10,-,55,23,46,124,14,26,20,60,10,24,77,111,24,9,55,88,43,7,57,32,0,89,121,2021-05-30_Bulgaria_Germany,0,0.6956521739130435,-0.18181818181818182,0.2727272727272727,-0.6,0.631578947368421,-0.18181818181818182,0.2727272727272727
2021,2021-05-30,Germany,Bulgaria,3,2,19,25,22,30,15,25,21,25,28,11,74,53,12,9,-,53,23,44,120,12,19,23,54,9,22,79,110,25,10,52,87,47,14,68,22,0,97,119,2021-05-30_Bulgaria_Germany,1,0.6818181818181818,-0.16455696202531644,0.28846153846153844,-0.30434782608695654,0.4852941176470588,-0.16455696202531644,0.28846153846153844
2021,2021-05-30,Iran,Netherlands,3,0,25,25,30,0,0,18,23,28,0,0,60,44,9,7,-,44,9,20,73,9,11,7,27,7,20,51,78,19,5,34,58,24,13,44,21,0,51,72,2021-05-30_Iran_Netherlands,1,1.75,-0.2549019607843137,0.4117647058823529,-0.2857142857142857,0.25,-0.2549019607843137,0.4117647058823529
2021,2021-05-30,Netherlands,Iran,0,3,18,23,28,0,0,25,25,30,0,0,43,35,3,5,-,35,15,33,83,3,18,7,28,5,13,53,71,13,7,38,58,31,12,43,21,0,63,84,2021-05-30_Iran_Netherlands,0,0.6060606060606061,-0.1509433962264151,0.15789473684210525,-2.142857142857143,0.4418604651162791,-0.1509433962264151,0.15789473684210525
2021,2021-05-30,Italy,Serbia,1,3,23,25,22,18,0,25,22,25,25,0,56,48,7,1,-,48,16,56,120,7,17,21,45,1,16,72,89,23,4,47,74,47,20,71,17,0,103,120,2021-05-30_Italy_Serbia,0,0.5714285714285714,-0.20833333333333334,0.40425531914893614,-0.47619047619047616,0.38028169014084506,-0.20833333333333334,0.40425531914893614
2021,2021-05-30,Serbia,Italy,3,1,25,22,25,25,0,23,25,22,18,0,76,61,11,4,-,61,14,50,125,11,17,24,52,4,22,70,96,24,1,48,73,44,14,60,26,2,94,122,2021-05-30_Italy_Serbia,1,0.94,-0.2571428571428571,0.4791666666666667,-0.25,0.5,-0.2571428571428571,0.4791666666666667
2021,2021-05-30,Japan,Russia,3,2,28,26,20,25,16,26,28,25,21,14,85,75,7,3,-,75,21,47,143,7,15,11,33,3,21,90,114,27,7,63,97,52,33,92,32,0,105,137,2021-05-30_Japan_Russia,1,1.148936170212766,-0.2,0.31746031746031744,-0.7272727272727273,0.20652173913043478,-0.2,0.31746031746031744
2021,2021-05-30,Russia,Japan,2,3,26,28,25,21,14,28,26,20,25,16,90,65,18,7,-,65,19,42,126,18,31,19,68,7,18,90,115,36,3,54,93,37,15,60,42,0,81,123,2021-05-30_Japan_Russia,0,1.0952380952380953,-0.12222222222222222,0.6111111111111112,-0.6842105263157895,0.36666666666666664,-0.12222222222222222,0.6111111111111112
2021,2021-05-30,Poland,Slovenia,1,3,22,25,19,23,0,25,23,25,25,0,62,51,8,3,-,51,18,59,128,8,22,8,38,3,11,76,90,34,5,42,81,25,17,44,30,1,86,117,2021-05-30_Poland_Slovenia,0,0.559322033898305,-0.10526315789473684,0.6904761904761905,-1.75,0.18181818181818182,-0.10526315789473684,0.6904761904761905
2021,2021-05-30,Slovenia,Poland,3,1,25,23,25,25,0,22,25,19,23,0,74,61,8,5,-,61,16,65,142,8,16,2,26,5,16,76,97,36,3,40,79,30,15,47,40,2,89,131,2021-05-30_Poland_Slovenia,1,0.6923076923076923,-0.14473684210526316,0.825,-4.0,0.3191489361702128,-0.14473684210526316,0.825
2021,2021-06-03,Argentina,Germany,3,2,25,23,17,25,15,19,25,25,23,13,80,70,8,2,-,70,17,48,135,8,24,14,46,2,26,77,105,33,4,50,87,51,12,68,37,2,93,132,2021-06-03_Argentina_Germany,1,1.1041666666666667,-0.3116883116883117,0.58,-1.1428571428571428,0.5735294117647058,-0.3116883116883117,0.58
2021,2021-06-03,Germany,Argentina,2,3,19,25,25,23,13,25,23,17,25,15,69,56,9,4,-,56,11,42,109,9,29,22,60,4,18,83,105,32,2,45,79,31,15,54,19,2,91,112,2021-06-03_Argentina_Germany,0,1.0714285714285714,-0.1686746987951807,0.6666666666666666,-0.9090909090909091,0.2962962962962963,-0.1686746987951807,0.6666666666666666
2021,2021-06-03,Australia,Poland,0,3,16,10,12,0,0,25,25,25,0,0,22,20,1,1,-,20,20,28,68,1,11,2,14,1,10,28,39,21,11,30,62,8,9,17,8,1,59,68,2021-06-03_Australia_Poland,0,0.0,-0.32142857142857145,0.3333333333333333,-5.0,-0.058823529411764705,-0.32142857142857145,0.3333333333333333
2021,2021-06-03,Poland,Australia,3,0,25,25,25,0,0,16,10,12,0,0,55,31,13,11,-,31,5,17,53,13,9,5,27,11,12,51,74,12,1,16,29,19,7,26,10,0,42,52,2021-06-03_Australia_Poland,1,1.5294117647058822,-0.0196078431372549,0.6875,0.8,0.46153846153846156,-0.0196078431372549,0.6875
2021,2021-06-03,Brazil,France,0,3,37,18,28,0,0,39,25,30,0,0,58,49,5,4,-,49,20,31,100,5,26,21,52,4,15,65,84,23,3,49,75,33,13,57,39,0,60,99,2021-06-03_Brazil_France,0,0.9354838709677419,-0.16923076923076924,0.40816326530612246,-1.0,0.3508771929824561,-0.16923076923076924,0.40816326530612246
2021,2021-06-03,France,Brazil,3,0,39,25,30,0,0,37,18,28,0,0,63,54,6,3,-,54,10,41,105,6,29,13,48,3,18,72,93,22,4,43,69,41,16,64,34,0,69,103,2021-06-03_Brazil_France,1,1.0731707317073171,-0.20833333333333334,0.4186046511627907,-1.7692307692307692,0.390625,-0.20833333333333334,0.4186046511627907
2021,2021-06-03,Bulgaria,Italy,2,3,19,25,13,25,12,25,20,25,23,15,71,60,9,2,-,60,18,39,117,9,24,15,48,2,12,80,94,28,7,56,91,32,19,56,15,0,104,119,2021-06-03_Bulgaria_Italy,0,1.0769230769230769,-0.125,0.375,-1.0,0.23214285714285715,-0.125,0.375
2021,2021-06-03,Italy,Bulgaria,3,2,25,20,25,23,15,19,25,13,25,12,86,69,10,7,-,69,13,37,119,10,21,12,43,7,17,84,108,22,2,58,82,46,21,71,26,0,92,118,2021-06-03_Bulgaria_Italy,1,1.5135135135135136,-0.11904761904761904,0.3448275862068966,-0.9166666666666666,0.352112676056338,-0.11904761904761904,0.3448275862068966
2021,2021-06-03,Canada,Iran,1,3,25,22,22,22,0,22,25,25,25,0,61,51,7,3,-,51,19,37,107,7,25,16,48,3,16,73,92,19,6,51,76,36,15,53,37,1,64,102,2021-06-03_Canada_Iran,0,0.8648648648648649,-0.1780821917808219,0.2549019607843137,-1.125,0.39622641509433965,-0.1780821917808219,0.2549019607843137
2021,2021-06-03,Iran,Canada,3,1,22,25,25,25,0,25,22,22,22,0,75,55,14,6,-,55,14,27,96,14,22,13,49,6,20,70,96,25,3,48,76,29,14,49,35,1,62,98,2021-06-03_Canada_Iran,1,1.5185185185185186,-0.2,0.4583333333333333,-0.6153846153846154,0.30612244897959184,-0.2,0.4583333333333333
2021,2021-06-03,Japan,Serbia,1,3,25,23,22,13,0,18,25,25,25,0,63,54,7,2,-,54,20,41,115,7,13,2,22,2,11,71,84,37,1,39,77,29,24,55,22,3,87,112,2021-06-03_Japan_Serbia,0,0.8292682926829268,-0.1267605633802817,0.9230769230769231,-3.0,0.09090909090909091,-0.1267605633802817,0.9230769230769231
2021,2021-06-03,Serbia,Japan,3,1,18,25,25,25,0,25,23,22,13,0,76,58,17,1,-,58,11,30,99,17,21,8,46,1,15,76,92,34,2,37,73,18,17,36,35,0,66,101,2021-06-03_Japan_Serbia,1,1.5666666666666667,-0.18421052631578946,0.8648648648648649,-0.5,0.027777777777777776,-0.18421052631578946,0.8648648648648649
2021,2021-06-03,Netherlands,Slovenia,0,3,18,15,18,0,0,25,25,25,0,0,35,28,4,3,-,28,16,31,75,4,15,10,29,3,13,36,52,19,6,38,63,21,5,26,7,1,69,77,2021-06-03_Netherlands_Slovenia,0,0.3870967741935484,-0.2777777777777778,0.34210526315789475,-1.1,0.6153846153846154,-0.2777777777777778,0.34210526315789475
2021,2021-06-03,Slovenia,Netherlands,3,0,25,25,25,0,0,18,15,18,0,0,52,39,7,6,-,39,7,23,69,7,11,13,31,6,11,57,74,18,3,18,39,29,8,41,11,2,58,71,2021-06-03_Netherlands_Slovenia,1,1.391304347826087,-0.08771929824561403,0.8333333333333334,-0.3076923076923077,0.5121951219512195,-0.08771929824561403,0.8333333333333334
2021,2021-06-03,Russia,United States,3,1,25,25,17,25,0,22,19,25,19,0,64,56,6,2,-,56,12,39,107,6,19,9,34,2,17,72,91,23,3,43,69,36,11,54,28,1,73,102,2021-06-03_Russia_United States,1,1.1282051282051282,-0.20833333333333334,0.46511627906976744,-1.4444444444444444,0.46296296296296297,-0.20833333333333334,0.46511627906976744
2021,2021-06-03,United States,Russia,1,3,22,19,25,19,0,25,25,17,25,0,60,52,5,3,-,52,16,33,101,5,17,14,36,3,17,66,86,19,2,53,74,34,20,62,35,0,63,98,2021-06-03_Russia_United States,0,1.0909090909090908,-0.21212121212121213,0.32075471698113206,-0.8571428571428571,0.22580645161290322,-0.21212121212121213,0.32075471698113206
2021,2021-06-04,Argentina,Slovenia,0,3,19,22,18,0,0,25,25,25,0,0,39,32,7,0,-,32,15,40,87,7,13,17,37,0,11,49,60,12,4,42,58,34,12,57,26,1,60,87,2021-06-04_Argentina_Slovenia,0,0.425,-0.22448979591836735,0.19047619047619047,-0.35294117647058826,0.38596491228070173,-0.22448979591836735,0.19047619047619047
2021,2021-06-04,Slovenia,Argentina,3,0,25,25,25,0,0,19,22,18,0,0,50,41,5,4,-,41,9,35,85,5,15,25,45,4,16,54,74,10,0,39,49,40,7,51,35,1,51,87,2021-06-04_Argentina_Slovenia,1,0.9142857142857143,-0.2222222222222222,0.2564102564102564,-0.4,0.6470588235294118,-0.2222222222222222,0.2564102564102564
2021,2021-06-04,Australia,Russia,0,3,19,24,21,0,0,25,26,25,0,0,35,29,4,2,-,29,15,40,84,4,14,6,24,2,8,55,65,26,4,27,57,20,9,30,13,1,67,81,2021-06-04_Australia_Russia,0,0.35,-0.10909090909090909,0.8148148148148148,-1.6666666666666667,0.36666666666666664,-0.10909090909090909,0.8148148148148148
2021,2021-06-04,Russia,Australia,3,0,25,26,25,0,0,19,24,21,0,0,57,46,7,4,-,46,12,32,90,7,12,9,28,4,18,53,75,34,2,21,57,17,10,27,18,0,69,87,2021-06-04_Australia_Russia,1,1.0625,-0.2641509433962264,1.5238095238095237,-0.5555555555555556,0.25925925925925924,-0.2641509433962264,1.5238095238095237
2021,2021-06-04,Brazil,Japan,3,0,25,25,25,0,0,20,16,20,0,0,58,48,3,7,-,48,12,23,83,3,13,20,36,7,9,57,73,13,2,32,47,40,8,52,31,0,50,81,2021-06-04_Brazil_Japan,1,1.565217391304348,-0.03508771929824561,0.34375,-0.5,0.6153846153846154,-0.03508771929824561,0.34375
2021,2021-06-04,Japan,Brazil,0,3,20,16,20,0,0,25,25,25,0,0,39,31,6,2,-,31,9,34,74,6,11,12,29,2,11,45,58,14,7,43,64,22,12,38,24,0,48,72,2021-06-04_Brazil_Japan,0,0.6470588235294118,-0.2,0.16279069767441862,-0.4166666666666667,0.2631578947368421,-0.2,0.16279069767441862
2021,2021-06-04,Bulgaria,Canada,0,3,26,23,16,0,0,28,25,25,0,0,47,39,4,4,-,39,15,29,83,4,13,8,25,4,15,47,66,19,7,40,66,28,14,44,15,0,68,83,2021-06-04_Bulgaria_Canada,0,0.8275862068965517,-0.23404255319148937,0.3,-1.125,0.3181818181818182,-0.23404255319148937,0.3
2021,2021-06-04,Canada,Bulgaria,3,0,28,25,25,0,0,26,23,16,0,0,58,41,10,7,-,41,10,26,77,10,19,6,35,7,11,59,77,13,4,34,51,25,10,41,17,0,57,74,2021-06-04_Bulgaria_Canada,1,1.1923076923076923,-0.06779661016949153,0.2647058823529412,-1.5,0.36585365853658536,-0.06779661016949153,0.2647058823529412
2021,2021-06-04,France,Serbia,2,3,25,26,22,23,9,22,24,25,25,15,72,58,5,9,-,58,20,39,117,5,28,9,42,9,21,76,106,35,3,50,88,32,20,61,19,1,98,118,2021-06-04_France_Serbia,0,0.9743589743589743,-0.15789473684210525,0.64,-2.5555555555555554,0.19672131147540983,-0.15789473684210525,0.64
2021,2021-06-04,Serbia,France,3,2,22,24,25,25,15,25,26,22,23,9,76,62,11,3,-,62,14,29,105,11,31,25,67,3,22,85,110,37,9,39,85,33,9,43,25,1,80,106,2021-06-04_France_Serbia,1,1.6551724137931034,-0.2235294117647059,0.717948717948718,-0.8,0.5581395348837209,-0.2235294117647059,0.717948717948718
2021,2021-06-04,Germany,Netherlands,2,3,18,25,20,25,13,25,23,25,23,15,66,55,6,5,-,55,14,40,109,6,22,17,45,5,19,78,102,38,9,41,88,34,16,57,11,2,97,110,2021-06-04_Germany_Netherlands,0,1.025,-0.1794871794871795,0.7073170731707317,-0.9411764705882353,0.3157894736842105,-0.1794871794871795,0.7073170731707317
2021,2021-06-04,Netherlands,Germany,3,2,25,23,25,23,15,18,25,20,25,13,82,66,7,9,-,66,16,42,124,7,27,18,52,9,22,79,110,35,5,43,83,50,11,62,28,1,97,126,2021-06-04_Germany_Netherlands,1,1.1904761904761905,-0.16455696202531644,0.6976744186046512,-1.1111111111111112,0.6290322580645161,-0.16455696202531644,0.6976744186046512
2021,2021-06-04,Iran,Italy,3,1,26,29,21,25,0,24,27,25,22,0,67,50,10,7,-,50,11,65,126,10,24,8,42,7,13,80,100,24,8,47,79,34,25,60,20,1,105,126,2021-06-04_Iran_Italy,1,0.6,-0.075,0.3404255319148936,-1.75,0.15,-0.075,0.3404255319148936
2021,2021-06-04,Italy,Iran,1,3,24,27,25,22,0,26,29,21,25,0,75,64,3,8,-,64,19,54,137,3,18,7,28,8,20,71,99,38,7,42,87,44,24,71,27,3,102,132,2021-06-04_Iran_Italy,0,0.8333333333333334,-0.16901408450704225,0.7380952380952381,-2.142857142857143,0.28169014084507044,-0.16901408450704225,0.7380952380952381
2021,2021-06-04,Poland,United States,3,0,25,28,25,0,0,17,26,17,0,0,52,40,10,2,-,40,12,22,74,10,9,13,32,2,12,63,77,15,2,26,43,36,8,51,31,1,43,75,2021-06-04_Poland_United States,1,1.2727272727272727,-0.15873015873015872,0.5,0.07692307692307693,0.5490196078431373,-0.15873015873015872,0.5
2021,2021-06-04,United States,Poland,0,3,17,26,17,0,0,25,28,25,0,0,42,32,8,2,-,32,16,40,88,8,4,8,20,2,18,41,61,25,2,38,65,28,22,53,33,1,51,85,2021-06-04_Poland_United States,0,0.4,-0.3902439024390244,0.6052631578947368,0.5,0.11320754716981132,-0.3902439024390244,0.6052631578947368
2021,2021-06-05,Argentina,Netherlands,3,0,25,25,25,0,0,19,20,23,0,0,55,43,10,2,-,43,9,29,81,10,12,7,29,2,9,63,74,17,6,29,52,21,15,37,25,0,56,81,2021-06-05_Argentina_Netherlands,1,1.1724137931034482,-0.1111111111111111,0.3793103448275862,-0.2857142857142857,0.16216216216216217,-0.1111111111111111,0.3793103448275862
2021,2021-06-05,Netherlands,Argentina,0,3,19,20,23,0,0,25,25,25,0,0,48,35,7,6,-,35,17,43,95,7,9,6,22,6,11,46,63,29,2,34,65,17,16,34,15,0,78,93,2021-06-05_Argentina_Netherlands,0,0.4186046511627907,-0.10869565217391304,0.7941176470588235,-0.3333333333333333,0.029411764705882353,-0.10869565217391304,0.7941176470588235
2021,2021-06-05,Australia,United States,0,3,23,20,17,0,0,25,25,25,0,0,39,36,2,1,-,36,18,31,85,2,14,10,26,1,9,52,62,13,6,40,59,28,11,47,14,1,69,84,2021-06-05_Australia_United States,0,0.5806451612903226,-0.15384615384615385,0.175,-1.2,0.3617021276595745,-0.15384615384615385,0.175
2021,2021-06-05,United States,Australia,3,0,25,25,25,0,0,23,20,17,0,0,53,38,9,6,-,38,8,28,74,9,12,15,36,6,14,53,73,17,1,35,53,29,10,45,23,0,53,76,2021-06-05_Australia_United States,1,1.0714285714285714,-0.1509433962264151,0.45714285714285713,-0.2,0.4222222222222222,-0.1509433962264151,0.45714285714285713
2021,2021-06-05,Brazil,Serbia,3,1,23,25,25,25,0,25,23,15,22,0,75,58,14,3,-,58,11,28,97,14,26,14,54,3,19,75,97,29,4,41,74,30,8,44,39,1,55,95,2021-06-05_Brazil_Serbia,1,1.6785714285714286,-0.21333333333333335,0.6097560975609756,-0.8571428571428571,0.5,-0.21333333333333335,0.6097560975609756
2021,2021-06-05,Serbia,Brazil,1,3,25,23,15,22,0,23,25,25,25,0,59,49,6,4,-,49,25,34,108,6,21,12,39,4,12,70,86,28,3,47,78,35,16,56,38,0,71,109,2021-06-05_Brazil_Serbia,0,0.7058823529411765,-0.11428571428571428,0.5319148936170213,-1.25,0.3392857142857143,-0.11428571428571428,0.5319148936170213
2021,2021-06-05,Bulgaria,Iran,0,3,20,31,22,0,0,25,33,25,0,0,49,40,5,4,-,40,18,40,98,5,23,15,43,4,19,51,74,8,5,55,68,35,6,43,26,0,67,93,2021-06-05_Bulgaria_Iran,0,0.55,-0.29411764705882354,0.05454545454545454,-1.2,0.6744186046511628,-0.29411764705882354,0.05454545454545454
2021,2021-06-05,Iran,Bulgaria,3,0,25,33,25,0,0,20,31,22,0,0,55,41,9,5,-,41,11,26,78,9,21,22,52,5,14,63,82,10,4,41,55,29,8,44,15,0,62,77,2021-06-05_Bulgaria_Iran,1,1.1538461538461537,-0.14285714285714285,0.14634146341463414,-0.5454545454545454,0.4772727272727273,-0.14285714285714285,0.14634146341463414
2021,2021-06-05,Canada,Italy,2,3,19,21,25,28,11,25,25,21,26,15,77,61,8,8,-,61,34,51,146,8,28,15,51,8,19,78,105,35,5,55,95,55,14,73,27,0,114,141,2021-06-05_Canada_Italy,0,0.5294117647058824,-0.14102564102564102,0.5454545454545454,-1.3333333333333333,0.5616438356164384,-0.14102564102564102,0.5454545454545454
2021,2021-06-05,Italy,Canada,3,2,25,25,21,26,15,19,21,25,28,11,73,50,18,5,-,50,15,44,109,18,21,24,63,5,16,90,111,23,8,55,86,36,21,66,11,1,98,110,2021-06-05_Canada_Italy,1,0.7954545454545454,-0.12222222222222222,0.2727272727272727,-0.125,0.22727272727272727,-0.12222222222222222,0.2727272727272727
2021,2021-06-05,France,Japan,3,2,21,25,24,25,15,25,22,26,21,11,80,65,9,6,-,65,16,41,122,9,23,3,35,6,19,84,109,32,5,50,87,24,18,44,25,0,90,115,2021-06-05_France_Japan,1,1.1951219512195121,-0.15476190476190477,0.54,-4.666666666666667,0.13636363636363635,-0.15476190476190477,0.54
2021,2021-06-05,Japan,France,2,3,25,22,26,21,11,21,25,24,25,15,75,63,7,5,-,63,18,41,122,7,20,10,37,5,19,82,106,43,6,41,90,20,23,46,29,1,95,125,2021-06-05_France_Japan,0,1.0975609756097562,-0.17073170731707318,0.9024390243902439,-1.3,-0.06521739130434782,-0.17073170731707318,0.9024390243902439
2021,2021-06-05,Germany,Slovenia,3,1,19,25,25,25,0,25,20,21,20,0,63,48,8,7,-,48,10,54,112,8,19,19,46,7,22,64,93,19,5,43,67,55,18,79,25,2,88,115,2021-06-05_Germany_Slovenia,1,0.7037037037037037,-0.234375,0.32558139534883723,-0.5789473684210527,0.46835443037974683,-0.234375,0.32558139534883723
2021,2021-06-05,Slovenia,Germany,1,3,25,20,21,20,0,19,25,25,25,0,57,47,5,5,-,47,16,49,112,5,19,27,51,5,20,62,87,25,7,39,71,55,14,72,39,1,74,114,2021-06-05_Germany_Slovenia,0,0.6326530612244898,-0.24193548387096775,0.46153846153846156,-0.5185185185185185,0.5694444444444444,-0.24193548387096775,0.46153846153846156
2021,2021-06-05,Poland,Russia,3,1,21,25,25,25,0,25,19,19,14,0,66,42,12,12,-,42,9,32,83,12,23,17,52,12,17,66,95,12,6,40,58,34,8,47,28,0,54,82,2021-06-05_Poland_Russia,1,1.03125,-0.07575757575757576,0.15,-0.6470588235294118,0.5531914893617021,-0.07575757575757576,0.15
2021,2021-06-05,Russia,Poland,1,3,25,19,19,14,0,21,25,25,25,0,55,45,4,6,-,45,19,30,94,4,19,18,41,6,20,52,78,18,12,48,78,34,8,47,24,2,68,94,2021-06-05_Poland_Russia,0,0.8666666666666667,-0.2692307692307692,0.125,-0.8333333333333334,0.5531914893617021,-0.2692307692307692,0.125
2021,2021-06-09,Argentina,Italy,0,3,28,21,20,0,0,30,25,25,0,0,48,38,9,1,-,38,22,45,105,9,8,10,27,1,14,55,70,18,6,40,64,21,15,37,23,0,78,101,2021-06-09_Argentina_Italy,0,0.35555555555555557,-0.23636363636363636,0.3,0.1,0.16216216216216217,-0.23636363636363636,0.3
2021,2021-06-09,Italy,Argentina,3,0,30,25,25,0,0,28,21,20,0,0,60,38,16,6,-,38,11,42,91,16,13,8,37,6,15,58,79,23,1,32,56,24,16,45,14,0,75,89,2021-06-09_Argentina_Italy,1,0.6428571428571429,-0.15517241379310345,0.6875,0.375,0.17777777777777778,-0.15517241379310345,0.6875
2021,2021-06-09,Australia,Japan,1,3,18,25,26,24,0,25,21,28,26,0,68,59,8,1,-,59,15,52,126,8,18,24,50,1,15,78,94,22,5,59,86,45,24,75,26,1,97,124,2021-06-09_Australia_Japan,0,0.8461538461538461,-0.1794871794871795,0.288135593220339,-0.4166666666666667,0.28,-0.1794871794871795,0.288135593220339
2021,2021-06-09,Japan,Australia,3,1,25,21,28,26,0,18,25,26,24,0,77,64,8,5,-,64,19,43,126,8,22,22,52,5,13,81,99,38,1,40,79,53,15,75,43,0,82,125,2021-06-09_Australia_Japan,1,1.0465116279069768,-0.09876543209876543,0.925,-0.6363636363636364,0.5066666666666667,-0.09876543209876543,0.925
2021,2021-06-09,Brazil,Netherlands,3,0,25,25,27,0,0,19,22,25,0,0,56,44,9,3,-,44,14,24,82,9,15,16,40,3,5,68,76,19,4,30,53,31,3,37,21,1,60,82,2021-06-09_Brazil_Netherlands,1,1.25,-0.029411764705882353,0.5,-0.375,0.7567567567567568,-0.029411764705882353,0.5
2021,2021-06-09,Netherlands,Brazil,0,3,19,22,25,0,0,25,25,27,0,0,52,41,7,4,-,41,14,31,86,7,17,10,34,4,14,49,67,25,3,43,71,26,11,40,19,0,65,84,2021-06-09_Brazil_Netherlands,0,0.8709677419354839,-0.20408163265306123,0.5116279069767442,-1.0,0.375,-0.20408163265306123,0.5116279069767442
2021,2021-06-09,Bulgaria,Poland,0,3,19,15,12,0,0,25,25,25,0,0,30,27,2,1,-,27,14,24,65,2,8,1,11,1,13,33,47,23,8,28,59,8,12,21,11,0,55,66,2021-06-09_Bulgaria_Poland,0,0.5416666666666666,-0.36363636363636365,0.5357142857142857,-6.0,-0.19047619047619047,-0.36363636363636365,0.5357142857142857
2021,2021-06-09,Poland,Bulgaria,3,0,25,25,25,0,0,19,15,12,0,0,55,39,8,8,-,39,3,24,66,8,12,5,25,8,15,51,74,14,1,19,34,21,8,29,18,0,49,67,2021-06-09_Bulgaria_Poland,1,1.5,-0.13725490196078433,0.6842105263157895,-0.8,0.4482758620689655,-0.13725490196078433,0.6842105263157895
2021,2021-06-09,Canada,Slovenia,0,3,22,19,22,0,0,25,25,25,0,0,41,34,5,2,-,34,7,26,67,5,14,9,28,2,14,48,64,14,5,40,59,15,14,33,9,3,61,73,2021-06-09_Canada_Slovenia,0,1.0384615384615385,-0.25,0.225,-1.0,0.030303030303030304,-0.25,0.225
2021,2021-06-09,Slovenia,Canada,3,0,25,25,25,0,0,22,19,22,0,0,52,44,3,5,-,44,10,18,72,3,9,10,22,5,15,54,74,19,2,29,50,26,11,39,14,0,59,73,2021-06-09_Canada_Slovenia,1,1.8888888888888888,-0.18518518518518517,0.5862068965517241,-0.6,0.38461538461538464,-0.18518518518518517,0.5862068965517241
2021,2021-06-09,France,Russia,3,1,22,25,30,25,0,25,18,28,19,0,72,56,9,7,-,56,14,37,107,9,19,26,54,7,18,76,101,19,3,46,68,44,12,63,33,0,71,104,2021-06-09_France_Russia,1,1.135135135135135,-0.14473684210526316,0.34782608695652173,-0.38461538461538464,0.5079365079365079,-0.14473684210526316,0.34782608695652173
2021,2021-06-09,Russia,France,1,3,25,18,28,19,0,22,25,30,25,0,62,54,5,3,-,54,15,41,110,5,32,22,59,3,23,65,91,20,7,56,83,32,7,43,33,0,71,104,2021-06-09_France_Russia,0,0.9512195121951219,-0.3076923076923077,0.23214285714285715,-1.2272727272727273,0.5813953488372093,-0.3076923076923077,0.23214285714285715
2021,2021-06-09,Germany,Serbia,1,3,25,22,18,15,0,19,25,25,25,0,52,41,5,6,-,41,19,33,93,5,16,21,42,6,21,54,81,17,7,46,70,35,11,56,33,2,63,98,2021-06-09_Germany_Serbia,0,0.6666666666666666,-0.2777777777777778,0.21739130434782608,-0.5238095238095238,0.42857142857142855,-0.2777777777777778,0.21739130434782608
2021,2021-06-09,Serbia,Germany,3,1,19,25,25,25,0,25,22,18,15,0,61,45,9,7,-,45,9,37,91,9,16,23,48,7,23,63,93,12,6,42,60,36,11,55,30,1,57,88,2021-06-09_Germany_Serbia,1,0.972972972972973,-0.25396825396825395,0.14285714285714285,-0.30434782608695654,0.45454545454545453,-0.25396825396825395,0.14285714285714285
2021,2021-06-09,Iran,United States,3,0,25,25,25,0,0,19,23,23,0,0,56,44,7,5,-,44,13,34,91,7,10,16,33,5,10,58,73,20,1,36,57,36,8,53,12,3,77,92,2021-06-09_Iran_United States,1,0.9117647058823529,-0.08620689655172414,0.5277777777777778,-0.1875,0.5283018867924528,-0.08620689655172414,0.5277777777777778
2021,2021-06-09,United States,Iran,0,3,19,23,23,0,0,25,25,25,0,0,44,37,6,1,-,37,15,36,88,6,17,14,37,1,10,56,67,22,5,36,63,34,8,48,20,1,72,93,2021-06-09_Iran_United States,0,0.6111111111111112,-0.16071428571428573,0.4722222222222222,-0.7857142857142857,0.5416666666666666,-0.16071428571428573,0.4722222222222222
2021,2021-06-10,Argentina,Australia,3,0,25,25,25,0,0,18,19,20,0,0,60,49,6,5,-,49,9,25,83,6,16,3,25,5,12,56,73,24,1,24,49,25,9,35,34,0,48,82,2021-06-10_Argentina_Australia,1,1.6,-0.125,0.9583333333333334,-3.3333333333333335,0.45714285714285713,-0.125,0.9583333333333334
2021,2021-06-10,Australia,Argentina,0,3,18,19,20,0,0,25,25,25,0,0,40,32,7,1,-,32,11,35,78,7,7,1,15,1,10,48,59,24,5,32,61,12,19,32,11,1,60,72,2021-06-10_Argentina_Australia,0,0.6,-0.1875,0.59375,0.0,-0.21875,-0.1875,0.59375
2021,2021-06-10,Brazil,Bulgaria,3,0,25,25,25,0,0,16,22,12,0,0,52,38,4,10,-,38,6,13,57,4,13,6,23,10,11,53,74,12,1,26,39,18,10,29,20,0,35,55,2021-06-10_Brazil_Bulgaria,1,2.4615384615384617,-0.018867924528301886,0.4230769230769231,-1.5,0.27586206896551724,-0.018867924528301886,0.4230769230769231
2021,2021-06-10,Bulgaria,Brazil,0,3,16,22,12,0,0,25,25,25,0,0,36,31,4,1,-,31,15,20,66,4,10,5,19,1,12,38,51,12,10,41,63,17,9,27,14,0,53,67,2021-06-10_Brazil_Bulgaria,0,0.8,-0.2894736842105263,0.04878048780487805,-1.2,0.2962962962962963,-0.2894736842105263,0.04878048780487805
2021,2021-06-10,Canada,Russia,1,3,18,18,25,23,0,25,25,23,25,0,56,44,5,7,-,44,21,40,105,5,8,6,19,7,17,61,85,25,6,47,78,30,22,53,19,1,82,102,2021-06-10_Canada_Russia,0,0.575,-0.16393442622950818,0.40425531914893614,-0.5,0.1509433962264151,-0.16393442622950818,0.40425531914893614
2021,2021-06-10,Russia,Canada,3,1,25,25,23,25,0,18,18,25,23,0,72,51,15,6,-,51,9,37,97,15,12,7,34,6,19,72,97,22,7,39,68,24,13,37,14,3,82,99,2021-06-10_Canada_Russia,1,1.135135135135135,-0.18055555555555555,0.38461538461538464,0.42857142857142855,0.2972972972972973,-0.18055555555555555,0.38461538461538464
2021,2021-06-10,France,Slovenia,2,3,25,25,23,19,9,17,19,25,25,15,57,48,3,6,-,48,19,36,103,3,18,23,44,6,22,73,101,32,5,32,69,35,23,67,47,0,53,100,2021-06-10_France_Slovenia,0,0.8055555555555556,-0.2191780821917808,0.84375,-0.6521739130434783,0.1791044776119403,-0.2191780821917808,0.84375
2021,2021-06-10,Slovenia,France,3,2,17,19,25,25,15,25,25,23,19,9,71,55,11,5,-,55,9,41,105,11,25,17,53,5,32,64,101,19,6,54,79,38,14,60,54,4,48,106,2021-06-10_France_Slovenia,1,1.1219512195121952,-0.421875,0.24074074074074073,-0.8235294117647058,0.4,-0.421875,0.24074074074074073
2021,2021-06-10,Germany,United States,0,3,12,18,27,0,0,25,25,29,0,0,31,24,3,4,-,24,17,32,73,3,14,13,30,4,19,36,59,11,6,39,56,27,8,37,22,1,51,74,2021-06-10_Germany_United States,0,0.21875,-0.4166666666666667,0.1282051282051282,-0.8461538461538461,0.5135135135135135,-0.4166666666666667,0.1282051282051282
2021,2021-06-10,United States,Germany,3,0,15,25,29,0,0,12,18,27,0,0,53,36,11,6,-,36,6,29,71,11,11,19,41,6,21,50,77,11,4,25,40,33,4,40,22,0,47,69,2021-06-10_Germany_United States,1,1.0344827586206897,-0.3,0.28,0.0,0.725,-0.3,0.28
2021,2021-06-10,Iran,Serbia,2,3,25,15,28,22,8,21,25,26,25,15,66,51,8,7,-,51,18,37,106,8,19,15,42,7,16,75,98,31,9,51,91,26,15,50,28,2,76,106,2021-06-10_Iran_Serbia,0,0.8918918918918919,-0.12,0.43137254901960786,-0.7333333333333333,0.22,-0.12,0.43137254901960786
2021,2021-06-10,Serbia,Iran,3,2,21,25,26,25,15,25,15,28,22,8,86,65,12,9,-,65,16,35,116,12,16,15,43,9,21,82,112,29,7,46,82,42,25,71,37,0,79,116,2021-06-10_Iran_Serbia,1,1.4,-0.14634146341463414,0.4782608695652174,-0.26666666666666666,0.23943661971830985,-0.14634146341463414,0.4782608695652174
2021,2021-06-10,Italy,Japan,2,3,25,22,25,15,9,21,25,22,25,15,74,59,12,3,-,59,14,62,135,12,32,28,72,3,14,79,96,16,6,72,94,49,13,82,32,1,101,134,2021-06-10_Italy_Japan,0,0.7258064516129032,-0.13924050632911392,0.1388888888888889,-0.7142857142857143,0.43902439024390244,-0.13924050632911392,0.1388888888888889
2021,2021-06-10,Japan,Italy,3,2,21,25,22,25,15,25,22,25,15,9,82,70,6,6,-,70,17,60,147,6,24,35,65,6,14,88,108,31,3,48,82,65,18,95,46,1,98,145,2021-06-10_Italy_Japan,1,0.8833333333333333,-0.09090909090909091,0.5833333333333334,-0.5142857142857142,0.49473684210526314,-0.09090909090909091,0.5833333333333334
2021,2021-06-10,Netherlands,Poland,0,3,14,17,16,0,0,25,25,25,0,0,27,22,3,2,-,22,15,38,75,3,11,4,18,2,16,31,49,11,8,40,59,30,10,43,9,1,65,75,2021-06-10_Netherlands_Poland,0,0.18421052631578946,-0.45161290322580644,0.075,-2.0,0.46511627906976744,-0.45161290322580644,0.075
2021,2021-06-10,Poland,Netherlands,3,0,25,25,25,0,0,14,17,16,0,0,52,35,9,8,-,35,8,19,62,9,8,17,34,8,14,51,73,12,2,19,33,31,7,41,15,0,45,60,2021-06-10_Netherlands_Poland,1,1.4210526315789473,-0.11764705882352941,0.5263157894736842,0.058823529411764705,0.5853658536585366,-0.11764705882352941,0.5263157894736842
2021,2021-06-11,Argentina,Japan,3,1,30,25,25,25,0,32,16,18,21,0,76,61,9,6,-,61,16,50,127,9,21,27,57,6,14,84,104,29,1,43,73,54,19,80,48,0,75,123,2021-06-11_Argentina_Japan,1,0.9,-0.09523809523809523,0.6511627906976745,-0.4444444444444444,0.4375,-0.09523809523809523,0.6511627906976745
2021,2021-06-11,Japan,Argentina,1,3,32,16,18,21,0,30,25,25,25,0,61,54,6,1,-,54,21,61,136,6,21,11,38,1,15,72,88,25,6,59,90,54,20,82,37,1,99,137,2021-06-11_Argentina_Japan,0,0.5409836065573771,-0.19444444444444445,0.3220338983050847,-1.3636363636363635,0.4146341463414634,-0.19444444444444445,0.3220338983050847
2021,2021-06-11,Australia,Italy,0,3,20,22,14,0,0,25,25,25,0,0,38,33,4,1,-,33,15,31,79,4,13,14,31,1,10,46,57,15,3,41,59,27,13,45,16,2,67,85,2021-06-11_Australia_Italy,0,0.5806451612903226,-0.1956521739130435,0.2926829268292683,-0.6428571428571429,0.3111111111111111,-0.1956521739130435,0.2926829268292683
2021,2021-06-11,Italy,Australia,3,0,25,25,25,0,0,20,22,14,0,0,52,44,5,3,-,44,7,25,76,5,9,11,25,3,15,56,74,14,1,32,47,32,13,47,25,0,52,77,2021-06-11_Australia_Italy,1,1.48,-0.21428571428571427,0.40625,-0.36363636363636365,0.40425531914893614,-0.21428571428571427,0.40625
2021,2021-06-11,Brazil,Poland,3,0,25,28,25,0,0,17,26,19,0,0,59,52,5,2,-,52,11,30,93,5,10,11,26,2,12,63,77,12,2,35,49,22,13,35,11,0,79,90,2021-06-11_Brazil_Poland,1,1.3666666666666667,-0.15873015873015872,0.2857142857142857,-0.45454545454545453,0.2571428571428571,-0.15873015873015872,0.2857142857142857
2021,2021-06-11,Poland,Brazil,0,3,17,26,19,0,0,25,28,25,0,0,46,37,7,2,-,37,8,41,86,7,14,2,23,2,14,47,63,29,2,34,65,17,18,36,14,0,72,86,2021-06-11_Brazil_Poland,0,0.7073170731707317,-0.2553191489361702,0.7941176470588235,-3.5,-0.027777777777777776,-0.2553191489361702,0.7941176470588235
2021,2021-06-11,Bulgaria,Netherlands,3,2,25,18,17,25,15,18,25,25,22,13,69,53,9,7,-,53,10,39,102,9,25,20,54,7,15,77,99,18,10,52,80,32,18,54,29,2,69,100,2021-06-11_Bulgaria_Netherlands,1,1.1025641025641026,-0.1038961038961039,0.15384615384615385,-0.8,0.25925925925925924,-0.1038961038961039,0.15384615384615385
2021,2021-06-11,Netherlands,Bulgaria,2,3,18,25,25,22,13,25,18,17,25,15,81,66,5,10,-,66,16,29,111,5,20,17,42,10,24,70,104,19,7,58,84,35,18,57,29,0,79,108,2021-06-11_Bulgaria_Netherlands,0,1.7241379310344827,-0.2,0.20689655172413793,-0.8823529411764706,0.2982456140350877,-0.2,0.20689655172413793
2021,2021-06-11,Canada,France,1,3,25,21,22,17,0,20,25,25,25,0,62,52,9,1,-,52,25,43,120,9,23,20,52,1,17,68,86,30,4,50,84,47,11,62,27,2,93,122,2021-06-11_Canada_France,0,0.627906976744186,-0.23529411764705882,0.52,-0.7,0.5806451612903226,-0.23529411764705882,0.52
2021,2021-06-11,France,Canada,3,1,20,25,25,25,0,25,21,22,17,0,64,46,14,4,-,46,18,42,106,14,13,17,44,4,10,80,94,27,1,41,69,39,20,64,19,2,89,110,2021-06-11_Canada_France,1,0.6666666666666666,-0.075,0.6341463414634146,0.058823529411764705,0.296875,-0.075,0.6341463414634146
2021,2021-06-11,Germany,Iran,3,2,23,25,25,19,15,25,20,19,25,13,66,47,13,6,-,47,10,34,91,13,19,11,43,6,25,75,106,22,5,45,72,31,20,54,20,0,68,88,2021-06-11_Germany_Iran,1,1.088235294117647,-0.25333333333333335,0.37777777777777777,-0.5454545454545454,0.2037037037037037,-0.25333333333333335,0.37777777777777777
2021,2021-06-11,Iran,Germany,2,3,25,20,19,25,13,23,25,25,19,15,72,60,7,5,-,60,21,25,106,7,15,15,37,5,31,67,103,30,6,45,81,40,14,55,35,2,67,104,2021-06-11_Germany_Iran,0,1.56,-0.3880597014925373,0.5333333333333333,-0.5333333333333333,0.4727272727272727,-0.3880597014925373,0.5333333333333333
2021,2021-06-11,Russia,Slovenia,2,3,25,23,25,20,8,19,25,22,25,15,68,47,14,7,-,47,17,46,110,14,30,20,64,7,16,79,102,18,6,56,80,38,9,54,25,3,82,110,2021-06-11_Russia_Slovenia,0,0.6521739130434783,-0.11392405063291139,0.21428571428571427,-0.8,0.5370370370370371,-0.11392405063291139,0.21428571428571427
2021,2021-06-11,Slovenia,Russia,3,2,19,25,22,25,15,25,23,25,20,8,79,64,9,6,-,64,19,39,122,9,21,32,62,6,25,74,105,17,7,62,86,49,12,64,27,1,95,123,2021-06-11_Russia_Slovenia,1,1.1538461538461537,-0.25675675675675674,0.16129032258064516,-0.375,0.578125,-0.25675675675675674,0.16129032258064516
2021,2021-06-11,Serbia,United States,3,1,25,25,19,27,0,23,17,25,25,0,71,55,11,5,-,55,12,26,93,11,17,7,35,5,13,77,95,19,7,44,70,20,27,49,19,0,69,88,2021-06-11_Serbia_United States,1,1.6538461538461537,-0.1038961038961039,0.2727272727272727,-0.8571428571428571,-0.14285714285714285,-0.1038961038961039,0.2727272727272727
2021,2021-06-11,United States,Serbia,1,3,23,17,25,25,0,25,25,19,27,0,70,55,8,7,-,55,15,38,108,8,18,4,30,7,21,63,91,39,5,38,82,18,19,37,26,0,80,106,2021-06-11_Serbia_United States,0,1.0526315789473684,-0.2222222222222222,0.8947368421052632,-2.5,-0.02702702702702703,-0.2222222222222222,0.8947368421052632
2021,2021-06-15,Argentina,Bulgaria,3,1,25,16,25,25,0,20,25,18,18,0,63,54,3,6,-,54,13,25,92,3,21,24,48,6,19,65,90,20,4,42,66,36,14,53,22,0,72,94,2021-06-15_Argentina_Bulgaria,1,1.64,-0.2,0.38095238095238093,-0.75,0.41509433962264153,-0.2,0.38095238095238093
2021,2021-06-15,Bulgaria,Argentina,1,3,20,25,18,18,0,25,16,25,25,0,56,45,7,4,-,45,12,45,102,7,18,12,37,4,16,62,82,24,6,41,71,29,18,50,12,1,89,102,2021-06-15_Argentina_Bulgaria,0,0.7333333333333333,-0.1935483870967742,0.43902439024390244,-0.9166666666666666,0.22,-0.1935483870967742,0.43902439024390244
2021,2021-06-15,Australia,Iran,3,2,25,25,23,18,15,23,22,25,25,12,72,55,12,5,-,55,29,45,129,12,16,4,32,5,16,84,105,49,5,36,90,27,25,54,19,1,104,124,2021-06-15_Australia_Iran,1,0.5777777777777777,-0.13095238095238096,1.2222222222222223,-1.0,0.037037037037037035,-0.13095238095238096,1.2222222222222223
2021,2021-06-15,Iran,Australia,2,3,23,22,25,25,12,25,25,23,18,15,72,54,13,5,-,54,26,44,124,13,17,5,35,5,18,85,108,34,5,50,89,27,23,51,19,0,104,123,2021-06-15_Australia_Iran,0,0.6363636363636364,-0.15294117647058825,0.58,-0.8,0.0784313725490196,-0.15294117647058825,0.58
2021,2021-06-15,Brazil,Slovenia,3,2,15,25,19,25,15,25,22,25,13,12,70,56,7,7,-,56,18,38,112,7,26,18,51,7,15,76,98,21,5,54,80,40,14,60,32,0,79,111,2021-06-15_Brazil_Slovenia,1,1.0,-0.10526315789473684,0.2962962962962963,-1.0555555555555556,0.43333333333333335,-0.10526315789473684,0.2962962962962963
2021,2021-06-15,Slovenia,Brazil,2,3,25,22,25,13,12,15,25,19,25,15,70,58,7,5,-,58,14,40,112,7,24,14,45,5,18,75,98,23,7,53,83,40,19,65,36,1,73,110,2021-06-15_Brazil_Slovenia,0,1.1,-0.17333333333333334,0.3018867924528302,-1.2142857142857142,0.3230769230769231,-0.17333333333333334,0.3018867924528302
2021,2021-06-15,Canada,Poland,0,3,22,23,19,0,0,25,25,25,0,0,48,39,4,5,-,39,9,29,77,4,23,18,45,5,14,46,65,7,4,50,61,28,7,42,17,2,62,81,2021-06-15_Canada_Poland,0,1.0344827586206897,-0.1956521739130435,0.06,-1.0555555555555556,0.5,-0.1956521739130435,0.06
2021,2021-06-15,Poland,Canada,3,0,25,25,25,0,0,22,23,19,0,0,52,44,4,4,-,44,7,32,83,4,16,20,40,4,13,57,74,9,5,37,51,31,10,48,18,0,59,77,2021-06-15_Canada_Poland,1,1.15625,-0.15789473684210525,0.10810810810810811,-0.6,0.4375,-0.15789473684210525,0.10810810810810811
2021,2021-06-15,France,Netherlands,2,3,25,25,26,23,17,15,22,28,25,19,91,73,12,6,-,73,14,42,129,12,27,24,63,6,24,87,117,26,7,60,93,47,18,73,38,0,90,128,2021-06-15_France_Netherlands,0,1.4047619047619047,-0.20689655172413793,0.31666666666666665,-0.625,0.3972602739726027,-0.20689655172413793,0.31666666666666665
2021,2021-06-15,Netherlands,France,3,2,15,22,28,25,19,25,25,26,23,17,77,64,6,7,-,64,20,45,129,6,27,27,60,7,15,86,108,19,6,68,93,44,15,70,41,2,89,132,2021-06-15_France_Netherlands,1,0.9777777777777777,-0.09302325581395349,0.19117647058823528,-0.7777777777777778,0.4142857142857143,-0.09302325581395349,0.19117647058823528
2021,2021-06-15,Germany,Japan,0,3,18,22,20,0,0,25,25,25,0,0,45,38,5,2,-,38,8,35,81,5,11,3,19,2,17,42,61,21,4,39,64,12,17,30,5,0,76,81,2021-06-15_Germany_Japan,0,0.8571428571428571,-0.35714285714285715,0.4358974358974359,-2.0,-0.16666666666666666,-0.35714285714285715,0.4358974358974359
2021,2021-06-15,Japan,Germany,3,0,25,25,25,0,0,18,22,20,0,0,55,46,5,4,-,46,9,28,83,5,7,3,15,4,10,60,74,25,2,17,44,29,16,46,19,0,58,77,2021-06-15_Germany_Japan,1,1.3214285714285714,-0.1,1.3529411764705883,-0.6666666666666666,0.2826086956521739,-0.1,1.3529411764705883
2021,2021-06-15,Italy,United States,0,3,15,18,21,0,0,25,25,25,0,0,33,29,1,3,-,29,15,35,79,1,12,12,25,3,11,41,55,15,9,35,59,29,12,44,17,0,57,74,2021-06-15_Italy_United States,0,0.4,-0.1951219512195122,0.17142857142857143,-0.9166666666666666,0.38636363636363635,-0.1951219512195122,0.17142857142857143
2021,2021-06-15,United States,Italy,3,0,25,25,25,0,0,15,18,21,0,0,55,39,7,9,-,39,5,29,73,7,7,12,26,9,15,50,74,15,3,26,44,37,11,50,17,1,58,76,2021-06-15_Italy_United States,1,1.1724137931034482,-0.12,0.46153846153846156,0.0,0.52,-0.12,0.46153846153846156
2021,2021-06-15,Russia,Serbia,3,1,25,25,22,25,0,23,22,25,21,0,72,50,15,7,-,50,14,49,113,15,22,13,50,7,16,73,96,27,3,47,77,42,11,53,24,2,88,114,2021-06-15_Russia_Serbia,1,0.7346938775510204,-0.1232876712328767,0.5106382978723404,-0.5384615384615384,0.5849056603773585,-0.1232876712328767,0.5106382978723404
2021,2021-06-15,Serbia,Russia,1,3,23,22,25,21,0,25,25,22,25,0,65,55,7,3,-,55,23,32,110,7,25,19,51,3,15,74,92,20,7,53,80,30,14,57,22,0,86,108,2021-06-15_Russia_Serbia,0,1.0,-0.16216216216216217,0.24528301886792453,-0.9473684210526315,0.2807017543859649,-0.16216216216216217,0.24528301886792453
2021,2021-06-16,Argentina,Russia,1,3,19,23,25,19,0,25,25,21,25,0,57,48,5,4,-,48,25,44,117,5,15,18,38,4,16,67,87,14,5,56,75,50,8,64,25,1,85,111,2021-06-16_Argentina_Russia,0,0.5227272727272727,-0.1791044776119403,0.16071428571428573,-0.5555555555555556,0.65625,-0.1791044776119403,0.16071428571428573
2021,2021-06-16,Russia,Argentina,3,1,25,25,21,25,0,19,23,25,19,0,68,49,14,5,-,49,11,44,104,14,24,19,57,5,20,70,95,23,4,44,71,36,8,50,28,1,72,101,2021-06-16_Argentina_Russia,1,0.8636363636363636,-0.21428571428571427,0.4318181818181818,-0.5263157894736842,0.56,-0.21428571428571427,0.4318181818181818
2021,2021-06-16,Australia,Slovenia,1,3,25,18,18,17,0,18,25,25,25,0,55,42,10,3,-,42,16,36,94,10,19,12,41,3,13,63,79,30,4,42,76,30,15,50,25,1,70,96,2021-06-16_Australia_Slovenia,0,0.7222222222222222,-0.15873015873015872,0.6190476190476191,-0.75,0.3,-0.15873015873015872,0.6190476190476191
2021,2021-06-16,Slovenia,Australia,3,1,18,25,25,25,0,25,18,18,17,0,67,57,6,4,-,57,17,30,104,6,11,20,37,4,16,72,92,27,3,36,66,40,18,60,39,0,62,101,2021-06-16_Australia_Slovenia,1,1.3333333333333333,-0.16666666666666666,0.6666666666666666,-0.25,0.36666666666666664,-0.16666666666666666,0.6666666666666666
2021,2021-06-16,Brazil,Iran,3,1,25,23,25,25,0,19,25,19,21,0,64,49,12,3,-,49,15,50,114,12,18,5,35,3,16,78,97,17,5,39,61,42,11,54,7,0,105,112,2021-06-16_Brazil_Iran,1,0.68,-0.16666666666666666,0.3076923076923077,-1.2,0.5740740740740741,-0.16666666666666666,0.3076923076923077
2021,2021-06-16,Iran,Brazil,1,3,19,25,19,21,0,25,23,25,25,0,60,48,7,5,-,48,20,50,118,7,17,1,25,5,24,56,85,40,3,38,81,32,9,41,18,0,92,110,2021-06-16_Brazil_Iran,0,0.56,-0.3392857142857143,0.9736842105263158,-10.0,0.5609756097560976,-0.3392857142857143,0.9736842105263158
2021,2021-06-16,Bulgaria,Serbia,0,3,20,17,17,0,0,25,25,25,0,0,42,32,7,3,-,32,12,28,72,7,14,6,27,3,10,42,55,13,9,44,66,18,12,36,16,2,54,72,2021-06-16_Bulgaria_Serbia,0,0.7142857142857143,-0.16666666666666666,0.09090909090909091,-1.1666666666666667,0.16666666666666666,-0.16666666666666666,0.09090909090909091
2021,2021-06-16,Serbia,Bulgaria,3,0,25,25,25,0,0,20,17,17,0,0,58,42,7,9,-,42,10,13,65,7,11,17,35,9,8,57,74,10,3,32,45,25,6,34,21,1,43,65,2021-06-16_Bulgaria_Serbia,1,2.4615384615384617,0.017543859649122806,0.21875,-0.23529411764705882,0.5588235294117647,0.017543859649122806,0.21875
2021,2021-06-16,Canada,Germany,3,0,25,26,25,0,0,17,24,21,0,0,46,39,6,1,-,39,8,33,80,6,14,3,23,1,11,61,73,19,3,27,49,30,15,47,9,0,68,77,2021-06-16_Canada_Germany,1,0.9393939393939394,-0.16393442622950818,0.5925925925925926,-2.6666666666666665,0.3191489361702128,-0.16393442622950818,0.5925925925925926
2021,2021-06-16,Germany,Canada,0,3,17,24,21,0,0,25,26,25,0,0,44,38,3,3,-,38,11,35,84,3,18,5,26,3,15,46,64,28,1,33,62,21,16,39,18,4,63,85,2021-06-16_Canada_Germany,0,0.7714285714285715,-0.2608695652173913,0.8181818181818182,-3.0,0.1282051282051282,-0.2608695652173913,0.8181818181818182
2021,2021-06-16,France,United States,3,1,25,22,31,25,0,23,25,29,22,0,66,57,6,3,-,57,22,49,128,6,15,23,44,3,15,84,102,25,3,48,76,58,15,80,22,1,109,132,2021-06-16_France_United States,1,0.7142857142857143,-0.14285714285714285,0.4583333333333333,-0.391304347826087,0.5375,-0.14285714285714285,0.4583333333333333
2021,2021-06-16,United States,France,1,3,23,25,29,22,0,25,22,31,25,0,74,57,14,3,-,57,17,58,132,14,30,29,73,3,24,73,100,36,3,48,87,52,11,69,33,0,96,129,2021-06-16_France_United States,0,0.6896551724137931,-0.2876712328767123,0.6875,-0.5517241379310345,0.5942028985507246,-0.2876712328767123,0.6875
2021,2021-06-16,Italy,Netherlands,3,1,25,25,23,25,0,19,23,25,21,0,73,53,12,8,-,53,13,39,105,12,24,22,58,8,13,76,97,20,5,48,73,36,8,50,17,1,87,105,2021-06-16_Italy_Netherlands,1,1.0256410256410255,-0.06578947368421052,0.3125,-0.5454545454545454,0.56,-0.06578947368421052,0.3125
2021,2021-06-16,Netherlands,Italy,1,3,19,23,25,21,0,25,25,23,25,0,67,55,7,5,-,55,20,44,119,7,22,21,50,5,16,68,89,26,8,50,84,43,22,73,24,0,96,120,2021-06-16_Italy_Netherlands,0,0.7954545454545454,-0.16176470588235295,0.36,-0.7142857142857143,0.2876712328767123,-0.16176470588235295,0.36
2021,2021-06-16,Japan,Poland,0,3,14,18,19,0,0,25,25,25,0,0,34,34,0,0,-,34,14,31,79,0,10,13,23,0,19,33,52,14,6,40,60,30,11,47,28,1,52,81,2021-06-16_Japan_Poland,0,0.6451612903225806,-0.5757575757575758,0.2,-0.7692307692307693,0.40425531914893614,-0.5757575757575758,0.2
2021,2021-06-16,Poland,Japan,3,0,25,25,25,0,0,14,18,19,0,0,47,35,6,6,-,35,3,25,63,6,14,17,37,6,14,54,74,10,0,23,33,29,7,44,17,0,43,60,2021-06-16_Japan_Poland,1,1.28,-0.14814814814814814,0.43478260869565216,-0.47058823529411764,0.5,-0.14814814814814814,0.43478260869565216
2021,2021-06-17,Argentina,Serbia,3,0,27,25,26,0,0,25,20,24,0,0,56,45,8,3,-,45,13,22,80,8,18,11,37,3,14,60,77,21,2,34,57,24,6,36,36,1,45,82,2021-06-17_Argentina_Serbia,1,1.4545454545454546,-0.18333333333333332,0.5588235294117647,-0.9090909090909091,0.5,-0.18333333333333332,0.5588235294117647
2021,2021-06-17,Serbia,Argentina,0,3,25,20,24,0,0,27,25,26,0,0,47,38,7,2,-,38,17,25,80,7,15,11,33,2,13,55,70,12,3,48,63,21,12,38,20,0,61,81,2021-06-17_Argentina_Serbia,0,0.84,-0.2,0.1875,-0.7272727272727273,0.23684210526315788,-0.2,0.1875
2021,2021-06-17,Australia,Brazil,0,3,17,22,12,0,0,25,25,25,0,0,40,35,3,2,-,35,13,47,95,3,14,8,25,2,9,42,53,18,3,45,66,32,15,50,9,0,83,92,2021-06-17_Australia_Brazil,0,0.46808510638297873,-0.16666666666666666,0.3333333333333333,-1.375,0.34,-0.16666666666666666,0.3333333333333333
2021,2021-06-17,Brazil,Australia,3,0,25,25,25,0,0,17,22,12,0,0,57,48,6,3,-,48,7,25,80,6,16,22,44,3,7,63,73,21,2,21,44,38,8,52,25,0,53,78,2021-06-17_Australia_Brazil,1,1.64,-0.06349206349206349,0.9047619047619048,-0.45454545454545453,0.5769230769230769,-0.06349206349206349,0.9047619047619048
2021,2021-06-17,Bulgaria,Russia,0,3,17,22,17,0,0,25,25,25,0,0,32,24,3,5,-,24,12,29,65,3,20,15,38,5,10,42,57,13,6,33,52,20,10,31,6,2,62,70,2021-06-17_Bulgaria_Russia,0,0.41379310344827586,-0.11904761904761904,0.21212121212121213,-1.1333333333333333,0.3225806451612903,-0.11904761904761904,0.21212121212121213
2021,2021-06-17,Russia,Bulgaria,3,0,25,25,25,0,0,17,22,17,0,0,58,45,7,6,-,45,5,19,69,7,12,11,30,6,21,46,73,13,5,29,47,30,7,40,16,0,53,69,2021-06-17_Bulgaria_Russia,1,2.1052631578947367,-0.32608695652173914,0.27586206896551724,-0.45454545454545453,0.575,-0.32608695652173914,0.27586206896551724
2021,2021-06-17,Canada,Japan,3,0,25,25,25,0,0,22,23,18,0,0,57,44,6,7,-,44,5,36,85,6,24,17,47,7,11,56,74,15,1,38,54,30,7,48,28,2,51,81,2021-06-17_Canada_Japan,1,1.0833333333333333,-0.07142857142857142,0.3684210526315789,-1.0588235294117647,0.4791666666666667,-0.07142857142857142,0.3684210526315789
2021,2021-06-17,Japan,Canada,0,3,22,23,18,0,0,25,25,25,0,0,45,42,2,1,-,42,12,34,88,2,24,17,43,1,10,53,64,12,7,44,63,37,13,54,18,1,71,90,2021-06-17_Canada_Japan,0,0.8823529411764706,-0.16981132075471697,0.11363636363636363,-1.2941176470588236,0.4444444444444444,-0.16981132075471697,0.11363636363636363
2021,2021-06-17,France,Italy,2,3,19,25,20,25,12,25,22,25,21,15,76,65,8,3,-,65,18,50,133,8,14,7,29,3,18,81,102,24,6,62,92,30,27,57,22,0,104,126,2021-06-17_France_Italy,0,0.94,-0.18518518518518517,0.2903225806451613,-0.8571428571428571,0.05263157894736842,-0.18518518518518517,0.2903225806451613
2021,2021-06-17,Italy,France,3,2,25,22,25,21,15,19,25,20,25,12,81,64,11,6,-,64,16,40,120,11,14,11,36,6,15,86,107,41,3,40,84,31,18,49,20,2,99,121,2021-06-17_France_Italy,1,1.2,-0.10465116279069768,0.95,-0.2727272727272727,0.2653061224489796,-0.10465116279069768,0.95
2021,2021-06-17,Germany,Poland,0,3,22,19,20,0,0,25,25,25,0,0,38,34,2,2,-,34,13,30,77,2,14,13,29,2,12,49,63,13,2,42,57,26,14,44,15,2,61,78,2021-06-17_Germany_Poland,0,0.7,-0.20408163265306123,0.2619047619047619,-0.9230769230769231,0.2727272727272727,-0.20408163265306123,0.2619047619047619
2021,2021-06-17,Poland,Germany,3,0,25,25,25,0,0,22,19,20,0,0,55,46,7,2,-,46,8,30,84,7,13,14,34,2,16,55,73,11,2,38,51,36,10,50,28,0,54,82,2021-06-17_Germany_Poland,1,1.2666666666666666,-0.2545454545454545,0.23684210526315788,-0.42857142857142855,0.52,-0.2545454545454545,0.23684210526315788
2021,2021-06-17,Iran,Slovenia,1,3,25,20,19,30,0,14,25,25,32,0,67,51,12,4,-,51,14,35,100,12,20,2,34,4,13,78,95,29,3,43,75,22,27,50,19,2,76,97,2021-06-17_Iran_Slovenia,0,1.0571428571428572,-0.11538461538461539,0.6046511627906976,-4.0,-0.1,-0.11538461538461539,0.6046511627906976
2021,2021-06-17,Slovenia,Iran,3,1,14,25,25,32,0,25,20,19,30,0,69,60,6,3,-,60,17,35,112,6,17,5,28,3,20,72,95,38,4,40,82,29,25,54,28,1,80,109,2021-06-17_Iran_Slovenia,1,1.2285714285714286,-0.2361111111111111,0.85,-2.2,0.07407407407407407,-0.2361111111111111,0.85
2021,2021-06-17,Netherlands,United States,2,3,25,17,25,15,13,21,25,23,25,15,61,51,3,7,-,51,13,54,118,3,20,14,37,7,16,72,95,18,12,57,87,45,15,61,21,0,96,117,2021-06-17_Netherlands_United States,0,0.7037037037037037,-0.125,0.10526315789473684,-1.2142857142857142,0.4918032786885246,-0.125,0.10526315789473684
2021,2021-06-17,United States,Netherlands,3,2,21,25,23,25,15,25,17,25,15,13,87,67,8,12,-,67,14,30,111,8,24,29,61,12,22,75,109,32,7,40,79,44,12,61,28,1,82,111,2021-06-17_Netherlands_United States,1,1.7666666666666666,-0.13333333333333333,0.625,-0.5517241379310345,0.5245901639344263,-0.13333333333333333,0.625
2021,2021-06-21,Argentina,Poland,0,3,21,22,18,0,0,25,25,25,0,0,39,37,1,1,-,37,6,30,73,1,17,17,35,1,17,45,63,13,7,38,58,22,15,44,26,0,47,73,2021-06-21_Argentina_Poland,0,1.0333333333333334,-0.35555555555555557,0.15789473684210525,-0.9411764705882353,0.1590909090909091,-0.35555555555555557,0.15789473684210525
2021,2021-06-21,Poland,Argentina,3,0,25,25,25,0,0,21,22,18,0,0,54,44,3,7,-,44,6,30,80,3,20,17,40,7,15,51,73,11,1,34,46,31,8,46,26,0,52,78,2021-06-21_Argentina_Poland,1,1.2666666666666666,-0.1568627450980392,0.29411764705882354,-1.0,0.5,-0.1568627450980392,0.29411764705882354
2021,2021-06-21,Australia,Serbia,1,3,16,13,25,15,0,25,25,19,25,0,46,34,6,6,-,34,24,41,99,6,15,3,24,6,11,53,70,27,6,45,78,28,17,45,19,0,79,98,2021-06-21_Australia_Serbia,0,0.24390243902439024,-0.09433962264150944,0.4666666666666667,-3.0,0.24444444444444444,-0.09433962264150944,0.4666666666666667
2021,2021-06-21,Serbia,Australia,3,1,25,25,19,25,0,16,13,25,15,0,69,52,11,6,-,52,11,26,89,11,14,8,33,6,15,72,93,27,6,26,59,22,7,31,21,2,64,87,2021-06-21_Australia_Serbia,1,1.5769230769230769,-0.125,0.8076923076923077,-0.375,0.4838709677419355,-0.125,0.8076923076923077
2021,2021-06-21,Brazil,Italy,3,1,25,32,22,25,0,19,30,25,20,0,77,67,5,5,-,67,12,46,125,5,29,32,66,5,16,82,103,20,3,57,80,47,11,67,38,1,85,124,2021-06-21_Brazil_Italy,1,1.1956521739130435,-0.13414634146341464,0.2982456140350877,-0.75,0.5373134328358209,-0.13414634146341464,0.2982456140350877
2021,2021-06-21,Italy,Brazil,1,3,19,30,25,20,0,25,32,22,25,0,73,61,9,3,-,61,13,50,124,9,31,27,67,3,15,77,95,16,5,66,87,44,17,69,28,2,91,121,2021-06-21_Brazil_Italy,0,0.96,-0.15584415584415584,0.16666666666666666,-0.8148148148148148,0.391304347826087,-0.15584415584415584,0.16666666666666666
2021,2021-06-21,Bulgaria,Japan,0,3,23,18,14,0,0,25,25,25,0,0,44,34,8,2,-,34,12,36,82,8,14,11,33,2,9,46,57,11,3,52,66,25,19,44,19,0,60,79,2021-06-21_Bulgaria_Japan,0,0.6111111111111112,-0.15217391304347827,0.15384615384615385,-0.5454545454545454,0.13636363636363635,-0.15217391304347827,0.15384615384615385
2021,2021-06-21,Japan,Bulgaria,3,0,25,25,25,0,0,23,18,14,0,0,59,50,6,3,-,50,12,23,85,6,20,13,39,3,7,63,73,15,2,31,48,38,10,52,17,0,67,84,2021-06-21_Bulgaria_Japan,1,1.6521739130434783,-0.06349206349206349,0.41935483870967744,-1.0769230769230769,0.5384615384615384,-0.06349206349206349,0.41935483870967744
2021,2021-06-21,Canada,Netherlands,3,0,25,25,25,0,0,16,16,19,0,0,58,42,11,5,-,42,9,17,68,11,9,19,39,5,9,60,74,14,0,28,42,28,12,44,21,3,45,69,2021-06-21_Canada_Netherlands,1,1.9411764705882353,-0.06666666666666667,0.5,0.10526315789473684,0.36363636363636365,-0.06666666666666667,0.5
2021,2021-06-21,Netherlands,Canada,0,3,16,16,19,0,0,25,25,25,0,0,32,29,3,0,-,29,17,39,85,3,12,4,19,0,9,42,51,19,5,41,65,26,12,41,23,1,59,83,2021-06-21_Canada_Netherlands,0,0.3076923076923077,-0.21428571428571427,0.34146341463414637,-2.25,0.34146341463414637,-0.21428571428571427,0.34146341463414637
2021,2021-06-21,France,Iran,3,0,25,25,25,0,0,21,21,19,0,0,54,41,8,5,-,41,11,18,70,8,10,6,24,5,13,55,73,22,2,28,52,20,14,38,17,0,54,71,2021-06-21_France_Iran,1,1.6666666666666667,-0.14545454545454545,0.7142857142857143,-0.3333333333333333,0.15789473684210525,-0.14545454545454545,0.7142857142857143
2021,2021-06-21,Iran,France,0,3,21,21,19,0,0,25,25,25,0,0,45,35,8,2,-,35,15,27,77,8,19,6,33,2,11,50,63,29,5,26,60,15,4,20,15,3,58,76,2021-06-21_France_Iran,0,0.7407407407407407,-0.18,0.9230769230769231,-1.8333333333333333,0.55,-0.18,0.9230769230769231
2021,2021-06-21,Germany,Russia,1,3,18,18,25,15,0,25,25,23,25,0,49,42,7,0,-,42,15,41,98,7,20,12,39,0,16,61,77,24,8,45,77,34,11,51,20,1,76,97,2021-06-21_Germany_Russia,0,0.6585365853658537,-0.26229508196721313,0.35555555555555557,-1.0833333333333333,0.45098039215686275,-0.26229508196721313,0.35555555555555557
2021,2021-06-21,Russia,Germany,3,1,25,25,23,25,0,18,18,25,15,0,75,58,9,8,-,58,12,29,99,9,17,22,48,8,20,69,97,16,0,45,61,37,9,48,28,1,69,98,2021-06-21_Germany_Russia,1,1.5862068965517242,-0.17391304347826086,0.35555555555555557,-0.36363636363636365,0.5833333333333334,-0.17391304347826086,0.35555555555555557
2021,2021-06-21,Slovenia,United States,3,2,28,25,21,28,15,30,19,25,26,13,84,69,11,4,-,69,17,43,129,11,25,14,50,4,25,88,117,20,6,65,91,41,14,66,21,1,109,131,2021-06-21_Slovenia_United States,1,1.2093023255813953,-0.23863636363636365,0.2153846153846154,-1.0,0.4090909090909091,-0.23863636363636365,0.2153846153846154
2021,2021-06-21,United States,Slovenia,2,3,30,19,25,26,13,28,25,21,28,15,77,61,10,6,-,61,20,50,131,10,39,16,65,6,22,85,113,29,4,59,92,50,10,67,43,0,86,129,2021-06-21_Slovenia_United States,0,0.82,-0.18823529411764706,0.423728813559322,-1.8125,0.5970149253731343,-0.18823529411764706,0.423728813559322
2021,2021-06-22,Argentina,France,0,3,24,21,22,0,0,26,25,25,0,0,44,37,7,0,-,37,12,26,75,7,16,9,32,0,16,53,69,12,6,43,61,26,8,39,25,1,51,77,2021-06-22_Argentina_France,0,0.9615384615384616,-0.3018867924528302,0.13953488372093023,-1.0,0.46153846153846156,-0.3018867924528302,0.13953488372093023
2021,2021-06-22,France,Argentina,3,0,26,25,25,0,0,24,21,22,0,0,55,41,8,6,-,41,15,27,83,8,12,9,29,6,13,55,74,15,0,38,53,33,11,46,24,2,54,80,2021-06-22_Argentina_France,1,0.9629629629629629,-0.12727272727272726,0.39473684210526316,-0.4444444444444444,0.4782608695652174,-0.12727272727272726,0.39473684210526316
2021,2021-06-22,Australia,Canada,0,3,17,8,20,0,0,25,25,25,0,0,25,22,1,2,-,22,14,42,78,1,16,12,29,2,13,32,47,15,5,38,58,26,7,46,11,2,64,77,2021-06-22_Australia_Canada,0,0.19047619047619047,-0.34375,0.2631578947368421,-1.25,0.41304347826086957,-0.34375,0.2631578947368421
2021,2021-06-22,Canada,Australia,3,0,25,25,25,0,0,17,8,20,0,0,56,41,10,5,-,41,4,29,74,10,10,22,42,5,15,53,73,17,2,15,34,40,7,52,22,1,46,69,2021-06-22_Australia_Canada,1,1.2758620689655173,-0.18867924528301888,1.0,0.0,0.6346153846153846,-0.18867924528301888,1.0
2021,2021-06-22,Brazil,Germany,3,0,25,25,25,0,0,21,21,23,0,0,51,43,5,3,-,43,11,35,89,5,14,4,23,3,16,54,73,24,3,23,50,33,7,40,24,0,61,85,2021-06-22_Brazil_Germany,1,0.9142857142857143,-0.24074074074074073,0.9130434782608695,-2.25,0.65,-0.24074074074074073,0.9130434782608695
2021,2021-06-22,Germany,Brazil,0,3,21,21,23,0,0,25,25,25,0,0,42,34,5,3,-,34,10,35,79,5,16,6,27,3,17,47,67,20,3,34,57,16,12,30,11,0,69,80,2021-06-22_Brazil_Germany,0,0.6857142857142857,-0.2978723404255319,0.5,-1.8333333333333333,0.13333333333333333,-0.2978723404255319,0.5
2021,2021-06-22,Bulgaria,United States,0,3,19,24,9,0,0,25,26,25,0,0,32,30,2,0,-,30,19,31,80,2,17,18,37,0,9,44,53,14,5,44,63,22,9,35,12,2,66,80,2021-06-22_Bulgaria_United States,0,0.3548387096774194,-0.20454545454545456,0.20454545454545456,-0.8333333333333334,0.37142857142857144,-0.20454545454545456,0.20454545454545456
2021,2021-06-22,United States,Bulgaria,3,0,25,26,25,0,0,19,24,9,0,0,53,41,7,5,-,41,9,27,77,7,14,20,41,5,11,58,74,16,0,28,44,35,11,49,22,0,56,78,2021-06-22_Bulgaria_United States,1,1.1851851851851851,-0.10344827586206896,0.5714285714285714,-0.35,0.4897959183673469,-0.10344827586206896,0.5714285714285714
2021,2021-06-22,Iran,Poland,0,3,20,20,16,0,0,25,25,25,0,0,35,27,5,3,-,27,19,36,82,5,15,11,31,3,15,40,58,12,6,48,66,34,4,41,13,3,73,89,2021-06-22_Iran_Poland,0,0.2222222222222222,-0.3,0.125,-0.9090909090909091,0.7317073170731707,-0.3,0.125
2021,2021-06-22,Poland,Iran,3,0,25,25,25,0,0,20,20,16,0,0,48,31,11,6,-,31,15,22,68,11,17,23,51,6,7,60,73,13,3,27,43,29,4,38,18,1,49,68,2021-06-22_Iran_Poland,1,0.7272727272727273,-0.016666666666666666,0.37037037037037035,-0.2608695652173913,0.6578947368421053,-0.016666666666666666,0.37037037037037035
2021,2021-06-22,Italy,Russia,2,3,21,25,17,25,12,25,16,25,19,15,75,57,10,8,-,57,20,36,113,10,14,10,34,8,15,77,100,19,5,59,83,42,17,62,21,2,90,113,2021-06-22_Italy_Russia,0,1.0277777777777777,-0.09090909090909091,0.23728813559322035,-0.4,0.4032258064516129,-0.09090909090909091,0.23728813559322035
2021,2021-06-22,Russia,Italy,3,2,25,16,25,19,15,21,25,17,25,12,70,56,9,5,-,56,18,31,105,9,25,15,49,5,17,78,100,21,8,56,85,30,9,44,28,0,76,104,2021-06-22_Italy_Russia,1,1.2258064516129032,-0.15384615384615385,0.23214285714285715,-1.0666666666666667,0.4772727272727273,-0.15384615384615385,0.23214285714285715
2021,2021-06-22,Japan,Slovenia,0,3,16,16,26,0,0,25,25,28,0,0,44,38,4,2,-,38,19,31,88,4,12,4,20,2,7,50,59,24,5,39,68,21,14,35,20,2,68,90,2021-06-22_Japan_Slovenia,0,0.6129032258064516,-0.1,0.48717948717948717,-2.0,0.2,-0.1,0.48717948717948717
2021,2021-06-22,Slovenia,Japan,3,0,25,25,28,0,0,16,16,26,0,0,60,45,10,5,-,45,8,27,80,10,13,4,27,5,9,63,77,15,2,35,52,21,9,30,22,1,55,78,2021-06-22_Japan_Slovenia,1,1.3703703703703705,-0.06349206349206349,0.37142857142857144,-0.75,0.4,-0.06349206349206349,0.37142857142857144
2021,2021-06-22,Netherlands,Serbia,2,3,21,25,18,25,15,25,21,25,21,17,77,60,11,6,-,60,14,32,106,11,25,16,52,6,18,81,105,28,12,50,90,32,19,58,24,1,81,106,2021-06-22_Netherlands_Serbia,0,1.4375,-0.14814814814814814,0.32,-0.875,0.22413793103448276,-0.14814814814814814,0.32
2021,2021-06-22,Serbia,Netherlands,3,2,25,21,25,21,17,21,25,18,25,15,81,64,5,12,-,64,16,30,110,5,26,19,50,12,18,78,108,27,6,54,87,28,16,49,28,2,80,110,2021-06-22_Netherlands_Serbia,1,1.6,-0.07692307692307693,0.3888888888888889,-1.105263157894737,0.24489795918367346,-0.07692307692307693,0.3888888888888889
2021,2021-06-23,Argentina,Iran,3,1,33,25,30,25,0,31,23,32,18,0,80,65,12,3,-,65,15,32,112,12,24,11,47,3,23,86,112,21,5,60,86,35,11,52,42,1,70,113,2021-06-23_Argentina_Iran,1,1.5625,-0.23255813953488372,0.26666666666666666,-1.0909090909090908,0.46153846153846156,-0.23255813953488372,0.26666666666666666
2021,2021-06-23,Iran,Argentina,1,3,31,23,32,18,0,33,25,30,25,0,73,59,9,5,-,59,21,31,111,9,25,15,49,5,19,81,105,27,3,59,89,27,19,55,32,4,77,113,2021-06-23_Argentina_Iran,0,1.2258064516129032,-0.1728395061728395,0.4067796610169492,-1.0666666666666667,0.14545454545454545,-0.1728395061728395,0.4067796610169492
2021,2021-06-23,Australia,Netherlands,0,3,23,19,19,0,0,25,25,25,0,0,40,33,6,1,-,33,14,20,67,6,14,4,24,1,10,52,63,24,8,25,57,19,13,32,13,0,50,63,2021-06-23_Australia_Netherlands,0,0.95,-0.17307692307692307,0.64,-2.0,0.1875,-0.17307692307692307,0.64
2021,2021-06-23,Netherlands,Australia,3,0,25,25,25,0,0,23,19,19,0,0,58,42,8,8,-,42,11,20,73,8,10,5,23,8,16,49,73,28,1,24,53,17,8,29,18,0,55,73,2021-06-23_Australia_Netherlands,1,1.55,-0.16326530612244897,1.125,-0.4,0.3103448275862069,-0.16326530612244897,1.125
2021,2021-06-23,Brazil,Russia,0,3,21,26,20,0,0,25,28,25,0,0,44,36,4,4,-,36,18,18,72,4,16,13,33,4,11,54,69,11,7,43,61,23,10,38,18,0,55,73,2021-06-23_Brazil_Russia,0,1.0,-0.12962962962962962,0.09302325581395349,-0.9230769230769231,0.34210526315789475,-0.12962962962962962,0.09302325581395349
2021,2021-06-23,Russia,Brazil,3,0,25,28,25,0,0,21,26,20,0,0,56,40,9,7,-,40,9,26,75,9,14,8,31,7,15,54,76,11,4,43,58,19,10,33,21,2,49,72,2021-06-23_Brazil_Russia,1,1.1923076923076923,-0.14814814814814814,0.16279069767441862,-0.625,0.2727272727272727,-0.14814814814814814,0.16279069767441862
2021,2021-06-23,Bulgaria,Slovenia,0,3,23,16,18,0,0,25,25,25,0,0,44,34,8,2,-,34,16,24,74,8,20,7,35,2,17,39,58,18,3,44,65,11,5,23,27,2,42,71,2021-06-23_Bulgaria_Slovenia,0,0.75,-0.38461538461538464,0.3409090909090909,-1.7142857142857142,0.2608695652173913,-0.38461538461538464,0.3409090909090909
2021,2021-06-23,Slovenia,Bulgaria,3,0,25,25,25,0,0,23,16,18,0,0,44,36,5,3,-,36,12,17,65,5,15,13,33,3,9,62,74,12,2,27,41,29,11,43,18,0,48,66,2021-06-23_Bulgaria_Slovenia,1,1.411764705882353,-0.0967741935483871,0.37037037037037035,-0.7692307692307693,0.4186046511627907,-0.0967741935483871,0.37037037037037035
2021,2021-06-23,Canada,Serbia,3,2,17,21,25,25,17,25,25,17,20,15,67,47,19,1,-,47,17,62,126,19,29,26,74,1,14,89,104,25,8,43,76,57,13,76,21,1,102,124,2021-06-23_Canada_Serbia,1,0.4838709677419355,-0.14606741573033707,0.3953488372093023,-0.38461538461538464,0.5789473684210527,-0.14606741573033707,0.3953488372093023
2021,2021-06-23,Serbia,Canada,2,3,25,25,17,20,15,17,21,25,25,17,79,62,9,8,-,62,28,51,141,9,16,35,60,8,27,68,103,30,1,59,90,59,9,74,29,2,114,145,2021-06-23_Canada_Serbia,0,0.6666666666666666,-0.27941176470588236,0.4915254237288136,-0.2,0.6756756756756757,-0.27941176470588236,0.4915254237288136
2021,2021-06-23,France,Poland,3,2,25,21,22,25,15,22,25,25,20,11,73,57,11,5,-,57,24,41,122,11,21,24,56,5,20,82,107,34,3,42,79,44,10,58,21,1,97,119,2021-06-23_France_Poland,1,0.8048780487804879,-0.18292682926829268,0.7380952380952381,-0.4166666666666667,0.5862068965517241,-0.18292682926829268,0.7380952380952381
2021,2021-06-23,Poland,France,2,3,22,25,25,20,11,25,21,22,25,15,70,52,15,3,-,52,19,38,109,15,23,22,60,3,25,76,104,36,5,46,87,36,12,54,29,1,86,116,2021-06-23_France_Poland,0,0.868421052631579,-0.2894736842105263,0.6739130434782609,-0.36363636363636365,0.4444444444444444,-0.2894736842105263,0.6739130434782609
2021,2021-06-23,Germany,Italy,2,3,12,26,22,25,13,25,24,25,21,15,66,52,9,5,-,52,25,54,131,9,23,14,46,5,21,73,99,27,5,55,87,53,15,76,33,1,97,131,2021-06-23_Germany_Italy,0,0.5,-0.2191780821917808,0.4,-1.0,0.5,-0.2191780821917808,0.4
2021,2021-06-23,Italy,Germany,3,2,25,24,25,21,15,12,26,22,25,13,78,58,15,5,-,58,17,50,125,15,22,25,62,5,22,82,109,17,5,56,78,56,12,73,30,2,91,123,2021-06-23_Germany_Italy,1,0.82,-0.2073170731707317,0.21428571428571427,-0.28,0.6027397260273972,-0.2073170731707317,0.21428571428571427
2021,2021-06-23,Japan,United States,0,3,21,23,20,0,0,25,25,25,0,0,40,35,3,2,-,35,12,41,88,3,7,3,13,2,13,51,66,24,2,29,55,23,17,41,12,0,72,84,2021-06-23_Japan_United States,0,0.5609756097560976,-0.21568627450980393,0.7586206896551724,-1.3333333333333333,0.14634146341463414,-0.21568627450980393,0.7586206896551724
2021,2021-06-23,United States,Japan,3,0,25,25,25,0,0,21,23,20,0,0,60,48,10,2,-,48,7,24,79,10,13,4,27,2,18,53,73,24,2,27,53,23,14,40,22,0,51,73,2021-06-23_Japan_United States,1,1.7083333333333333,-0.3018867924528302,0.8148148148148148,-0.75,0.225,-0.3018867924528302,0.8148148148148148
2021,2021-06-26,Brazil,France,3,0,25,25,25,0,0,20,18,19,0,0,57,45,9,3,-,45,9,21,75,9,14,22,45,3,12,58,73,12,2,35,49,28,7,36,18,1,56,75,2021-06-26_Brazil_France,1,1.7142857142857142,-0.15517241379310345,0.2857142857142857,-0.22727272727272727,0.5833333333333334,-0.15517241379310345,0.2857142857142857
2021,2021-06-26,France,Brazil,0,3,20,18,19,0,0,25,25,25,0,0,36,31,3,2,-,31,16,32,79,3,15,7,25,2,10,47,59,19,3,39,61,26,11,41,16,0,61,77,2021-06-26_Brazil_France,0,0.46875,-0.1702127659574468,0.41025641025641024,-1.7142857142857142,0.36585365853658536,-0.1702127659574468,0.41025641025641024
2021,2021-06-26,Poland,Slovenia,3,0,25,25,25,0,0,22,21,23,0,0,57,37,14,6,-,37,12,24,73,14,16,13,43,6,11,57,74,17,5,31,53,24,8,37,16,0,56,72,2021-06-26_Poland_Slovenia,1,1.0416666666666667,-0.08771929824561403,0.3870967741935484,-0.15384615384615385,0.43243243243243246,-0.08771929824561403,0.3870967741935484
2021,2021-06-26,Slovenia,Poland,0,3,22,21,23,0,0,25,25,25,0,0,49,38,6,5,-,38,18,27,83,6,12,11,29,5,14,48,67,16,6,41,63,27,8,41,19,0,64,83,2021-06-26_Poland_Slovenia,0,0.7407407407407407,-0.1875,0.24390243902439024,-0.5454545454545454,0.4634146341463415,-0.1875,0.24390243902439024
2021,2021-06-27,Brazil,Poland,3,1,22,25,25,25,0,25,23,16,14,0,69,54,9,6,-,54,13,35,102,9,13,17,39,6,17,73,96,17,3,42,62,43,15,62,22,0,81,103,2021-06-27_Brazil_Poland,1,1.1714285714285715,-0.1506849315068493,0.3333333333333333,-0.23529411764705882,0.45161290322580644,-0.1506849315068493,0.3333333333333333
2021,2021-06-27,Poland,Brazil,1,3,25,23,16,14,0,22,25,25,25,0,54,44,7,3,-,44,18,39,101,7,19,14,40,3,17,59,79,21,6,52,79,31,13,50,24,1,77,102,2021-06-27_Brazil_Poland,0,0.6666666666666666,-0.23728813559322035,0.28846153846153844,-0.8571428571428571,0.36,-0.23728813559322035,0.28846153846153844
2021,2021-06-27,France,Slovenia,3,0,25,25,25,0,0,20,18,19,0,0,60,44,11,5,-,44,10,21,75,11,16,15,42,5,12,56,73,17,3,28,48,30,6,38,15,0,56,71,2021-06-27_France_Slovenia,1,1.619047619047619,-0.125,0.5,-0.3333333333333333,0.631578947368421,-0.125,0.5
2021,2021-06-27,Slovenia,France,0,3,20,18,19,0,0,25,25,25,0,0,40,31,6,3,-,31,15,31,77,6,24,12,42,3,11,45,59,16,5,40,61,26,3,32,17,0,62,79,2021-06-27_France_Slovenia,0,0.5161290322580645,-0.17777777777777778,0.275,-1.5,0.71875,-0.17777777777777778,0.275
2022,2022-06-07,Serbia,Bulgaria,3,1,19,25,25,25,0,25,19,22,20,0,66,54,4,8,-,54,21,30,105,4,17,18,39,8,8,77,93,10,3,61,74,19,33,76,32,2,71,105,2022-06-07_Bulgaria_Serbia,1,1.1,0.0,0.11475409836065574,-0.7222222222222222,-0.18421052631578946,0.0,0.11475409836065574
2022,2022-06-07,Bulgaria,Serbia,1,3,25,19,22,20,0,19,25,25,25,0,70,52,15,3,-,52,15,32,99,15,27,17,59,3,13,71,87,10,8,67,85,10,27,56,53,2,43,98,2022-06-07_Bulgaria_Serbia,0,1.15625,-0.14084507042253522,0.029850746268656716,-0.7058823529411765,-0.30357142857142855,-0.14084507042253522,0.029850746268656716
2022,2022-06-07,Germany,Canada,3,0,25,25,30,0,0,19,20,28,0,0,57,43,6,8,-,43,9,34,86,6,18,9,33,8,15,54,77,17,4,37,58,23,4,42,25,1,59,85,2022-06-07_Canada_Germany,1,1.0,-0.12962962962962962,0.35135135135135137,-1.3333333333333333,0.4523809523809524,-0.12962962962962962,0.35135135135135137
2022,2022-06-07,Canada,Germany,0,3,19,20,28,0,0,25,25,30,0,0,45,37,4,4,-,37,16,21,74,4,19,19,42,4,11,54,69,10,8,44,62,24,10,42,20,2,55,77,2022-06-07_Canada_Germany,0,1.0,-0.12962962962962962,0.045454545454545456,-0.7894736842105263,0.3333333333333333,-0.12962962962962962,0.045454545454545456
2022,2022-06-07,Iran,China,3,1,25,19,25,25,0,15,25,22,15,0,69,48,7,14,-,48,13,22,83,7,15,10,32,14,13,64,91,11,5,49,65,26,5,39,29,2,32,63,2022-06-07_China_Iran,1,1.5909090909090908,0.015625,0.12244897959183673,-0.8,0.5384615384615384,0.015625,0.12244897959183673
2022,2022-06-07,China,Iran,1,3,15,25,22,15,0,25,19,25,25,0,55,44,6,5,-,44,14,23,81,6,12,8,26,5,12,60,77,14,14,50,78,18,6,30,21,4,34,59,2022-06-07_China_Iran,0,1.3043478260869565,-0.11666666666666667,0.0,-0.75,0.4,-0.11666666666666667,0.0
2022,2022-06-07,United States,Slovenia,3,0,25,25,25,0,0,19,19,14,0,0,57,36,14,7,-,36,9,22,67,14,9,20,43,7,13,54,74,10,3,28,41,28,5,38,18,0,22,40,2022-06-07_Slovenia_United States,1,1.2272727272727273,-0.1111111111111111,0.25,0.25,0.6052631578947368,-0.1111111111111111,0.25
2022,2022-06-07,Slovenia,United States,0,3,19,19,14,0,0,25,25,25,0,0,34,27,4,3,-,27,20,30,77,4,7,12,23,3,12,38,53,14,7,40,61,26,8,37,20,0,25,45,2022-06-07_Slovenia_United States,0,0.23333333333333334,-0.23684210526315788,0.175,-0.25,0.4864864864864865,-0.23684210526315788,0.175
2022,2022-06-08,Poland,Argentina,3,0,25,25,25,0,0,21,22,23,0,0,55,45,7,3,-,45,11,29,85,7,15,24,46,3,17,54,74,15,3,34,52,37,11,52,26,1,58,85,2022-06-08_Argentina_Poland,1,1.1724137931034482,-0.25925925925925924,0.35294117647058826,-0.3333333333333333,0.5,-0.25925925925925924,0.35294117647058826
2022,2022-06-08,Argentina,Poland,0,3,21,22,23,0,0,25,25,25,0,0,40,31,6,3,-,31,10,43,84,6,16,20,42,3,15,49,67,9,3,45,57,23,18,51,31,0,52,83,2022-06-08_Argentina_Poland,0,0.4883720930232558,-0.24489795918367346,0.13333333333333333,-0.5,0.09803921568627451,-0.24489795918367346,0.13333333333333333
2022,2022-06-08,Brazil,Australia,3,0,25,25,25,0,0,14,18,21,0,0,45,29,11,5,-,29,7,37,73,11,18,22,51,5,8,61,74,16,1,19,36,37,6,50,40,1,33,74,2022-06-08_Australia_Brazil,1,0.5945945945945946,-0.04918032786885246,0.7894736842105263,-0.3181818181818182,0.62,-0.04918032786885246,0.7894736842105263
2022,2022-06-08,Australia,Brazil,0,3,14,18,21,0,0,25,25,25,0,0,41,35,5,1,-,35,20,35,90,5,8,21,34,1,18,35,54,16,5,45,66,35,8,49,28,2,57,87,2022-06-08_Australia_Brazil,0,0.42857142857142855,-0.4857142857142857,0.24444444444444444,-0.14285714285714285,0.5510204081632653,-0.4857142857142857,0.24444444444444444
2022,2022-06-08,Italy,France,0,3,22,24,19,0,0,25,26,25,0,0,42,34,6,2,-,34,16,43,93,6,18,16,40,2,18,47,67,4,4,52,60,32,9,60,45,1,49,95,2022-06-08_France_Italy,0,0.4186046511627907,-0.3404255319148936,0.0,-0.75,0.38333333333333336,-0.3404255319148936,0.0
2022,2022-06-08,France,Italy,3,0,25,26,25,0,0,22,24,19,0,0,47,37,6,4,-,37,14,34,85,6,15,22,43,4,14,56,74,14,2,33,49,34,10,59,48,1,34,83,2022-06-08_France_Italy,1,0.6764705882352942,-0.17857142857142858,0.36363636363636365,-0.4090909090909091,0.4067796610169492,-0.17857142857142858,0.36363636363636365
2022,2022-06-08,Netherlands,Japan,1,3,25,24,22,17,0,22,26,25,25,0,60,48,9,3,-,48,20,37,105,9,22,18,49,3,16,70,89,20,6,56,82,31,8,45,26,2,74,102,2022-06-08_Japan_Netherlands,0,0.7567567567567568,-0.18571428571428572,0.25,-0.7222222222222222,0.5111111111111111,-0.18571428571428572,0.25
2022,2022-06-08,Japan,Netherlands,3,1,22,26,25,25,0,25,24,22,17,0,70,54,10,6,-,54,18,35,107,10,25,16,51,6,15,76,97,28,3,42,73,40,11,57,39,1,68,108,2022-06-08_Japan_Netherlands,1,1.0285714285714285,-0.11842105263157894,0.5952380952380952,-0.9375,0.5087719298245614,-0.11842105263157894,0.5952380952380952
2022,2022-06-09,Germany,Argentina,1,3,25,22,17,20,0,18,25,25,25,0,63,48,6,9,-,48,20,35,103,6,13,22,41,9,18,58,85,13,6,61,80,25,14,52,16,2,83,101,2022-06-09_Argentina_Germany,0,0.8,-0.15517241379310345,0.11475409836065574,-0.3181818181818182,0.21153846153846154,-0.15517241379310345,0.11475409836065574
2022,2022-06-09,Argentina,Germany,3,1,18,25,25,25,0,25,22,17,20,0,63,47,10,6,-,47,14,40,101,10,29,20,59,6,12,74,92,17,9,41,67,30,12,58,26,0,68,94,2022-06-09_Argentina_Germany,1,0.825,-0.08108108108108109,0.1951219512195122,-0.95,0.3103448275862069,-0.08108108108108109,0.1951219512195122
2022,2022-06-09,Slovenia,Brazil,1,3,21,25,20,16,0,25,21,25,25,0,64,52,6,6,-,52,16,35,103,6,16,9,31,6,23,54,83,20,8,53,81,34,6,48,52,2,48,102,2022-06-09_Brazil_Slovenia,0,1.0285714285714285,-0.3148148148148148,0.22641509433962265,-1.1111111111111112,0.5833333333333334,-0.3148148148148148,0.22641509433962265
2022,2022-06-09,Brazil,Slovenia,3,1,25,21,25,25,0,21,25,20,16,0,66,47,11,8,-,47,8,29,84,11,20,15,46,8,14,73,95,15,6,39,60,33,6,48,47,0,36,83,2022-06-09_Brazil_Slovenia,1,1.3448275862068966,-0.0821917808219178,0.23076923076923078,-0.6,0.5625,-0.0821917808219178,0.23076923076923078
2022,2022-06-09,Japan,China,3,1,21,25,25,25,0,25,19,19,18,0,68,56,4,8,-,56,17,21,94,4,15,11,30,8,26,61,95,26,0,38,64,33,8,48,47,0,48,95,2022-06-09_China_Japan,1,1.8571428571428572,-0.29508196721311475,0.6842105263157895,-1.0,0.5208333333333334,-0.29508196721311475,0.6842105263157895
2022,2022-06-09,China,Japan,1,3,25,19,19,18,0,21,25,25,25,0,47,37,10,0,-,37,12,30,79,10,23,15,48,0,18,64,82,18,8,43,69,19,7,28,32,1,45,78,2022-06-09_China_Japan,0,0.8333333333333334,-0.28125,0.23255813953488372,-0.8666666666666667,0.42857142857142855,-0.28125,0.23255813953488372
2022,2022-06-09,Serbia,France,1,3,25,22,23,23,0,21,25,25,25,0,66,57,6,3,-,57,17,38,112,6,15,29,50,3,17,74,94,9,10,57,76,40,21,77,26,1,84,111,2022-06-09_France_Serbia,0,1.0526315789473684,-0.1891891891891892,-0.017543859649122806,-0.3103448275862069,0.24675324675324675,-0.1891891891891892,-0.017543859649122806
2022,2022-06-09,France,Serbia,3,1,21,25,25,25,0,25,22,23,23,0,71,51,10,10,-,51,12,47,110,10,30,28,68,10,19,66,95,23,3,51,77,36,17,64,57,1,50,108,2022-06-09_France_Serbia,1,0.8297872340425532,-0.13636363636363635,0.39215686274509803,-0.7142857142857143,0.296875,-0.13636363636363635,0.39215686274509803
2022,2022-06-09,Poland,Italy,1,3,25,23,20,20,0,21,25,25,25,0,57,47,6,4,-,47,19,29,95,6,25,25,56,4,23,62,89,18,5,50,73,24,11,51,45,1,49,95,2022-06-09_Italy_Poland,0,0.9655172413793104,-0.3064516129032258,0.26,-0.76,0.2549019607843137,-0.3064516129032258,0.26
2022,2022-06-09,Italy,Poland,3,1,21,25,25,25,0,25,23,20,20,0,58,48,5,5,-,48,14,37,99,5,27,15,47,5,22,68,95,15,4,47,66,25,11,58,34,1,59,94,2022-06-09_Italy_Poland,1,0.918918918918919,-0.25,0.23404255319148937,-1.4666666666666666,0.2413793103448276,-0.25,0.23404255319148937
2022,2022-06-09,United States,Netherlands,3,0,25,25,25,0,0,12,18,16,0,0,55,42,8,5,-,42,11,15,68,8,13,11,32,5,9,60,74,13,0,25,38,31,5,40,34,0,31,65,2022-06-09_Netherlands_United States,1,2.066666666666667,-0.06666666666666667,0.52,-0.45454545454545453,0.65,-0.06666666666666667,0.52
2022,2022-06-09,Netherlands,United States,0,3,12,18,16,0,0,25,25,25,0,0,31,26,5,0,-,26,13,32,71,5,11,9,25,0,9,38,47,18,5,42,65,17,10,29,24,5,46,75,2022-06-09_Netherlands_United States,0,0.40625,-0.23684210526315788,0.30952380952380953,-0.6666666666666666,0.2413793103448276,-0.23684210526315788,0.30952380952380953
2022,2022-06-10,Serbia,Argentina,3,2,25,25,17,12,6,16,18,25,25,15,64,47,11,6,-,47,16,33,96,11,20,34,65,6,8,79,93,10,8,54,72,24,19,54,41,2,51,94,2022-06-10_Argentina_Serbia,1,0.9393939393939394,-0.02531645569620253,0.037037037037037035,-0.2647058823529412,0.09259259259259259,-0.02531645569620253,0.037037037037037035
2022,2022-06-10,Argentina,Serbia,2,3,16,18,25,25,15,25,25,17,12,6,73,55,10,8,-,55,21,40,116,10,20,24,54,8,19,64,91,17,6,62,85,26,13,55,57,0,52,109,2022-06-10_Argentina_Serbia,0,0.85,-0.171875,0.1774193548387097,-0.4166666666666667,0.23636363636363636,-0.171875,0.1774193548387097
2022,2022-06-10,Slovenia,Australia,3,0,25,25,25,0,0,22,20,21,0,0,53,43,7,3,-,43,7,17,67,7,15,14,36,3,16,55,74,17,2,32,51,22,4,34,32,2,32,66,2022-06-10_Australia_Slovenia,1,2.1176470588235294,-0.23636363636363636,0.46875,-0.5714285714285714,0.5294117647058824,-0.23636363636363636,0.46875
2022,2022-06-10,Australia,Slovenia,0,3,22,20,21,0,0,25,25,25,0,0,41,36,3,2,-,36,13,28,77,3,8,6,17,2,13,49,64,21,3,34,58,26,10,41,31,2,45,78,2022-06-10_Australia_Slovenia,0,0.8214285714285714,-0.22448979591836735,0.5294117647058824,-0.8333333333333334,0.3902439024390244,-0.22448979591836735,0.5294117647058824
2022,2022-06-10,Germany,Bulgaria,3,2,25,22,25,20,15,20,25,16,25,10,79,61,13,5,-,61,18,32,111,13,20,14,47,5,16,86,107,22,2,54,78,30,14,63,33,2,76,111,2022-06-10_Bulgaria_Germany,1,1.34375,-0.12790697674418605,0.37037037037037035,-0.5,0.25396825396825395,-0.12790697674418605,0.37037037037037035
2022,2022-06-10,Bulgaria,Germany,2,3,20,25,16,25,10,25,22,25,20,15,70,58,10,2,-,58,20,34,112,10,28,23,61,2,18,76,96,20,5,66,91,28,13,47,37,2,68,107,2022-06-10_Bulgaria_Germany,0,1.1176470588235294,-0.21052631578947367,0.22727272727272727,-0.782608695652174,0.3191489361702128,-0.21052631578947367,0.22727272727272727
2022,2022-06-10,France,Canada,3,0,25,25,25,0,0,16,23,21,0,0,50,36,8,6,-,36,10,33,79,8,8,17,33,6,16,51,73,10,5,33,48,25,10,46,31,1,41,73,2022-06-10_Canada_France,1,0.7878787878787878,-0.19607843137254902,0.15151515151515152,0.0,0.32608695652173914,-0.19607843137254902,0.15151515151515152
2022,2022-06-10,Canada,France,0,3,16,23,21,0,0,25,25,25,0,0,40,28,7,5,-,28,15,27,70,7,16,19,42,5,14,43,62,6,6,45,57,22,8,41,28,3,38,69,2022-06-10_Canada_France,0,0.48148148148148145,-0.20930232558139536,0.0,-0.47368421052631576,0.34146341463414637,-0.20930232558139536,0.0
2022,2022-06-10,Netherlands,Iran,3,0,26,25,25,0,0,24,21,21,0,0,58,48,8,2,-,48,5,23,76,8,13,14,35,2,17,56,75,10,7,40,57,27,9,40,27,1,49,77,2022-06-10_Iran_Netherlands,1,1.8695652173913044,-0.26785714285714285,0.075,-0.35714285714285715,0.45,-0.26785714285714285,0.075
2022,2022-06-10,Iran,Netherlands,0,3,24,21,21,0,0,26,25,25,0,0,44,36,1,7,-,36,13,27,76,1,28,11,40,7,10,50,67,16,2,40,58,22,6,35,29,1,45,75,2022-06-10_Iran_Netherlands,0,0.8518518518518519,-0.06,0.35,-2.4545454545454546,0.45714285714285713,-0.06,0.35
2022,2022-06-10,United States,Japan,3,2,17,25,25,26,15,25,15,21,28,9,78,64,10,4,-,64,11,56,131,10,24,42,76,4,25,79,108,26,1,55,82,50,11,72,73,0,55,128,2022-06-10_Japan_United States,1,0.9464285714285714,-0.26582278481012656,0.45454545454545453,-0.3333333333333333,0.5416666666666666,-0.26582278481012656,0.45454545454545453
2022,2022-06-10,Japan,United States,2,3,25,15,21,28,9,17,25,25,26,15,64,60,3,1,-,60,17,63,140,3,27,26,56,1,16,81,98,34,4,45,83,66,10,85,56,4,80,140,2022-06-10_Japan_United States,0,0.6825396825396826,-0.18518518518518517,0.6666666666666666,-0.9230769230769231,0.6588235294117647,-0.18518518518518517,0.6666666666666666
2022,2022-06-11,Iran,Australia,3,1,25,25,18,25,0,14,22,25,15,0,65,48,12,5,-,48,12,28,88,12,16,21,49,5,16,71,92,24,2,36,62,34,10,51,48,2,42,92,2022-06-11_Australia_Iran,1,1.2857142857142858,-0.15492957746478872,0.6111111111111112,-0.19047619047619047,0.47058823529411764,-0.15492957746478872,0.6111111111111112
2022,2022-06-11,Australia,Iran,1,3,14,22,25,15,0,25,25,18,25,0,51,40,9,2,-,40,23,41,104,9,14,17,40,2,15,60,77,27,5,44,76,32,12,48,52,1,49,102,2022-06-11_Australia_Iran,0,0.4146341463414634,-0.21666666666666667,0.5,-0.29411764705882354,0.4166666666666667,-0.21666666666666667,0.5
2022,2022-06-11,United States,Brazil,3,1,21,27,25,25,0,25,25,20,20,0,68,55,8,5,-,55,15,37,107,8,26,16,50,5,16,76,97,31,3,35,69,43,10,58,55,0,52,107,2022-06-11_Brazil_United States,1,1.0810810810810811,-0.14473684210526316,0.8,-1.125,0.5689655172413793,-0.14473684210526316,0.8
2022,2022-06-11,Brazil,United States,1,3,25,25,20,20,0,21,27,25,25,0,67,56,8,3,-,56,14,33,103,8,18,23,49,3,22,66,91,29,5,47,81,30,11,50,48,1,55,104,2022-06-11_Brazil_United States,0,1.2727272727272727,-0.2878787878787879,0.5106382978723404,-0.43478260869565216,0.38,-0.2878787878787879,0.5106382978723404
2022,2022-06-11,Poland,Bulgaria,3,0,25,25,25,0,0,19,19,23,0,0,54,44,4,6,-,44,11,28,83,4,18,19,41,6,10,58,74,12,2,35,49,26,10,53,39,1,42,82,2022-06-11_Bulgaria_Poland,1,1.1785714285714286,-0.06896551724137931,0.2857142857142857,-0.7368421052631579,0.3018867924528302,-0.06896551724137931,0.2857142857142857
2022,2022-06-11,Bulgaria,Poland,0,3,19,19,23,0,0,25,25,25,0,0,46,36,8,2,-,36,12,36,84,8,14,24,46,2,13,47,62,19,6,39,64,23,12,43,39,0,45,84,2022-06-11_Bulgaria_Poland,0,0.6666666666666666,-0.23404255319148937,0.3333333333333333,-0.25,0.2558139534883721,-0.23404255319148937,0.3333333333333333
2022,2022-06-11,Italy,Canada,3,0,25,25,25,0,0,21,18,19,0,0,57,47,7,3,-,47,17,21,85,7,10,11,28,3,12,58,73,14,0,38,52,30,2,34,0,0,77,77,2022-06-11_Canada_Italy,1,1.4285714285714286,-0.15517241379310345,0.3684210526315789,-0.2727272727272727,0.8235294117647058,-0.15517241379310345,0.3684210526315789
2022,2022-06-11,Canada,Italy,0,3,21,18,19,0,0,25,25,25,0,0,36,27,9,0,-,27,14,40,81,9,15,2,26,0,8,52,60,11,3,47,61,23,6,30,0,0,82,82,2022-06-11_Canada_Italy,0,0.325,-0.15384615384615385,0.1702127659574468,-3.0,0.5666666666666667,-0.15384615384615385,0.1702127659574468
2022,2022-06-11,Slovenia,China,3,1,25,25,18,27,0,15,20,25,25,0,67,56,9,2,-,56,16,31,103,9,14,15,38,2,15,77,94,30,3,42,75,38,8,51,49,2,56,107,2022-06-11_China_Slovenia,1,1.2903225806451613,-0.16883116883116883,0.6428571428571429,-0.3333333333333333,0.5882352941176471,-0.16883116883116883,0.6428571428571429
2022,2022-06-11,China,Slovenia,1,3,15,20,25,25,0,25,25,18,27,0,59,47,9,3,-,47,16,32,95,9,27,12,48,3,11,72,86,19,2,58,79,24,7,36,40,4,53,97,2022-06-11_China_Slovenia,0,0.96875,-0.1111111111111111,0.29310344827586204,-1.5,0.4722222222222222,-0.1111111111111111,0.29310344827586204
2022,2022-06-11,Serbia,Germany,2,3,25,27,25,26,16,27,25,18,28,18,90,71,9,10,-,71,25,45,141,9,28,34,71,10,18,92,120,15,9,72,96,52,13,80,13,2,123,138,2022-06-11_Germany_Serbia,0,1.0222222222222221,-0.08695652173913043,0.08333333333333333,-0.5588235294117647,0.4875,-0.08695652173913043,0.08333333333333333
2022,2022-06-11,Germany,Serbia,3,2,27,25,18,28,18,25,27,25,26,16,85,60,16,9,-,60,17,64,141,16,26,20,62,9,19,87,115,27,10,65,102,37,22,81,33,2,106,141,2022-06-11_Germany_Serbia,1,0.671875,-0.11494252873563218,0.26153846153846155,-0.5,0.18518518518518517,-0.11494252873563218,0.26153846153846155
2022,2022-06-12,Italy,Argentina,3,1,25,25,16,30,0,20,21,25,28,0,68,48,13,7,-,48,18,47,113,13,20,26,59,7,22,66,95,19,2,53,74,37,19,73,58,1,53,112,2022-06-12_Argentina_Italy,1,0.6382978723404256,-0.22727272727272727,0.32075471698113206,-0.2692307692307692,0.2465753424657534,-0.22727272727272727,0.32075471698113206
2022,2022-06-12,Argentina,Italy,1,3,20,21,25,28,0,25,25,16,30,0,62,51,9,2,-,51,20,47,118,9,29,24,62,2,21,72,95,12,7,54,73,37,13,81,59,0,54,113,2022-06-12_Argentina_Italy,0,0.6595744680851063,-0.2638888888888889,0.09259259259259259,-0.8333333333333334,0.2962962962962963,-0.2638888888888889,0.09259259259259259
2022,2022-06-12,Netherlands,Australia,3,0,25,25,25,0,0,20,15,23,0,0,52,37,6,9,-,37,7,23,67,6,17,11,34,9,16,48,73,20,1,24,45,22,5,30,27,0,39,66,2022-06-12_Australia_Netherlands,1,1.3043478260869565,-0.14583333333333334,0.7916666666666666,-1.0,0.5666666666666667,-0.14583333333333334,0.7916666666666666
2022,2022-06-12,Australia,Netherlands,0,3,20,15,23,0,0,25,25,25,0,0,39,34,4,1,-,34,8,18,60,4,19,12,35,1,15,44,60,10,9,38,57,21,6,30,29,2,31,62,2022-06-12_Australia_Netherlands,0,1.4444444444444444,-0.3181818181818182,0.02631578947368421,-1.25,0.5,-0.3181818181818182,0.02631578947368421
2022,2022-06-12,China,Brazil,3,0,25,31,25,0,0,23,29,23,0,0,56,43,9,4,-,43,13,23,79,9,18,10,37,4,11,64,79,15,4,45,64,22,3,28,30,0,47,77,2022-06-12_Brazil_China,1,1.3043478260869565,-0.109375,0.24444444444444444,-0.9,0.6785714285714286,-0.109375,0.24444444444444444
2022,2022-06-12,Brazil,China,0,3,23,29,23,0,0,25,31,25,0,0,57,47,6,4,-,47,17,19,83,6,12,13,31,4,13,60,77,27,4,37,68,20,13,38,41,3,43,87,2022-06-12_Brazil_China,0,1.5789473684210527,-0.15,0.6216216216216216,-0.46153846153846156,0.18421052631578946,-0.15,0.6216216216216216
2022,2022-06-12,Canada,Bulgaria,3,2,25,25,24,21,15,18,18,26,25,11,87,66,14,7,-,66,16,34,116,14,28,24,66,7,20,82,109,6,7,72,85,36,6,60,55,3,58,116,2022-06-12_Bulgaria_Canada,1,1.4705882352941178,-0.15853658536585366,-0.013888888888888888,-0.5833333333333334,0.5,-0.15853658536585366,-0.013888888888888888
2022,2022-06-12,Bulgaria,Canada,2,3,18,18,26,25,11,25,25,24,21,15,68,52,9,7,-,52,20,41,113,9,30,24,63,7,13,78,98,21,7,61,89,28,14,53,57,1,54,112,2022-06-12_Bulgaria_Canada,0,0.7804878048780488,-0.07692307692307693,0.22950819672131148,-0.875,0.2641509433962264,-0.07692307692307693,0.22950819672131148
2022,2022-06-12,Poland,France,3,1,21,25,25,25,0,25,22,21,22,0,64,47,10,7,-,47,17,33,97,10,20,21,51,7,14,74,95,11,9,50,70,35,18,63,26,0,70,96,2022-06-12_France_Poland,1,0.9090909090909091,-0.0945945945945946,0.04,-0.47619047619047616,0.2698412698412698,-0.0945945945945946,0.04
2022,2022-06-12,France,Poland,1,3,25,22,21,22,0,21,25,25,25,0,65,50,6,9,-,50,16,37,103,6,19,21,46,9,21,61,91,18,7,56,81,31,18,61,42,3,58,103,2022-06-12_France_Poland,0,0.918918918918919,-0.19672131147540983,0.19642857142857142,-0.6190476190476191,0.21311475409836064,-0.19672131147540983,0.19642857142857142
2022,2022-06-12,Japan,Iran,3,0,25,25,25,0,0,20,14,19,0,0,55,39,6,10,-,39,7,24,70,6,14,18,38,10,12,52,74,13,4,24,41,34,5,41,29,1,39,69,2022-06-12_Iran_Japan,1,1.3333333333333333,-0.038461538461538464,0.375,-0.4444444444444444,0.7073170731707317,-0.038461538461538464,0.375
2022,2022-06-12,Iran,Japan,0,3,20,14,19,0,0,25,25,25,0,0,34,27,3,4,-,27,10,33,70,3,15,14,32,4,13,37,54,14,10,38,62,23,6,32,28,3,41,72,2022-06-12_Iran_Japan,0,0.5151515151515151,-0.24324324324324326,0.10526315789473684,-0.8571428571428571,0.53125,-0.24324324324324326,0.10526315789473684
2022,2022-06-21,Japan,Argentina,3,1,27,25,17,25,0,25,18,25,16,0,71,56,6,9,-,56,14,37,107,6,12,13,31,9,20,64,93,16,1,50,67,40,16,61,15,0,91,106,2022-06-21_Argentina_Japan,1,1.135135135135135,-0.171875,0.3,-0.46153846153846156,0.39344262295081966,-0.171875,0.3
2022,2022-06-21,Argentina,Japan,1,3,25,18,25,16,0,27,25,17,25,0,55,49,5,1,-,49,11,32,92,5,21,27,53,1,18,66,85,21,9,43,73,30,11,46,28,0,61,89,2022-06-21_Argentina_Japan,0,1.1875,-0.25757575757575757,0.27906976744186046,-0.5925925925925926,0.41304347826086957,-0.25757575757575757,0.27906976744186046
2022,2022-06-21,Canada,Australia,3,1,18,28,25,25,0,25,26,19,22,0,67,53,7,7,-,53,13,46,112,7,16,10,33,7,17,71,95,22,8,47,77,11,5,22,38,0,66,104,2022-06-21_Australia_Canada,1,0.8695652173913043,-0.14084507042253522,0.2978723404255319,-0.9,0.2727272727272727,-0.14084507042253522,0.2978723404255319
2022,2022-06-21,Australia,Canada,1,3,25,26,19,22,0,18,28,25,25,0,69,54,7,8,-,54,17,38,109,7,12,12,31,8,16,69,93,31,7,40,78,23,14,44,18,2,88,108,2022-06-21_Australia_Canada,0,0.9736842105263158,-0.11594202898550725,0.6,-0.4166666666666667,0.20454545454545456,-0.11594202898550725,0.6
2022,2022-06-21,Iran,Bulgaria,0,3,19,23,24,0,0,25,25,26,0,0,45,39,5,1,-,39,15,22,76,5,14,6,25,1,10,56,67,11,6,47,64,8,5,17,16,0,60,76,2022-06-21_Bulgaria_Iran,0,1.0909090909090908,-0.16071428571428573,0.10638297872340426,-1.5,0.17647058823529413,-0.16071428571428573,0.10638297872340426
2022,2022-06-21,Bulgaria,Iran,3,0,25,25,26,0,0,19,23,24,0,0,58,44,8,6,-,44,13,20,77,8,20,13,41,6,11,58,75,24,1,32,57,13,4,19,21,0,56,77,2022-06-21_Bulgaria_Iran,1,1.55,-0.08620689655172414,0.71875,-0.9230769230769231,0.47368421052631576,-0.08620689655172414,0.71875
2022,2022-06-21,Slovenia,Netherlands,0,3,17,21,24,0,0,25,25,26,0,0,45,35,8,2,-,35,11,35,81,8,14,16,38,2,17,45,64,10,9,45,64,31,7,44,17,1,63,81,2022-06-21_Netherlands_Slovenia,0,0.6857142857142857,-0.3333333333333333,0.022222222222222223,-0.375,0.5454545454545454,-0.3333333333333333,0.022222222222222223
2022,2022-06-21,Netherlands,Slovenia,3,0,25,25,26,0,0,17,21,24,0,0,52,38,5,9,-,38,15,24,77,5,17,24,46,9,10,55,74,12,2,33,47,30,10,44,13,0,61,74,2022-06-21_Netherlands_Slovenia,1,0.9583333333333334,-0.01818181818181818,0.30303030303030304,-0.5,0.45454545454545453,-0.01818181818181818,0.30303030303030304
2022,2022-06-22,Poland,Brazil,3,1,25,22,25,25,0,16,25,16,22,0,68,48,7,13,-,48,13,45,106,7,13,18,38,13,16,67,96,17,1,45,63,17,8,34,16,0,83,99,2022-06-22_Brazil_Poland,1,0.7777777777777778,-0.04477611940298507,0.35555555555555557,-0.3333333333333333,0.2647058823529412,-0.04477611940298507,0.35555555555555557
2022,2022-06-22,Brazil,Poland,1,3,16,25,16,22,0,25,22,25,25,0,54,48,5,1,-,48,16,46,110,5,19,15,39,1,17,62,80,11,13,56,80,19,13,42,30,1,80,111,2022-06-22_Brazil_Poland,0,0.6956521739130435,-0.25806451612903225,-0.03571428571428571,-0.9333333333333333,0.14285714285714285,-0.25806451612903225,-0.03571428571428571
2022,2022-06-22,Italy,Germany,3,0,25,25,25,0,0,16,21,22,0,0,51,35,12,4,-,35,10,17,62,12,15,11,38,4,13,57,74,7,3,33,43,22,12,38,16,0,43,59,2022-06-22_Germany_Italy,1,1.4705882352941178,-0.15789473684210525,0.12121212121212122,-0.2727272727272727,0.2631578947368421,-0.15789473684210525,0.12121212121212122
2022,2022-06-22,Germany,Italy,0,3,16,21,22,0,0,25,25,25,0,0,40,33,4,3,-,33,19,24,76,4,13,8,25,3,17,40,60,13,4,44,61,23,7,33,15,0,60,75,2022-06-22_Germany_Italy,0,0.5833333333333334,-0.35,0.20454545454545456,-1.125,0.48484848484848486,-0.35,0.20454545454545456
2022,2022-06-22,United States,Serbia,3,1,26,23,25,25,0,24,25,23,20,0,68,56,7,5,-,56,12,25,93,7,23,10,40,5,17,76,98,17,6,48,71,12,14,30,38,0,54,92,2022-06-22_Serbia_United States,1,1.76,-0.15789473684210525,0.22916666666666666,-1.6,-0.06666666666666667,-0.15789473684210525,0.22916666666666666
2022,2022-06-22,Serbia,United States,1,3,24,25,23,20,0,26,23,25,25,0,66,57,3,6,-,57,13,27,97,3,20,7,30,6,22,65,93,12,5,64,81,11,11,29,25,0,72,97,2022-06-22_Serbia_United States,0,1.6296296296296295,-0.24615384615384617,0.109375,-2.4285714285714284,0.0,-0.24615384615384617,0.109375
2022,2022-06-23,Slovenia,Argentina,3,1,25,27,25,25,0,20,29,18,17,0,64,50,8,6,-,50,16,46,112,8,18,29,55,6,14,80,100,21,4,40,65,48,14,68,17,0,94,111,2022-06-23_Argentina_Slovenia,1,0.7391304347826086,-0.1,0.425,-0.3448275862068966,0.5,-0.1,0.425
2022,2022-06-23,Argentina,Slovenia,1,3,20,29,18,17,0,25,27,25,25,0,61,47,10,4,-,47,24,52,123,10,19,22,51,4,19,61,84,28,6,52,86,44,18,66,32,1,86,119,2022-06-23_Argentina_Slovenia,0,0.4423076923076923,-0.2459016393442623,0.4230769230769231,-0.4090909090909091,0.3939393939393939,-0.2459016393442623,0.4230769230769231
2022,2022-06-23,Serbia,Brazil,0,3,18,24,17,0,0,25,26,25,0,0,39,33,3,3,-,33,14,31,78,3,12,12,27,3,14,43,60,17,8,37,62,12,8,23,13,3,64,80,2022-06-23_Brazil_Serbia,0,0.6129032258064516,-0.2558139534883721,0.24324324324324326,-0.75,0.17391304347826086,-0.2558139534883721,0.24324324324324326
2022,2022-06-23,Brazil,Serbia,3,0,25,26,25,0,0,18,24,17,0,0,51,36,7,8,-,36,6,29,71,7,15,9,31,8,13,54,75,12,3,31,46,11,11,25,23,1,51,75,2022-06-23_Brazil_Serbia,1,1.0344827586206897,-0.09259259259259259,0.2903225806451613,-0.8888888888888888,0.0,-0.09259259259259259,0.2903225806451613
2022,2022-06-23,Poland,Canada,3,0,25,25,25,0,0,16,18,16,0,0,52,43,5,4,-,43,5,17,65,5,9,10,24,4,13,56,73,9,3,25,37,16,4,21,17,0,46,63,2022-06-23_Canada_Poland,1,2.235294117647059,-0.16071428571428573,0.24,-0.4,0.5714285714285714,-0.16071428571428573,0.24
2022,2022-06-23,Canada,Poland,0,3,16,18,16,0,0,25,25,25,0,0,33,28,2,3,-,28,12,29,69,2,15,4,21,3,15,34,52,8,4,48,60,7,7,14,9,1,60,70,2022-06-23_Canada_Poland,0,0.5517241379310345,-0.35294117647058826,0.08333333333333333,-3.25,0.0,-0.35294117647058826,0.08333333333333333
2022,2022-06-23,Netherlands,France,0,3,14,23,13,0,0,25,25,25,0,0,36,30,1,5,-,30,19,25,74,1,16,12,29,5,11,35,51,20,4,37,61,20,14,34,19,0,57,76,2022-06-23_France_Netherlands,0,0.44,-0.17142857142857143,0.43243243243243246,-1.25,0.17647058823529413,-0.17142857142857143,0.43243243243243246
2022,2022-06-23,France,Netherlands,3,0,25,25,25,0,0,14,23,13,0,0,57,41,12,4,-,41,2,18,61,12,13,15,40,4,13,57,74,13,5,22,40,23,5,29,15,0,44,59,2022-06-23_France_Netherlands,1,2.1666666666666665,-0.15789473684210525,0.36363636363636365,-0.06666666666666667,0.6206896551724138,-0.15789473684210525,0.36363636363636365
2022,2022-06-23,United States,Iran,0,3,18,27,25,0,0,25,29,27,0,0,49,42,4,3,-,42,17,34,93,4,16,6,26,3,12,57,72,12,5,49,66,8,8,20,28,1,60,89,2022-06-23_Iran_United States,0,0.7352941176470589,-0.15789473684210525,0.14285714285714285,-2.0,0.0,-0.15789473684210525,0.14285714285714285
2022,2022-06-23,Iran,United States,3,0,25,29,27,0,0,18,27,25,0,0,57,46,6,5,-,46,9,21,76,6,12,8,26,5,13,61,79,10,3,47,60,6,6,16,12,2,60,74,2022-06-23_Iran_United States,1,1.7619047619047619,-0.13114754098360656,0.14893617021276595,-0.75,0.0,-0.13114754098360656,0.14893617021276595
2022,2022-06-24,China,Argentina,1,3,22,25,22,22,0,25,22,25,25,0,62,54,6,2,-,54,15,38,107,6,21,13,40,2,18,72,92,21,3,51,75,34,11,52,14,0,88,102,2022-06-24_Argentina_China,0,1.0263157894736843,-0.2222222222222222,0.35294117647058826,-1.1538461538461537,0.4423076923076923,-0.2222222222222222,0.35294117647058826
2022,2022-06-24,Argentina,China,3,1,25,22,25,25,0,22,25,22,22,0,70,61,6,3,-,61,13,29,103,6,25,18,49,3,21,72,96,24,2,48,74,35,15,58,37,1,63,101,2022-06-24_Argentina_China,1,1.6551724137931034,-0.25,0.4583333333333333,-1.0555555555555556,0.3448275862068966,-0.25,0.4583333333333333
2022,2022-06-24,Bulgaria,Australia,2,3,25,13,22,25,15,21,25,25,20,17,77,53,17,7,-,53,24,41,118,17,19,23,59,7,14,79,100,30,7,57,94,17,8,32,45,1,72,118,2022-06-24_Australia_Bulgaria,0,0.7073170731707317,-0.08860759493670886,0.40350877192982454,-0.08695652173913043,0.28125,-0.08860759493670886,0.40350877192982454
2022,2022-06-24,Australia,Bulgaria,3,2,21,25,25,20,17,25,13,22,25,15,76,61,8,7,-,61,22,43,126,8,14,11,33,7,14,87,108,19,7,60,86,20,16,42,21,3,98,122,2022-06-24_Australia_Bulgaria,1,0.9069767441860465,-0.08045977011494253,0.2,-0.5454545454545454,0.09523809523809523,-0.08045977011494253,0.2
2022,2022-06-24,Iran,Brazil,0,3,28,23,19,0,0,30,25,25,0,0,44,35,5,4,-,35,13,26,74,5,16,4,25,4,12,55,71,22,5,33,60,3,8,13,10,0,56,66,2022-06-24_Brazil_Iran,0,0.8461538461538461,-0.14545454545454545,0.5151515151515151,-2.75,-0.38461538461538464,-0.14545454545454545,0.5151515151515151
2022,2022-06-24,Brazil,Iran,3,0,30,25,25,0,0,28,23,19,0,0,62,50,7,5,-,50,10,19,79,7,16,10,33,5,19,55,79,18,4,37,59,12,8,22,29,0,54,83,2022-06-24_Brazil_Iran,1,2.1052631578947367,-0.2545454545454545,0.3783783783783784,-0.9,0.18181818181818182,-0.2545454545454545,0.3783783783783784
2022,2022-06-24,Serbia,Canada,3,2,20,19,25,26,11,25,25,20,24,15,67,58,6,3,-,58,18,25,101,6,20,9,35,3,21,80,104,14,8,58,80,19,16,38,31,1,68,100,2022-06-24_Canada_Serbia,1,1.6,-0.225,0.10344827586206896,-1.5555555555555556,0.07894736842105263,-0.225,0.10344827586206896
2022,2022-06-24,Canada,Serbia,2,3,25,25,20,24,15,20,19,25,26,11,71,54,9,8,-,54,15,31,100,9,22,10,41,8,26,72,106,14,3,66,83,10,7,19,26,2,72,100,2022-06-24_Canada_Serbia,0,1.2580645161290323,-0.25,0.16666666666666666,-1.3,0.15789473684210525,-0.25,0.16666666666666666
2022,2022-06-24,Netherlands,Germany,3,1,22,31,25,25,0,25,29,23,16,0,78,57,15,6,-,57,13,57,127,15,23,39,77,6,21,75,102,17,1,56,74,54,16,78,13,2,110,125,2022-06-24_Germany_Netherlands,1,0.7719298245614035,-0.2,0.2857142857142857,-0.20512820512820512,0.48717948717948717,-0.2,0.2857142857142857
2022,2022-06-24,Germany,Netherlands,1,3,25,29,23,16,0,22,31,25,25,0,65,55,9,1,-,55,18,61,134,9,24,34,67,1,20,73,94,18,6,57,81,64,15,86,15,1,117,133,2022-06-24_Germany_Netherlands,0,0.6065573770491803,-0.2602739726027397,0.21052631578947367,-0.4411764705882353,0.5697674418604651,-0.2602739726027397,0.21052631578947367
2022,2022-06-24,Japan,Italy,3,2,25,21,24,25,15,20,25,26,19,13,80,64,2,14,-,64,24,41,129,2,23,16,41,14,13,82,109,21,3,57,81,47,15,71,28,0,99,127,2022-06-24_Italy_Japan,1,0.975609756097561,0.012195121951219513,0.3157894736842105,-1.3125,0.4507042253521127,0.012195121951219513,0.3157894736842105
2022,2022-06-24,Italy,Japan,2,3,20,25,26,19,13,25,21,24,25,15,80,63,14,3,-,63,7,36,106,14,26,27,67,3,23,78,104,26,14,56,96,29,11,47,32,0,72,104,2022-06-24_Italy_Japan,0,1.5555555555555556,-0.2564102564102564,0.21428571428571427,-0.4444444444444444,0.3829787234042553,-0.2564102564102564,0.21428571428571427
2022,2022-06-25,Netherlands,Argentina,3,2,22,25,20,25,15,25,23,25,19,13,77,62,11,4,-,62,15,34,111,11,29,29,69,4,18,84,106,28,8,49,85,33,24,65,36,0,71,107,2022-06-25_Argentina_Netherlands,1,1.3823529411764706,-0.16666666666666666,0.40816326530612246,-0.6206896551724138,0.13846153846153847,-0.16666666666666666,0.40816326530612246
2022,2022-06-25,Argentina,Netherlands,2,3,25,23,25,19,13,22,25,20,25,15,77,62,11,4,-,62,15,34,111,11,29,29,69,4,18,84,106,28,8,49,85,33,24,65,36,0,71,107,2022-06-25_Argentina_Netherlands,0,1.3823529411764706,-0.16666666666666666,0.40816326530612246,-0.6206896551724138,0.13846153846153847,-0.16666666666666666,0.40816326530612246
2022,2022-06-25,Poland,Australia,3,0,25,25,25,0,0,17,19,14,0,0,54,45,5,4,-,45,10,21,76,5,14,18,37,4,9,61,74,16,1,27,44,15,7,26,32,0,44,76,2022-06-25_Australia_Poland,1,1.6666666666666667,-0.08196721311475409,0.5555555555555556,-0.5,0.3076923076923077,-0.08196721311475409,0.5555555555555556
2022,2022-06-25,Australia,Poland,0,3,17,19,14,0,0,25,25,25,0,0,32,27,4,1,-,27,18,38,83,4,6,4,14,1,7,43,51,17,4,44,65,9,8,21,20,1,60,81,2022-06-25_Australia_Poland,0,0.23684210526315788,-0.13953488372093023,0.29545454545454547,-0.5,0.047619047619047616,-0.13953488372093023,0.29545454545454547
2022,2022-06-25,United States,Bulgaria,3,1,12,20,26,25,0,25,25,24,23,0,70,55,7,8,-,55,11,28,94,7,15,13,35,8,18,69,95,18,6,45,69,20,17,44,28,1,61,90,2022-06-25_Bulgaria_United States,1,1.5714285714285714,-0.14492753623188406,0.26666666666666666,-0.6153846153846154,0.06818181818181818,-0.14492753623188406,0.26666666666666666
2022,2022-06-25,Bulgaria,United States,1,3,25,25,24,23,0,12,20,26,25,0,58,47,5,6,-,47,15,42,104,5,17,12,34,6,16,63,85,22,8,47,77,12,9,22,25,1,75,101,2022-06-25_Bulgaria_United States,0,0.7619047619047619,-0.15873015873015872,0.2978723404255319,-1.0,0.13636363636363635,-0.15873015873015872,0.2978723404255319
2022,2022-06-25,Iran,Canada,3,0,25,27,25,0,0,21,25,18,0,0,48,40,4,4,-,40,6,20,66,4,10,11,25,4,13,58,75,15,4,25,44,15,5,23,10,1,52,63,2022-06-25_Canada_Iran,1,1.7,-0.15517241379310345,0.44,-0.5454545454545454,0.43478260869565216,-0.15517241379310345,0.44
2022,2022-06-25,Canada,Iran,0,3,21,25,18,0,0,25,27,25,0,0,47,40,3,4,-,40,10,33,83,3,15,2,20,4,22,40,66,10,4,48,62,14,10,28,22,0,58,80,2022-06-25_Canada_Iran,0,0.9090909090909091,-0.45,0.125,-6.0,0.14285714285714285,-0.45,0.125
2022,2022-06-25,Japan,France,0,3,22,25,16,0,0,25,27,25,0,0,43,40,2,1,-,40,14,38,92,2,11,22,35,1,16,47,64,11,5,46,62,43,7,60,16,3,76,95,2022-06-25_France_Japan,0,0.6842105263157895,-0.3191489361702128,0.13043478260869565,-0.4090909090909091,0.6,-0.3191489361702128,0.13043478260869565
2022,2022-06-25,France,Japan,3,0,25,27,25,0,0,22,25,16,0,0,52,39,8,5,-,39,6,43,88,8,16,17,41,5,14,57,76,20,1,27,48,39,8,54,19,2,65,86,2022-06-25_France_Japan,1,0.7674418604651163,-0.15789473684210525,0.7037037037037037,-0.47058823529411764,0.5740740740740741,-0.15789473684210525,0.7037037037037037
2022,2022-06-25,Slovenia,Italy,0,3,19,16,21,0,0,25,25,25,0,0,37,33,4,0,-,33,10,29,72,4,10,15,29,0,10,48,58,12,6,42,60,24,19,46,12,0,61,73,2022-06-25_Italy_Slovenia,0,0.7931034482758621,-0.20833333333333334,0.14285714285714285,-0.4,0.10869565217391304,-0.20833333333333334,0.14285714285714285
2022,2022-06-25,Italy,Slovenia,3,0,25,25,25,0,0,19,16,21,0,0,60,49,5,6,-,49,9,30,88,5,16,12,33,6,13,54,73,16,0,32,48,35,6,46,23,1,64,88,2022-06-25_Italy_Slovenia,1,1.3333333333333333,-0.12962962962962962,0.5,-0.9166666666666666,0.6304347826086957,-0.12962962962962962,0.5
2022,2022-06-26,Serbia,Australia,3,0,25,25,25,0,0,17,20,22,0,0,58,51,5,2,-,51,10,18,79,5,16,9,30,2,10,61,73,11,1,36,48,18,8,28,26,0,49,75,2022-06-26_Australia_Serbia,1,2.2777777777777777,-0.13114754098360656,0.2777777777777778,-1.2222222222222223,0.35714285714285715,-0.13114754098360656,0.2777777777777778
2022,2022-06-26,Australia,Serbia,0,3,17,20,22,0,0,25,25,25,0,0,44,37,6,1,-,37,9,20,66,6,20,11,37,1,13,47,61,20,2,41,63,2,10,12,14,0,48,62,2022-06-26_Australia_Serbia,0,1.4,-0.2553191489361702,0.43902439024390244,-1.2727272727272727,-0.6666666666666666,-0.2553191489361702,0.43902439024390244
2022,2022-06-26,Bulgaria,Brazil,0,3,21,19,22,0,0,25,25,25,0,0,49,38,8,3,-,38,13,26,77,8,12,7,27,3,12,49,64,21,4,37,62,10,6,17,19,2,54,75,2022-06-26_Brazil_Bulgaria,0,0.9615384615384616,-0.1836734693877551,0.4594594594594595,-0.5714285714285714,0.23529411764705882,-0.1836734693877551,0.4594594594594595
2022,2022-06-26,Brazil,Bulgaria,3,0,25,25,25,0,0,21,19,22,0,0,57,44,9,4,-,44,10,14,68,9,9,10,28,4,11,58,73,9,3,40,52,9,13,26,22,0,44,66,2022-06-26_Brazil_Bulgaria,1,2.4285714285714284,-0.1206896551724138,0.15,0.0,-0.15384615384615385,-0.1206896551724138,0.15
2022,2022-06-26,Italy,China,3,0,25,25,25,0,0,21,18,19,0,0,63,45,11,7,-,45,8,22,75,11,18,14,43,7,15,52,74,18,3,31,52,30,4,38,19,1,54,74,2022-06-26_China_Italy,1,1.6818181818181819,-0.15384615384615385,0.4838709677419355,-0.5,0.6842105263157895,-0.15384615384615385,0.4838709677419355
2022,2022-06-26,China,Italy,0,3,21,18,19,0,0,25,25,25,0,0,38,31,4,3,-,31,16,31,78,4,15,14,33,3,7,49,59,10,7,42,59,26,9,39,10,0,70,80,2022-06-26_China_Italy,0,0.4838709677419355,-0.08163265306122448,0.07142857142857142,-0.7857142857142857,0.4358974358974359,-0.08163265306122448,0.07142857142857142
2022,2022-06-26,Germany,France,1,3,16,19,25,21,0,25,25,19,25,0,43,32,7,4,-,32,12,33,77,7,23,13,43,4,25,53,82,16,8,40,64,22,7,32,15,1,63,79,2022-06-26_France_Germany,0,0.6060606060606061,-0.39622641509433965,0.2,-1.2307692307692308,0.46875,-0.39622641509433965,0.2
2022,2022-06-26,France,Germany,3,1,25,25,19,25,0,16,19,25,21,0,66,48,10,8,-,48,15,24,87,10,15,13,38,8,29,56,93,13,4,40,57,35,7,45,19,1,66,86,2022-06-26_France_Germany,1,1.375,-0.375,0.225,-0.38461538461538464,0.6222222222222222,-0.375,0.225
2022,2022-06-26,Slovenia,Japan,1,3,21,25,18,19,0,25,22,25,25,0,63,52,9,2,-,52,17,36,105,9,25,18,52,2,19,63,84,24,5,50,79,31,16,54,25,0,78,103,2022-06-26_Japan_Slovenia,0,0.9722222222222222,-0.2698412698412698,0.38,-0.8888888888888888,0.2777777777777778,-0.2698412698412698,0.38
2022,2022-06-26,Japan,Slovenia,3,1,25,22,25,25,0,21,25,18,19,0,66,55,6,5,-,55,12,40,107,6,17,19,42,5,17,74,96,19,2,44,65,43,10,56,20,0,82,102,2022-06-26_Japan_Slovenia,1,1.075,-0.16216216216216217,0.38636363636363635,-0.5789473684210527,0.5892857142857143,-0.16216216216216217,0.38636363636363635
2022,2022-06-26,United States,Poland,1,3,25,23,24,22,0,21,25,26,25,0,62,49,5,8,-,49,16,36,101,5,26,8,39,8,17,70,95,20,4,55,79,11,13,27,23,1,72,96,2022-06-26_Poland_United States,0,0.9166666666666666,-0.12857142857142856,0.2909090909090909,-2.625,-0.07407407407407407,-0.12857142857142856,0.2909090909090909
2022,2022-06-26,Poland,United States,3,1,21,25,26,25,0,25,23,24,22,0,68,57,7,4,-,57,15,27,99,7,9,12,28,4,17,75,96,19,8,51,78,21,13,38,20,2,81,103,2022-06-26_Poland_United States,1,1.5555555555555556,-0.17333333333333334,0.21568627450980393,-0.16666666666666666,0.21052631578947367,-0.17333333333333334,0.21568627450980393
2022,2022-07-05,Canada,Argentina,1,3,21,25,21,23,0,25,23,25,25,0,60,53,4,3,-,53,20,35,108,4,24,29,57,3,21,68,92,12,4,61,77,35,17,60,34,2,71,107,2022-07-05_Argentina_Canada,0,0.9428571428571428,-0.2647058823529412,0.13114754098360656,-0.6896551724137931,0.3,-0.2647058823529412,0.13114754098360656
2022,2022-07-05,Argentina,Canada,3,1,25,23,25,25,0,21,25,21,23,0,61,50,7,4,-,50,13,44,107,7,21,23,51,4,20,73,97,20,3,47,70,31,11,49,28,1,80,109,2022-07-05_Argentina_Canada,1,0.8409090909090909,-0.2191780821917808,0.3617021276595745,-0.6086956521739131,0.40816326530612246,-0.2191780821917808,0.3617021276595745
2022,2022-07-05,Italy,Bulgaria,3,0,25,25,25,0,0,15,20,23,0,0,54,37,11,6,-,37,5,28,70,11,13,1,25,6,9,59,74,7,2,39,48,11,4,20,7,1,60,68,2022-07-05_Bulgaria_Italy,1,1.1428571428571428,-0.05084745762711865,0.1282051282051282,-2.0,0.35,-0.05084745762711865,0.1282051282051282
2022,2022-07-05,Bulgaria,Italy,0,3,15,20,23,0,0,25,25,25,0,0,41,37,2,2,-,37,19,28,84,2,3,2,7,2,11,46,59,10,6,49,65,6,4,12,11,1,72,84,2022-07-05_Bulgaria_Italy,0,0.6428571428571429,-0.1956521739130435,0.08163265306122448,-0.5,0.16666666666666666,-0.1956521739130435,0.08163265306122448
2022,2022-07-05,United States,Germany,3,1,25,25,22,25,0,21,19,25,18,0,70,59,4,7,-,59,13,36,108,4,23,36,63,7,18,71,96,33,2,32,67,39,8,55,34,1,71,106,2022-07-05_Germany_United States,1,1.2777777777777777,-0.15492957746478872,0.96875,-0.5277777777777778,0.5636363636363636,-0.15492957746478872,0.96875
2022,2022-07-05,Germany,United States,1,3,21,19,25,18,0,25,25,22,25,0,52,47,3,2,-,47,11,64,122,3,17,15,35,2,17,65,84,33,7,38,78,26,15,68,35,1,89,125,2022-07-05_Germany_United States,0,0.5625,-0.23076923076923078,0.6842105263157895,-0.9333333333333333,0.16176470588235295,-0.23076923076923078,0.6842105263157895
2022,2022-07-05,Poland,Iran,2,3,25,23,22,27,15,21,25,25,25,7,82,60,12,10,-,60,16,36,112,12,16,1,29,10,26,69,105,12,9,74,95,17,15,36,13,1,94,108,2022-07-05_Iran_Poland,0,1.2222222222222223,-0.2318840579710145,0.04054054054054054,-4.0,0.05555555555555555,-0.2318840579710145,0.04054054054054054
2022,2022-07-05,Iran,Poland,3,2,21,25,25,25,7,25,23,22,27,15,70,56,5,9,-,56,16,32,104,5,22,3,30,9,15,86,110,11,10,58,79,19,11,37,19,0,87,106,2022-07-05_Iran_Poland,1,1.25,-0.06976744186046512,0.017241379310344827,-5.666666666666667,0.21621621621621623,-0.06976744186046512,0.017241379310344827
2022,2022-07-06,Japan,Australia,3,1,25,25,23,25,0,18,15,25,19,0,80,61,6,13,-,61,8,24,93,6,21,17,44,13,16,68,97,30,1,36,67,24,14,51,41,1,54,96,2022-07-06_Australia_Japan,1,2.2083333333333335,-0.04411764705882353,0.8055555555555556,-0.8823529411764706,0.19607843137254902,-0.04411764705882353,0.8055555555555556
2022,2022-07-06,Australia,Japan,1,3,18,15,25,19,0,25,25,23,25,0,56,51,4,1,-,51,11,27,89,4,16,12,32,1,11,66,78,28,13,40,81,20,15,41,26,1,57,84,2022-07-06_Australia_Japan,0,1.4814814814814814,-0.15151515151515152,0.375,-1.0,0.12195121951219512,-0.15151515151515152,0.375
2022,2022-07-06,Germany,Brazil,1,3,27,17,20,19,0,25,25,25,25,0,60,51,6,3,-,51,13,44,108,6,29,10,45,3,15,66,84,21,6,58,85,26,13,57,28,3,87,118,2022-07-06_Brazil_Germany,0,0.8636363636363636,-0.18181818181818182,0.25862068965517243,-2.3,0.22807017543859648,-0.18181818181818182,0.25862068965517243
2022,2022-07-06,Brazil,Germany,3,1,25,25,25,25,0,27,17,20,19,0,75,63,6,6,-,63,13,26,102,6,25,30,61,6,14,79,99,20,3,46,69,38,15,60,39,1,66,106,2022-07-06_Brazil_Germany,1,1.9230769230769231,-0.10126582278481013,0.3695652173913043,-0.6333333333333333,0.38333333333333336,-0.10126582278481013,0.3695652173913043
2022,2022-07-06,Netherlands,China,3,0,29,12,25,0,0,27,25,13,0,0,66,43,13,10,-,43,8,23,74,13,9,1,23,10,11,56,77,5,0,44,49,11,4,18,7,0,64,71,2022-07-06_China_Netherlands,1,1.5217391304347827,-0.017857142857142856,0.11363636363636363,4.0,0.3888888888888889,-0.017857142857142856,0.11363636363636363
2022,2022-07-06,China,Netherlands,0,3,27,25,13,0,0,29,12,25,0,0,39,33,6,0,-,33,19,23,75,6,16,0,22,0,5,49,54,14,10,42,66,15,7,24,12,1,54,67,2022-07-06_China_Netherlands,0,0.6086956521739131,-0.10204081632653061,0.09523809523809523,-inf,0.3333333333333333,-0.10204081632653061,0.09523809523809523
2022,2022-07-06,Slovenia,Serbia,3,0,25,25,25,0,0,15,19,23,0,0,46,36,6,4,-,36,6,22,64,6,14,1,21,4,11,58,73,6,2,35,43,11,3,14,12,0,51,63,2022-07-06_Serbia_Slovenia,1,1.3636363636363635,-0.1206896551724138,0.11428571428571428,-8.0,0.5714285714285714,-0.1206896551724138,0.11428571428571428
2022,2022-07-06,Serbia,Slovenia,0,3,15,19,23,0,0,25,25,25,0,0,41,36,3,2,-,36,14,34,84,3,12,0,15,2,16,41,59,6,4,52,62,9,7,18,16,2,67,85,2022-07-06_Serbia_Slovenia,0,0.6470588235294118,-0.34146341463414637,0.038461538461538464,-inf,0.1111111111111111,-0.34146341463414637,0.038461538461538464
2022,2022-07-07,Germany,Australia,3,1,20,25,25,26,0,25,16,21,24,0,65,52,8,5,-,52,16,32,100,8,21,13,42,5,18,72,95,25,4,37,66,30,9,48,35,0,61,96,2022-07-07_Australia_Germany,1,1.125,-0.18055555555555555,0.5675675675675675,-1.0,0.4375,-0.18055555555555555,0.5675675675675675
2022,2022-07-07,Australia,Germany,1,3,25,16,21,24,0,20,25,25,26,0,57,48,5,4,-,48,15,27,90,5,11,22,38,4,21,62,87,23,5,49,77,22,18,50,26,1,61,88,2022-07-07_Australia_Germany,0,1.2222222222222223,-0.27419354838709675,0.3673469387755102,-0.2727272727272727,0.08,-0.27419354838709675,0.3673469387755102
2022,2022-07-07,Canada,Brazil,0,3,18,19,16,0,0,25,25,25,0,0,42,36,1,5,-,36,16,28,80,1,18,19,38,5,10,40,55,15,4,48,67,23,10,46,26,2,63,91,2022-07-07_Brazil_Canada,0,0.7142857142857143,-0.125,0.22916666666666666,-0.8947368421052632,0.2826086956521739,-0.125,0.22916666666666666
2022,2022-07-07,Brazil,Canada,3,0,25,25,25,0,0,18,19,16,0,0,52,43,5,4,-,43,4,27,74,5,14,20,39,4,6,63,73,9,5,31,45,31,11,49,11,0,62,73,2022-07-07_Brazil_Canada,1,1.4444444444444444,-0.031746031746031744,0.12903225806451613,-0.45,0.40816326530612246,-0.031746031746031744,0.12903225806451613
2022,2022-07-07,Slovenia,Bulgaria,3,1,25,22,25,25,0,22,25,18,16,0,66,53,10,3,-,53,15,23,91,10,8,2,20,3,13,80,96,4,4,56,64,16,5,27,24,2,68,94,2022-07-07_Bulgaria_Slovenia,1,1.6521739130434783,-0.125,0.0,1.0,0.4074074074074074,-0.125,0.0
2022,2022-07-07,Bulgaria,Slovenia,1,3,22,25,18,16,0,25,22,25,25,0,58,45,9,4,-,45,21,34,100,9,18,0,27,4,18,60,82,9,3,71,83,5,7,13,22,1,76,99,2022-07-07_Bulgaria_Slovenia,0,0.7058823529411765,-0.23333333333333334,0.08450704225352113,-inf,-0.15384615384615385,-0.23333333333333334,0.08450704225352113
2022,2022-07-07,Poland,China,3,0,26,25,25,0,0,24,16,18,0,0,56,40,4,12,-,40,10,12,62,4,13,0,17,12,10,53,75,11,2,30,43,9,4,13,17,0,43,60,2022-07-07_China_Poland,1,2.5,0.03773584905660377,0.3,-inf,0.38461538461538464,0.03773584905660377,0.3
2022,2022-07-07,China,Poland,0,3,24,16,18,0,0,26,25,25,0,0,44,34,8,2,-,34,8,18,60,8,5,0,13,2,16,41,59,12,12,41,65,6,6,13,15,0,44,59,2022-07-07_China_Poland,0,1.4444444444444444,-0.34146341463414637,0.0,inf,0.0,-0.34146341463414637,0.0
2022,2022-07-07,United States,France,3,2,15,25,22,25,15,25,22,25,14,8,61,46,9,6,-,46,12,41,99,9,25,36,70,6,20,76,102,14,7,47,68,38,14,61,28,2,74,104,2022-07-07_France_United States,1,0.8292682926829268,-0.18421052631578946,0.14893617021276595,-0.4444444444444444,0.39344262295081966,-0.18421052631578946,0.14893617021276595
2022,2022-07-07,France,United States,2,3,25,22,25,14,8,15,25,22,25,15,65,53,5,7,-,53,22,52,127,5,6,22,33,7,26,61,94,23,6,53,82,46,18,86,27,1,104,132,2022-07-07_France_United States,0,0.5961538461538461,-0.3114754098360656,0.32075471698113206,-0.045454545454545456,0.32558139534883723,-0.3114754098360656,0.32075471698113206
2022,2022-07-07,Italy,Iran,3,1,25,25,25,25,0,16,27,23,23,0,73,55,10,8,-,55,16,38,109,10,18,0,28,8,16,75,99,13,8,52,73,20,8,33,26,0,78,104,2022-07-07_Iran_Italy,1,1.0263157894736843,-0.10666666666666667,0.09615384615384616,-inf,0.36363636363636365,-0.10666666666666667,0.09615384615384616
2022,2022-07-07,Iran,Italy,1,3,16,27,23,23,0,25,25,25,25,0,64,49,7,8,-,49,17,42,108,7,16,2,25,8,17,65,90,9,8,66,83,23,5,32,13,0,101,114,2022-07-07_Iran_Italy,0,0.7619047619047619,-0.13846153846153847,0.015151515151515152,-4.5,0.5625,-0.13846153846153847,0.015151515151515152
2022,2022-07-08,Australia,Argentina,1,3,25,23,19,15,0,21,25,25,25,0,56,46,7,3,-,46,18,30,94,7,17,16,40,3,15,65,83,30,8,43,81,21,11,46,33,1,57,91,2022-07-08_Argentina_Australia,0,0.9333333333333333,-0.18461538461538463,0.5116279069767442,-0.625,0.21739130434782608,-0.18461538461538463,0.5116279069767442
2022,2022-07-08,Argentina,Australia,3,1,21,25,25,25,0,25,23,19,15,0,74,54,12,8,-,54,19,29,102,12,17,15,44,8,14,73,95,33,3,32,68,34,17,62,48,0,52,100,2022-07-08_Argentina_Australia,1,1.206896551724138,-0.0821917808219178,0.9375,-0.3333333333333333,0.27419354838709675,-0.0821917808219178,0.9375
2022,2022-07-08,France,Brazil,3,0,25,25,25,0,0,21,22,21,0,0,66,49,6,11,-,49,6,31,86,6,15,15,36,11,21,41,73,12,5,43,60,27,3,41,24,1,61,86,2022-07-08_Brazil_France,1,1.3870967741935485,-0.24390243902439024,0.16279069767441862,-0.6,0.5853658536585366,-0.24390243902439024,0.16279069767441862
2022,2022-07-08,Brazil,France,0,3,21,22,21,0,0,25,25,25,0,0,38,31,2,5,-,31,9,30,70,2,22,17,41,5,6,55,66,10,11,31,52,25,9,41,12,0,61,73,2022-07-08_Brazil_France,0,0.7333333333333333,-0.01818181818181818,-0.03225806451612903,-1.1764705882352942,0.3902439024390244,-0.01818181818181818,-0.03225806451612903
2022,2022-07-08,Netherlands,Bulgaria,1,3,25,16,21,21,0,22,25,25,25,0,57,48,3,6,-,48,22,36,106,3,22,1,26,6,11,67,84,18,5,61,84,19,5,29,26,2,87,115,2022-07-08_Bulgaria_Netherlands,0,0.7222222222222222,-0.07462686567164178,0.21311475409836064,-19.0,0.4827586206896552,-0.07462686567164178,0.21311475409836064
2022,2022-07-08,Bulgaria,Netherlands,3,1,22,25,25,25,0,25,16,21,21,0,70,53,12,5,-,53,12,37,102,12,18,0,30,5,12,79,96,10,6,57,73,10,7,21,20,2,82,104,2022-07-08_Bulgaria_Netherlands,1,1.1081081081081081,-0.08860759493670886,0.07017543859649122,-inf,0.14285714285714285,-0.08860759493670886,0.07017543859649122
2022,2022-07-08,Japan,Canada,3,1,25,25,22,25,0,20,16,25,20,0,66,54,5,7,-,54,8,43,105,5,23,23,51,7,15,74,96,22,8,35,65,39,14,71,33,0,67,100,2022-07-08_Canada_Japan,1,1.069767441860465,-0.10810810810810811,0.4,-0.782608695652174,0.352112676056338,-0.10810810810810811,0.4
2022,2022-07-08,Canada,Japan,1,3,20,16,25,20,0,25,25,22,25,0,62,50,4,8,-,50,18,43,111,4,19,22,45,8,17,57,82,21,7,53,81,36,15,61,47,1,57,105,2022-07-08_Canada_Japan,0,0.7441860465116279,-0.15789473684210525,0.2641509433962264,-0.6818181818181818,0.3442622950819672,-0.15789473684210525,0.2641509433962264
2022,2022-07-08,Slovenia,Iran,0,3,24,14,21,0,0,26,25,25,0,0,36,27,5,4,-,27,16,20,63,5,12,2,19,4,14,43,61,4,6,47,57,6,7,15,15,1,48,64,2022-07-08_Iran_Slovenia,0,0.55,-0.23255813953488372,-0.0425531914893617,-3.5,-0.06666666666666667,-0.23255813953488372,-0.0425531914893617
2022,2022-07-08,Iran,Slovenia,3,0,26,25,25,0,0,24,14,21,0,0,49,37,6,6,-,37,10,22,69,6,5,1,12,6,17,51,74,10,4,33,47,12,5,20,18,0,50,68,2022-07-08_Iran_Slovenia,1,1.2272727272727273,-0.21568627450980393,0.18181818181818182,1.0,0.35,-0.21568627450980393,0.18181818181818182
2022,2022-07-08,Serbia,Italy,0,3,21,14,23,0,0,25,25,25,0,0,39,34,3,2,-,34,25,33,92,3,5,0,8,2,8,49,59,3,6,55,64,6,6,16,14,0,80,94,2022-07-08_Italy_Serbia,0,0.2727272727272727,-0.12244897959183673,-0.05454545454545454,-inf,0.0,-0.12244897959183673,-0.05454545454545454
2022,2022-07-08,Italy,Serbia,3,0,25,25,25,0,0,21,14,23,0,0,56,36,14,6,-,36,10,31,77,14,19,0,33,6,10,58,74,9,2,40,51,10,4,18,14,1,58,73,2022-07-08_Italy_Serbia,1,0.8387096774193549,-0.06896551724137931,0.175,-inf,0.3333333333333333,-0.06896551724137931,0.175
2022,2022-07-09,France,Argentina,1,3,22,25,23,19,0,25,23,25,25,0,54,47,4,3,-,47,9,45,101,4,21,32,57,3,22,65,90,18,5,49,72,41,21,75,19,0,89,108,2022-07-09_Argentina_France,0,0.8444444444444444,-0.2923076923076923,0.2653061224489796,-0.53125,0.26666666666666666,-0.2923076923076923,0.2653061224489796
2022,2022-07-09,Argentina,France,3,1,25,23,25,25,0,22,25,23,19,0,71,62,4,5,-,62,12,43,117,4,19,26,49,5,25,67,97,13,3,52,68,45,15,73,29,1,85,115,2022-07-09_Argentina_France,1,1.1627906976744187,-0.29850746268656714,0.19230769230769232,-0.5769230769230769,0.410958904109589,-0.29850746268656714,0.19230769230769232
2022,2022-07-09,China,Bulgaria,3,1,26,25,25,25,0,28,23,23,17,0,77,62,8,7,-,62,14,18,94,8,24,0,32,7,16,77,100,12,3,64,79,12,7,22,23,0,68,91,2022-07-09_Bulgaria_China,1,2.6666666666666665,-0.11688311688311688,0.140625,-inf,0.22727272727272727,-0.11688311688311688,0.140625
2022,2022-07-09,Bulgaria,China,1,3,28,23,23,17,0,26,25,25,25,0,65,55,7,3,-,55,16,22,93,7,18,1,26,3,13,76,92,8,7,69,84,11,7,22,19,1,74,94,2022-07-09_Bulgaria_China,0,1.7727272727272727,-0.13157894736842105,0.014492753623188406,-11.0,0.18181818181818182,-0.13157894736842105,0.014492753623188406
2022,2022-07-09,United States,Canada,3,0,25,25,25,0,0,19,15,19,0,0,57,47,5,5,-,47,2,26,75,5,15,20,40,5,13,56,74,17,2,26,45,28,12,47,35,2,35,72,2022-07-09_Canada_United States,1,1.7307692307692308,-0.14285714285714285,0.5769230769230769,-0.5,0.3404255319148936,-0.14285714285714285,0.5769230769230769
2022,2022-07-09,Canada,United States,0,3,19,15,19,0,0,25,25,25,0,0,37,34,1,2,-,34,13,36,83,1,21,8,30,2,9,43,54,17,5,39,61,22,13,49,21,0,61,82,2022-07-09_Canada_United States,0,0.5833333333333334,-0.16279069767441862,0.3076923076923077,-2.5,0.1836734693877551,-0.16279069767441862,0.3076923076923077
2022,2022-07-09,Japan,Germany,3,1,23,25,25,25,0,25,22,20,20,0,66,52,10,4,-,52,16,25,93,10,20,30,60,4,20,73,97,11,2,51,64,33,16,53,16,1,75,92,2022-07-09_Germany_Japan,1,1.44,-0.2191780821917808,0.17647058823529413,-0.3333333333333333,0.32075471698113206,-0.2191780821917808,0.17647058823529413
2022,2022-07-09,Germany,Japan,1,3,25,22,20,20,0,23,25,25,25,0,57,47,8,2,-,47,18,37,102,8,19,12,39,2,24,62,88,18,4,55,77,23,16,56,25,0,76,101,2022-07-09_Germany_Japan,0,0.7837837837837838,-0.3548387096774194,0.2545454545454545,-0.9166666666666666,0.125,-0.3548387096774194,0.2545454545454545
2022,2022-07-09,Serbia,Iran,0,3,33,21,25,0,0,35,25,12,0,0,47,40,6,1,-,40,21,25,86,6,11,2,19,1,9,57,67,2,7,63,72,12,6,19,14,0,73,87,2022-07-09_Iran_Serbia,0,0.76,-0.14035087719298245,-0.07936507936507936,-2.5,0.3157894736842105,-0.14035087719298245,-0.07936507936507936
2022,2022-07-09,Iran,Serbia,3,0,35,25,12,0,0,33,21,25,0,0,69,48,14,7,-,48,11,24,83,14,15,0,29,7,12,65,84,7,1,50,58,15,9,25,24,0,59,83,2022-07-09_Iran_Serbia,1,1.5416666666666667,-0.07692307692307693,0.12,-inf,0.24,-0.07692307692307693,0.12
2022,2022-07-09,Poland,Netherlands,3,0,25,25,25,0,0,19,23,22,0,0,52,41,7,4,-,41,8,12,61,7,17,2,26,4,11,59,74,5,6,38,49,13,8,24,13,0,47,60,2022-07-09_Netherlands_Poland,1,2.75,-0.11864406779661017,-0.02631578947368421,-5.0,0.20833333333333334,-0.11864406779661017,-0.02631578947368421
2022,2022-07-09,Netherlands,Poland,0,3,19,23,22,0,0,25,25,25,0,0,47,37,4,6,-,37,13,25,75,4,16,0,20,6,16,43,65,3,4,56,63,9,8,19,6,0,70,76,2022-07-09_Netherlands_Poland,0,0.96,-0.23255813953488372,-0.017857142857142856,-inf,0.05263157894736842,-0.23255813953488372,-0.017857142857142856
2022,2022-07-10,United States,Argentina,3,2,29,22,20,25,17,27,25,25,13,15,81,65,13,3,-,65,15,38,118,13,27,27,67,3,21,89,113,26,2,53,81,38,15,66,50,0,65,115,2022-07-10_Argentina_United States,1,1.3157894736842106,-0.20224719101123595,0.4528301886792453,-0.5185185185185185,0.3484848484848485,-0.20224719101123595,0.4528301886792453
2022,2022-07-10,Argentina,United States,2,3,27,25,25,13,15,29,22,20,25,17,75,66,7,2,-,66,18,49,133,7,31,16,54,2,24,79,105,29,3,60,92,36,17,66,58,1,71,130,2022-07-10_Argentina_United States,0,0.9795918367346939,-0.27848101265822783,0.43333333333333335,-1.5,0.2878787878787879,-0.27848101265822783,0.43333333333333335
2022,2022-07-10,France,Australia,3,0,25,25,28,0,0,16,12,26,0,0,57,43,8,6,-,43,6,21,70,8,10,11,29,6,22,49,77,10,2,31,43,25,7,36,18,1,47,66,2022-07-10_Australia_France,1,1.7619047619047619,-0.32653061224489793,0.25806451612903225,-0.18181818181818182,0.5,-0.32653061224489793,0.25806451612903225
2022,2022-07-10,Australia,France,0,3,16,12,26,0,0,25,25,28,0,0,28,23,3,2,-,23,15,20,58,3,13,10,26,2,12,41,55,4,6,45,55,18,15,39,13,2,53,68,2022-07-10_Australia_France,0,0.4,-0.24390243902439024,-0.044444444444444446,-1.0,0.07692307692307693,-0.24390243902439024,-0.044444444444444446
2022,2022-07-10,Japan,Brazil,0,3,23,23,22,0,0,25,25,25,0,0,46,40,3,3,-,40,15,25,80,3,10,13,26,3,14,53,70,18,4,38,60,24,17,52,30,0,51,81,2022-07-10_Brazil_Japan,0,1.0,-0.20754716981132076,0.3684210526315789,-0.5384615384615384,0.1346153846153846,-0.20754716981132076,0.3684210526315789
2022,2022-07-10,Brazil,Japan,3,0,25,25,25,0,0,23,23,22,0,0,53,42,7,4,-,42,12,23,77,7,21,19,47,4,13,56,73,19,3,34,56,22,7,39,31,0,45,76,2022-07-10_Brazil_Japan,1,1.3043478260869565,-0.16071428571428573,0.47058823529411764,-0.7368421052631579,0.38461538461538464,-0.16071428571428573,0.47058823529411764
2022,2022-07-10,Serbia,China,3,1,25,25,23,25,0,17,17,25,22,0,58,44,8,6,-,44,13,31,88,8,22,2,32,6,11,80,97,10,2,49,61,21,6,31,20,2,70,92,2022-07-10_China_Serbia,1,1.0,-0.0625,0.16326530612244897,-7.0,0.4838709677419355,-0.0625,0.16326530612244897
2022,2022-07-10,China,Serbia,1,3,17,17,25,22,0,25,25,23,25,0,57,48,7,2,-,48,22,26,96,7,10,2,19,2,21,59,82,11,6,69,86,10,4,22,18,1,80,99,2022-07-10_China_Serbia,0,1.0,-0.3220338983050847,0.07246376811594203,-1.5,0.2727272727272727,-0.3220338983050847,0.07246376811594203
2022,2022-07-10,Netherlands,Italy,0,3,23,24,21,0,0,25,26,25,0,0,46,36,5,5,-,36,8,32,76,5,16,0,21,5,17,47,69,6,4,52,62,12,4,18,8,1,63,72,2022-07-10_Italy_Netherlands,0,0.875,-0.2553191489361702,0.038461538461538464,-inf,0.4444444444444444,-0.2553191489361702,0.038461538461538464
2022,2022-07-10,Italy,Netherlands,3,0,25,26,25,0,0,23,24,21,0,0,54,44,6,4,-,44,12,22,78,6,17,1,24,4,13,58,75,0,4,45,49,14,4,18,11,0,63,74,2022-07-10_Italy_Netherlands,1,1.4545454545454546,-0.15517241379310345,-0.08888888888888889,-11.0,0.5555555555555556,-0.15517241379310345,-0.08888888888888889
2022,2022-07-10,Slovenia,Poland,1,3,14,23,25,17,0,25,25,23,25,0,54,41,6,7,-,41,18,39,98,6,15,0,21,7,21,51,79,3,9,66,78,12,5,22,12,1,85,98,2022-07-10_Poland_Slovenia,0,0.5897435897435898,-0.27450980392156865,-0.09090909090909091,-inf,0.3181818181818182,-0.27450980392156865,-0.09090909090909091
2022,2022-07-10,Poland,Slovenia,3,1,25,25,23,25,0,14,23,25,17,0,69,47,13,9,-,47,10,30,87,13,10,0,23,9,20,69,98,4,7,47,58,18,8,28,20,0,68,88,2022-07-10_Poland_Slovenia,1,1.2333333333333334,-0.15942028985507245,-0.06382978723404255,inf,0.35714285714285715,-0.15942028985507245,-0.06382978723404255
2022,2022-07-20,United States,Brazil,3,1,20,25,25,25,0,25,22,23,17,0,67,56,7,4,-,56,11,40,107,7,23,20,50,4,13,77,94,30,2,37,69,37,21,61,34,0,70,104,2022-07-20_Brazil_United States,1,1.125,-0.11688311688311688,0.7567567567567568,-0.8,0.26229508196721313,-0.11688311688311688,0.7567567567567568
2022,2022-07-20,Brazil,United States,1,3,25,22,23,17,0,20,25,25,25,0,66,61,3,2,-,61,16,40,117,3,20,14,37,2,19,67,88,40,4,37,81,35,20,61,33,0,86,119,2022-07-20_Brazil_United States,0,1.125,-0.2537313432835821,0.972972972972973,-1.2142857142857142,0.2459016393442623,-0.2537313432835821,0.972972972972973
2022,2022-07-20,Netherlands,Italy,1,3,25,22,13,22,0,21,25,25,25,0,62,52,4,6,-,52,20,48,120,4,18,15,37,6,20,57,83,35,7,46,88,38,13,53,16,1,105,122,2022-07-20_Italy_Netherlands,0,0.6666666666666666,-0.24561403508771928,0.6086956521739131,-0.9333333333333333,0.4716981132075472,-0.24561403508771928,0.6086956521739131
2022,2022-07-20,Italy,Netherlands,3,1,21,25,25,25,0,25,22,13,22,0,66,47,12,7,-,47,13,37,97,12,35,17,64,7,7,81,95,13,6,44,63,38,10,51,17,1,77,95,2022-07-20_Italy_Netherlands,1,0.918918918918919,0.0,0.1590909090909091,-1.3529411764705883,0.5490196078431373,0.0,0.1590909090909091
2022,2022-07-21,Japan,France,0,3,24,16,20,0,0,26,25,25,0,0,37,30,3,4,-,30,15,28,73,3,15,4,22,4,15,43,62,15,3,36,54,22,15,39,14,0,59,73,2022-07-21_France_Japan,0,0.5357142857142857,-0.2558139534883721,0.3333333333333333,-3.0,0.1794871794871795,-0.2558139534883721,0.3333333333333333
2022,2022-07-21,France,Japan,3,0,26,25,25,0,0,24,16,20,0,0,52,41,8,3,-,41,5,20,66,8,11,11,30,3,20,51,74,25,4,18,47,23,7,33,18,1,46,65,2022-07-21_France_Japan,1,1.8,-0.3333333333333333,1.1666666666666667,-0.2727272727272727,0.48484848484848486,-0.3333333333333333,1.1666666666666667
2022,2022-07-21,Poland,Iran,3,2,25,24,25,16,7,21,26,18,25,15,66,50,10,6,-,50,11,42,103,10,14,16,40,6,23,75,104,27,6,45,78,34,23,60,18,0,88,106,2022-07-21_Iran_Poland,1,0.9285714285714286,-0.22666666666666666,0.4666666666666667,-0.25,0.18333333333333332,-0.22666666666666666,0.4666666666666667
2022,2022-07-21,Iran,Poland,2,3,21,26,18,25,15,25,24,25,16,7,68,55,7,6,-,55,24,37,116,7,22,22,51,6,20,72,98,33,6,42,81,38,16,61,19,2,101,122,2022-07-21_Iran_Poland,0,0.8378378378378378,-0.19444444444444445,0.6428571428571429,-0.6818181818181818,0.36065573770491804,-0.19444444444444445,0.6428571428571429
2022,2022-07-21,United States,Poland,3,0,25,25,25,0,0,22,23,13,0,0,53,38,6,9,-,38,8,21,67,6,14,13,33,9,11,54,74,13,4,26,43,26,8,35,12,0,51,63,2022-07-21_Poland_United States,1,1.4285714285714286,-0.037037037037037035,0.34615384615384615,-0.6153846153846154,0.5142857142857142,-0.037037037037037035,0.34615384615384615
2022,2022-07-21,Poland,United States,0,3,22,23,13,0,0,25,25,25,0,0,40,34,2,4,-,34,11,31,76,2,12,10,24,4,16,39,59,20,9,34,63,17,10,31,16,0,61,77,2022-07-21_Poland_United States,0,0.7419354838709677,-0.3076923076923077,0.3235294117647059,-1.0,0.22580645161290322,-0.3076923076923077,0.3235294117647059
2022,2022-07-23,Italy,France,0,3,22,20,15,0,0,25,25,25,0,0,37,32,3,2,-,32,9,32,73,3,23,10,36,2,9,48,59,20,11,26,57,24,14,39,19,0,54,73,2022-07-23_France_Italy,0,0.71875,-0.14583333333333334,0.34615384615384615,-2.0,0.2564102564102564,-0.14583333333333334,0.34615384615384615
2022,2022-07-23,France,Italy,3,0,25,25,25,0,0,22,20,15,0,0,61,46,4,11,-,46,5,20,71,4,14,9,27,11,16,46,73,24,2,24,50,29,12,44,15,1,55,71,2022-07-23_France_Italy,1,2.05,-0.10869565217391304,0.9166666666666666,-1.1111111111111112,0.38636363636363635,-0.10869565217391304,0.9166666666666666
2022,2022-07-23,Poland,Italy,3,0,25,25,25,0,0,16,23,20,0,0,50,37,3,10,-,37,5,32,74,3,18,20,41,10,17,47,74,21,1,26,48,34,5,41,13,1,63,77,2022-07-23_Italy_Poland,1,1.0,-0.14893617021276595,0.7692307692307693,-0.75,0.7073170731707317,-0.14893617021276595,0.7692307692307693
2022,2022-07-23,Italy,Poland,0,3,16,23,20,0,0,25,25,25,0,0,36,33,2,1,-,33,14,45,92,2,17,14,33,1,12,47,60,10,10,37,57,38,12,52,10,0,78,88,2022-07-23_Italy_Poland,0,0.4222222222222222,-0.23404255319148937,0.0,-1.0714285714285714,0.5,-0.23404255319148937,0.0
2022,2022-07-24,United States,France,2,3,16,19,25,25,15,25,25,15,21,10,68,60,7,1,-,60,16,31,107,7,33,23,63,1,14,81,96,27,6,47,80,36,13,54,28,2,76,106,2022-07-24_France_United States,0,1.4193548387096775,-0.16049382716049382,0.44680851063829785,-1.1304347826086956,0.42592592592592593,-0.16049382716049382,0.44680851063829785
2022,2022-07-24,France,United States,3,2,25,25,15,21,10,16,19,25,25,15,71,59,6,6,-,59,13,36,108,6,25,9,40,6,20,74,100,26,1,55,82,33,10,48,17,1,90,108,2022-07-24_France_United States,1,1.2777777777777777,-0.1891891891891892,0.45454545454545453,-2.111111111111111,0.4791666666666667,-0.1891891891891892,0.45454545454545453
2023,2023-06-06,Italy,Argentina,0,3,22,23,18,0,0,25,25,25,0,0,41,37,2,2,-,37,15,34,86,2,7,7,16,2,13,49,64,8,4,44,56,34,9,51,25,2,60,87,2023-06-06_Argentina_Italy,0,0.6470588235294118,-0.22448979591836735,0.09090909090909091,-0.7142857142857143,0.49019607843137253,-0.22448979591836735,0.09090909090909091
2023,2023-06-06,Argentina,Italy,3,0,25,25,25,0,0,22,23,18,0,0,52,40,8,4,-,40,7,30,77,8,4,16,28,4,17,53,74,15,2,34,51,23,6,34,20,0,52,72,2023-06-06_Argentina_Italy,1,1.1,-0.24528301886792453,0.38235294117647056,0.25,0.5,-0.24528301886792453,0.38235294117647056
2023,2023-06-06,Bulgaria,China,2,3,20,25,21,25,9,25,21,25,20,15,66,52,10,4,-,52,23,31,106,10,18,14,42,4,16,80,100,31,8,44,83,32,2,39,22,1,83,106,2023-06-06_Bulgaria_China,0,0.9354838709677419,-0.15,0.5227272727272727,-0.5714285714285714,0.7692307692307693,-0.15,0.5227272727272727
2023,2023-06-06,China,Bulgaria,3,2,25,21,25,20,15,20,25,21,25,9,76,56,12,8,-,56,17,27,100,12,14,15,41,8,23,75,106,19,4,61,84,25,1,32,8,3,87,98,2023-06-06_Bulgaria_China,1,1.4444444444444444,-0.2,0.2459016393442623,-0.13333333333333333,0.75,-0.2,0.2459016393442623
2023,2023-06-06,Canada,Cuba,3,2,25,26,25,22,15,21,28,21,25,13,78,58,17,3,-,58,12,67,137,17,23,20,60,3,17,93,113,16,3,66,85,55,47,109,24,1,110,135,2023-06-06_Canada_Cuba,1,0.6865671641791045,-0.15053763440860216,0.19696969696969696,-0.3,0.07339449541284404,-0.15053763440860216,0.19696969696969696
2023,2023-06-06,Cuba,Canada,2,3,21,28,21,25,13,25,26,25,22,15,84,75,6,3,-,75,27,44,146,6,29,39,74,3,23,82,108,23,3,69,95,54,27,89,19,2,125,146,2023-06-06_Canada_Cuba,0,1.0909090909090908,-0.24390243902439024,0.2898550724637681,-0.5897435897435898,0.30337078651685395,-0.24390243902439024,0.2898550724637681
2023,2023-06-06,Japan,Iran,3,0,25,25,25,0,0,16,22,19,0,0,55,47,4,4,-,47,13,24,84,4,12,11,27,4,12,58,74,10,3,32,45,42,1,48,6,0,77,83,2023-06-06_Iran_Japan,1,1.4166666666666667,-0.13793103448275862,0.21875,-0.7272727272727273,0.8541666666666666,-0.13793103448275862,0.21875
2023,2023-06-06,Iran,Japan,0,3,16,22,19,0,0,25,25,25,0,0,38,29,6,3,-,29,9,38,76,6,9,13,28,3,13,42,58,20,4,37,61,20,0,26,4,2,72,78,2023-06-06_Iran_Japan,0,0.5263157894736842,-0.23809523809523808,0.43243243243243246,-0.23076923076923078,0.7692307692307693,-0.23809523809523808,0.43243243243243246
2023,2023-06-07,Brazil,Germany,3,1,26,25,19,25,0,24,16,25,15,0,65,50,10,5,-,50,10,31,91,10,25,25,60,5,9,80,94,7,4,50,61,38,28,69,22,1,70,93,2023-06-07_Brazil_Germany,1,1.2903225806451613,-0.05,0.06,-0.6,0.14492753623188406,-0.05,0.06
2023,2023-06-07,Germany,Brazil,1,3,24,16,25,15,0,26,25,19,25,0,64,56,4,4,-,56,19,40,115,4,13,17,34,4,20,57,81,21,5,59,85,38,31,71,28,1,88,117,2023-06-07_Brazil_Germany,0,0.925,-0.2807017543859649,0.2711864406779661,-0.5294117647058824,0.09859154929577464,-0.2807017543859649,0.2711864406779661
2023,2023-06-07,Poland,France,3,1,25,18,35,25,0,23,25,33,15,0,74,53,13,8,-,53,17,27,97,13,12,14,39,8,19,75,102,27,3,46,76,24,6,34,14,3,78,95,2023-06-07_France_Poland,1,1.3333333333333333,-0.14666666666666667,0.5217391304347826,0.07142857142857142,0.5294117647058824,-0.14666666666666667,0.5217391304347826
2023,2023-06-07,France,Poland,1,3,23,25,33,15,0,25,18,35,25,0,61,51,7,3,-,51,20,28,99,7,16,15,38,3,21,73,97,22,8,53,83,28,1,32,11,1,84,96,2023-06-07_France_Poland,0,1.1071428571428572,-0.2465753424657534,0.2641509433962264,-0.6,0.84375,-0.2465753424657534,0.2641509433962264
2023,2023-06-07,United States,Netherlands,3,0,25,25,25,0,0,19,23,21,0,0,55,41,8,6,-,41,8,31,80,8,7,11,26,6,15,53,74,16,3,33,52,28,6,41,27,0,50,77,2023-06-07_Netherlands_United States,1,1.064516129032258,-0.16981132075471697,0.3939393939393939,0.09090909090909091,0.5365853658536586,-0.16981132075471697,0.3939393939393939
2023,2023-06-07,Netherlands,United States,0,3,19,23,21,0,0,25,25,25,0,0,41,36,2,3,-,36,15,32,83,2,7,9,18,3,12,49,64,11,6,42,59,31,8,44,17,0,64,81,2023-06-07_Netherlands_United States,0,0.65625,-0.1836734693877551,0.11904761904761904,-0.5555555555555556,0.5227272727272727,-0.1836734693877551,0.11904761904761904
2023,2023-06-07,Slovenia,Serbia,3,1,31,19,25,25,0,29,25,20,21,0,77,68,7,2,-,68,17,44,129,7,25,18,50,2,17,80,99,25,1,58,84,45,1,50,14,1,109,124,2023-06-07_Serbia_Slovenia,1,1.1590909090909092,-0.1875,0.41379310344827586,-1.0,0.88,-0.1875,0.41379310344827586
2023,2023-06-07,Serbia,Slovenia,1,3,29,25,20,21,0,31,19,25,25,0,66,56,9,1,-,56,17,47,120,9,13,16,38,1,13,83,97,16,2,64,82,47,2,49,12,0,106,118,2023-06-07_Serbia_Slovenia,0,0.8297872340425532,-0.14457831325301204,0.21875,-0.25,0.9183673469387755,-0.14457831325301204,0.21875
2023,2023-06-08,Argentina,Brazil,2,3,25,19,25,23,13,19,25,23,25,15,74,60,10,4,-,60,13,57,130,10,30,23,63,4,19,83,106,16,7,68,91,54,35,91,29,0,103,132,2023-06-08_Argentina_Brazil,0,0.8245614035087719,-0.18072289156626506,0.1323529411764706,-0.8695652173913043,0.2087912087912088,-0.18072289156626506,0.1323529411764706
2023,2023-06-08,Brazil,Argentina,3,2,19,25,23,25,15,25,19,25,23,13,83,68,8,7,-,68,23,45,136,8,25,35,68,7,17,84,108,15,4,68,87,54,32,89,26,1,106,133,2023-06-08_Argentina_Brazil,1,1.0,-0.11904761904761904,0.16176470588235295,-0.4857142857142857,0.24719101123595505,-0.11904761904761904,0.16176470588235295
2023,2023-06-08,Slovenia,Bulgaria,0,3,24,23,17,0,0,26,25,25,0,0,44,38,3,3,-,38,16,24,78,3,9,13,25,3,10,52,65,19,4,39,62,25,2,31,17,1,61,79,2023-06-08_Bulgaria_Slovenia,0,0.9166666666666666,-0.1346153846153846,0.38461538461538464,-0.46153846153846156,0.7419354838709677,-0.1346153846153846,0.38461538461538464
2023,2023-06-08,Bulgaria,Slovenia,3,0,26,25,25,0,0,24,23,17,0,0,53,42,7,4,-,42,9,30,81,7,12,16,35,4,13,58,75,19,3,33,55,28,1,31,19,0,59,78,2023-06-08_Bulgaria_Slovenia,1,1.1,-0.15517241379310345,0.48484848484848486,-0.3125,0.8709677419354839,-0.15517241379310345,0.48484848484848486
2023,2023-06-08,Serbia,China,3,0,34,25,25,0,0,32,16,20,0,0,58,41,9,8,-,41,15,29,85,9,10,8,27,8,6,69,83,21,1,36,58,32,4,42,20,1,64,85,2023-06-08_China_Serbia,1,0.896551724137931,0.028985507246376812,0.5555555555555556,-0.125,0.6666666666666666,0.028985507246376812,0.5555555555555556
2023,2023-06-08,China,Serbia,0,3,32,16,20,0,0,34,25,25,0,0,52,45,6,1,-,45,18,28,91,6,9,14,29,1,11,57,69,16,8,51,75,30,0,34,12,3,78,93,2023-06-08_China_Serbia,0,0.9642857142857143,-0.17543859649122806,0.1568627450980392,-0.21428571428571427,0.8823529411764706,-0.17543859649122806,0.1568627450980392
2023,2023-06-08,Netherlands,Cuba,3,0,28,25,25,0,0,26,23,18,0,0,49,42,6,1,-,42,8,31,81,6,19,14,39,1,18,58,77,12,3,37,52,27,10,43,17,1,60,78,2023-06-08_Cuba_Netherlands,1,1.096774193548387,-0.29310344827586204,0.24324324324324326,-0.9285714285714286,0.3953488372093023,-0.29310344827586204,0.24324324324324326
2023,2023-06-08,Cuba,Netherlands,0,3,26,23,18,0,0,28,25,25,0,0,42,34,5,3,-,34,17,30,81,5,16,17,38,3,17,49,69,8,1,50,59,24,18,46,10,1,70,81,2023-06-08_Cuba_Netherlands,0,0.5666666666666667,-0.2857142857142857,0.14,-0.6470588235294118,0.13043478260869565,-0.2857142857142857,0.14
2023,2023-06-08,Poland,Iran,3,2,23,23,25,25,15,25,25,21,15,13,83,66,11,6,-,66,19,32,117,11,20,23,54,6,16,89,111,26,3,50,79,43,1,55,20,2,92,114,2023-06-08_Iran_Poland,1,1.46875,-0.11235955056179775,0.46,-0.391304347826087,0.7636363636363637,-0.11235955056179775,0.46
2023,2023-06-08,Iran,Poland,2,3,25,25,21,15,13,23,23,25,25,15,72,59,10,3,-,59,17,47,123,10,13,16,39,3,20,76,99,25,6,64,95,35,0,42,19,2,96,117,2023-06-08_Iran_Poland,0,0.8936170212765957,-0.2236842105263158,0.296875,-0.1875,0.8333333333333334,-0.2236842105263158,0.296875
2023,2023-06-08,Italy,United States,0,3,15,18,19,0,0,25,25,25,0,0,35,30,1,4,-,30,13,37,80,1,12,14,27,4,13,37,54,7,10,45,62,30,7,41,15,2,65,82,2023-06-08_Italy_United States,0,0.4594594594594595,-0.24324324324324326,-0.06666666666666667,-0.7857142857142857,0.5609756097560976,-0.24324324324324326,-0.06666666666666667
2023,2023-06-08,United States,Italy,3,0,25,25,25,0,0,15,18,19,0,0,52,35,7,10,-,35,2,28,65,7,15,16,38,10,11,53,74,8,4,28,40,31,7,44,16,2,45,63,2023-06-08_Italy_United States,1,1.1785714285714286,-0.018867924528301886,0.14285714285714285,-0.5,0.5454545454545454,-0.018867924528301886,0.14285714285714285
2023,2023-06-09,Canada,Argentina,1,3,21,25,21,16,0,25,21,25,25,0,60,53,4,3,-,53,26,46,125,4,16,25,45,3,11,70,84,26,3,51,80,52,18,76,17,1,111,129,2023-06-09_Argentina_Canada,0,0.5869565217391305,-0.11428571428571428,0.45098039215686275,-0.48,0.4473684210526316,-0.11428571428571428,0.45098039215686275
2023,2023-06-09,Argentina,Canada,3,1,25,21,25,25,0,21,25,21,16,0,68,55,10,3,-,55,10,57,122,10,17,16,43,3,15,77,95,26,3,44,73,16,1,105,16,1,105,122,2023-06-09_Argentina_Canada,1,0.7894736842105263,-0.15584415584415584,0.5227272727272727,-0.4375,0.14285714285714285,-0.15584415584415584,0.5227272727272727
2023,2023-06-09,Poland,Bulgaria,3,2,25,25,22,25,15,27,19,25,22,11,73,57,7,9,-,57,18,41,116,7,14,25,46,9,23,80,112,21,3,49,73,46,3,57,11,0,101,112,2023-06-09_Bulgaria_Poland,1,0.9512195121951219,-0.175,0.3673469387755102,-0.28,0.7543859649122807,-0.175,0.3673469387755102
2023,2023-06-09,Bulgaria,Poland,2,3,27,19,25,22,11,25,25,22,25,15,69,60,6,3,-,60,15,51,126,6,14,17,37,3,30,71,104,24,9,56,89,50,0,53,25,1,96,122,2023-06-09_Bulgaria_Poland,0,0.8823529411764706,-0.38028169014084506,0.26785714285714285,-0.47058823529411764,0.9433962264150944,-0.38028169014084506,0.26785714285714285
2023,2023-06-09,China,France,1,3,20,25,16,17,0,25,23,25,25,0,49,42,6,1,-,42,15,40,97,6,17,18,41,1,14,64,79,16,9,52,77,35,5,49,10,2,85,97,2023-06-09_China_France,0,0.675,-0.203125,0.1346153846153846,-0.6111111111111112,0.6122448979591837,-0.203125,0.1346153846153846
2023,2023-06-09,France,China,3,1,25,23,25,25,0,20,25,16,17,0,71,57,5,9,-,57,15,42,114,5,11,16,32,9,19,69,97,27,1,37,65,49,5,64,23,0,87,110,2023-06-09_China_France,1,1.0,-0.14492753623188406,0.7027027027027027,-0.375,0.6875,-0.14492753623188406,0.7027027027027027
2023,2023-06-09,Italy,Cuba,3,1,25,25,20,25,0,20,19,25,18,0,65,52,8,5,-,52,15,27,94,8,16,17,41,5,22,67,94,11,3,49,63,32,11,46,24,0,68,92,2023-06-09_Cuba_Italy,1,1.3703703703703705,-0.2537313432835821,0.16326530612244897,-0.47058823529411764,0.45652173913043476,-0.2537313432835821,0.16326530612244897
2023,2023-06-09,Cuba,Italy,1,3,20,19,25,18,0,25,25,20,25,0,53,41,9,3,-,41,17,36,94,9,25,12,46,3,20,60,83,8,5,59,72,23,9,35,14,1,80,95,2023-06-09_Cuba_Italy,0,0.6666666666666666,-0.2833333333333333,0.05084745762711865,-1.3333333333333333,0.4,-0.2833333333333333,0.05084745762711865
2023,2023-06-09,Netherlands,Germany,3,0,25,33,25,0,0,20,31,21,0,0,56,36,12,8,-,36,16,23,75,12,16,15,43,8,15,59,82,8,0,47,55,23,15,42,9,1,65,75,2023-06-09_Germany_Netherlands,1,0.8695652173913043,-0.11864406779661017,0.1702127659574468,-0.26666666666666666,0.19047619047619047,-0.11864406779661017,0.1702127659574468
2023,2023-06-09,Germany,Netherlands,0,3,20,31,21,0,0,25,33,25,0,0,47,39,8,0,-,39,20,30,89,8,18,16,42,0,18,55,73,8,8,51,67,29,15,47,12,1,75,88,2023-06-09_Germany_Netherlands,0,0.6333333333333333,-0.32727272727272727,0.0,-0.625,0.2978723404255319,-0.32727272727272727,0.0
2023,2023-06-09,Japan,Serbia,3,1,22,25,25,25,0,25,21,23,20,0,71,62,3,6,-,62,16,18,96,3,21,15,39,6,18,72,96,24,2,42,68,37,4,46,19,1,77,97,2023-06-09_Japan_Serbia,1,2.5555555555555554,-0.16666666666666666,0.5238095238095238,-1.2,0.717391304347826,-0.16666666666666666,0.5238095238095238
2023,2023-06-09,Serbia,Japan,1,3,25,21,23,20,0,22,25,25,25,0,61,51,8,2,-,51,6,42,99,8,15,7,30,2,22,66,90,16,6,56,78,28,3,33,17,1,80,98,2023-06-09_Japan_Serbia,0,1.0714285714285714,-0.30303030303030304,0.17857142857142858,-1.0,0.7575757575757576,-0.30303030303030304,0.17857142857142858
2023,2023-06-10,Brazil,Cuba,2,3,16,25,29,22,18,25,22,27,25,20,77,67,8,2,-,67,22,40,129,8,23,17,48,2,20,88,110,21,5,65,91,31,30,70,47,2,80,129,2023-06-10_Brazil_Cuba,0,1.125,-0.20454545454545456,0.24615384615384617,-0.8823529411764706,0.014285714285714285,-0.20454545454545456,0.24615384615384617
2023,2023-06-10,Cuba,Brazil,3,2,25,22,27,25,20,16,25,29,22,18,89,70,14,5,-,70,14,39,123,14,25,23,62,5,27,87,119,12,2,76,90,27,19,53,24,0,94,118,2023-06-10_Brazil_Cuba,1,1.435897435897436,-0.25287356321839083,0.13157894736842105,-0.4782608695652174,0.1509433962264151,-0.25287356321839083,0.13157894736842105
2023,2023-06-10,Japan,Bulgaria,3,0,25,25,26,0,0,22,21,24,0,0,56,48,5,3,-,48,10,23,81,5,14,17,36,3,18,55,76,21,5,29,55,31,1,41,22,0,57,79,2023-06-10_Bulgaria_Japan,1,1.6521739130434783,-0.2727272727272727,0.5517241379310345,-0.5294117647058824,0.7317073170731707,-0.2727272727272727,0.5517241379310345
2023,2023-06-10,Bulgaria,Japan,0,3,22,21,24,0,0,25,25,26,0,0,45,34,6,5,-,34,11,35,80,6,14,13,33,5,13,50,68,15,3,40,58,27,2,34,15,1,62,78,2023-06-10_Bulgaria_Japan,0,0.6571428571428571,-0.16,0.3,-0.6153846153846154,0.7352941176470589,-0.16,0.3
2023,2023-06-10,Canada,United States,0,3,22,20,20,0,0,25,25,25,0,0,43,36,6,1,-,36,14,28,78,6,17,15,38,1,8,54,63,15,5,41,61,26,28,58,15,2,61,78,2023-06-10_Canada_United States,0,0.7857142857142857,-0.12962962962962962,0.24390243902439024,-0.7333333333333333,-0.034482758620689655,-0.12962962962962962,0.24390243902439024
2023,2023-06-10,United States,Canada,3,0,25,25,25,0,0,22,20,20,0,0,57,46,6,5,-,46,11,25,82,6,19,14,39,5,13,56,74,11,1,43,55,34,12,49,17,1,68,86,2023-06-10_Canada_United States,1,1.4,-0.14285714285714285,0.23255813953488372,-0.9285714285714286,0.4489795918367347,-0.14285714285714285,0.23255813953488372
2023,2023-06-10,Iran,China,3,1,23,25,25,25,0,25,15,20,14,0,80,61,10,9,-,61,14,25,100,10,18,14,42,9,11,77,97,15,5,43,63,41,0,45,13,1,78,92,2023-06-10_China_Iran,1,1.88,-0.025974025974025976,0.23255813953488372,-0.5714285714285714,0.9111111111111111,-0.025974025974025976,0.23255813953488372
2023,2023-06-10,China,Iran,1,3,25,15,20,14,0,23,25,25,25,0,58,41,12,5,-,41,14,32,87,12,23,12,47,5,12,58,75,22,9,55,86,19,2,29,10,0,75,85,2023-06-10_China_Iran,0,0.84375,-0.1206896551724138,0.23636363636363636,-0.9166666666666666,0.5862068965517241,-0.1206896551724138,0.23636363636363636
2023,2023-06-10,France,Slovenia,1,3,23,18,25,22,0,25,25,21,25,0,56,46,7,3,-,46,21,42,109,7,17,18,42,3,23,63,89,17,3,51,71,41,2,55,13,1,94,108,2023-06-10_France_Slovenia,0,0.5952380952380952,-0.31746031746031744,0.27450980392156865,-0.5555555555555556,0.7090909090909091,-0.31746031746031744,0.27450980392156865
2023,2023-06-10,Slovenia,France,3,1,25,25,21,25,0,23,18,25,22,0,61,46,12,3,-,46,14,47,107,12,9,19,40,3,24,68,95,19,3,44,66,42,0,48,12,0,93,105,2023-06-10_France_Slovenia,1,0.6808510638297872,-0.3088235294117647,0.36363636363636365,0.15789473684210525,0.875,-0.3088235294117647,0.36363636363636365
2023,2023-06-10,Germany,Italy,1,3,23,18,27,19,0,25,25,25,25,0,60,45,10,5,-,45,18,31,94,10,19,22,51,5,18,65,88,12,7,59,78,32,30,63,16,2,77,95,2023-06-10_Germany_Italy,0,0.8709677419354839,-0.2,0.0847457627118644,-0.4090909090909091,0.031746031746031744,-0.2,0.0847457627118644
2023,2023-06-10,Italy,Germany,3,1,25,25,25,25,0,23,18,27,19,0,69,54,8,7,-,54,14,38,106,8,18,13,39,7,21,71,99,10,5,55,70,41,22,66,24,2,83,109,2023-06-10_Germany_Italy,1,1.0526315789473684,-0.19718309859154928,0.09090909090909091,-0.7692307692307693,0.2878787878787879,-0.19718309859154928,0.09090909090909091
2023,2023-06-11,Argentina,Netherlands,3,2,34,25,25,20,15,36,20,17,25,10,86,63,15,8,-,63,19,48,130,15,23,18,56,8,19,92,119,12,7,69,88,51,23,85,25,3,104,132,2023-06-11_Argentina_Netherlands,1,0.9166666666666666,-0.11956521739130435,0.07246376811594203,-0.4444444444444444,0.32941176470588235,-0.11956521739130435,0.07246376811594203
2023,2023-06-11,Netherlands,Argentina,2,3,36,20,17,25,10,34,25,25,20,15,76,60,9,7,-,60,24,46,130,9,22,19,50,7,21,81,109,30,8,62,100,38,31,78,24,1,104,129,2023-06-11_Argentina_Netherlands,0,0.782608695652174,-0.1728395061728395,0.3548387096774194,-0.6842105263157895,0.08974358974358974,-0.1728395061728395,0.3548387096774194
2023,2023-06-11,United States,Brazil,1,3,19,25,15,21,0,25,21,25,25,0,60,51,5,4,-,51,21,36,108,5,22,18,45,4,19,58,81,13,5,62,80,29,11,45,25,1,83,109,2023-06-11_Brazil_United States,0,0.8333333333333334,-0.25862068965517243,0.12903225806451613,-0.9444444444444444,0.4,-0.25862068965517243,0.12903225806451613
2023,2023-06-11,Brazil,United States,3,1,25,21,25,25,0,19,25,15,21,0,64,50,9,5,-,50,11,35,96,9,23,16,48,5,14,76,95,10,4,48,62,30,9,43,22,0,72,94,2023-06-11_Brazil_United States,1,1.1142857142857143,-0.11842105263157894,0.125,-0.875,0.4883720930232558,-0.11842105263157894,0.125
2023,2023-06-11,Canada,Germany,1,3,25,17,21,21,0,20,25,25,25,0,57,47,9,1,-,47,16,41,104,9,19,8,36,1,12,72,85,18,4,57,79,35,17,62,20,0,84,104,2023-06-11_Canada_Germany,0,0.7560975609756098,-0.1527777777777778,0.24561403508771928,-1.25,0.2903225806451613,-0.1527777777777778,0.24561403508771928
2023,2023-06-11,Germany,Canada,3,1,20,25,25,25,0,25,17,21,21,0,78,63,11,4,-,63,18,40,121,11,9,4,24,4,15,75,94,25,1,47,73,47,7,61,16,1,101,118,2023-06-11_Canada_Germany,1,1.125,-0.14666666666666667,0.5106382978723404,0.5,0.6557377049180327,-0.14666666666666667,0.5106382978723404
2023,2023-06-11,Japan,France,3,1,25,25,25,25,0,27,22,21,20,0,68,55,6,7,-,55,14,33,102,6,18,13,37,7,16,76,99,25,3,40,68,39,3,47,12,1,86,99,2023-06-11_France_Japan,1,1.2424242424242424,-0.11842105263157894,0.55,-0.9230769230769231,0.7659574468085106,-0.11842105263157894,0.55
2023,2023-06-11,France,Japan,1,3,27,22,21,20,0,25,25,25,25,0,64,55,6,3,-,55,13,29,97,6,12,18,36,3,23,65,91,25,7,51,83,28,5,39,17,1,78,96,2023-06-11_France_Japan,0,1.4482758620689655,-0.3076923076923077,0.35294117647058826,-0.3333333333333333,0.5897435897435898,-0.3076923076923077,0.35294117647058826
2023,2023-06-11,Slovenia,Iran,3,0,25,25,25,0,0,19,23,23,0,0,58,40,8,10,-,40,9,39,88,8,18,13,39,10,16,47,73,15,1,41,57,40,2,45,14,1,78,93,2023-06-11_Iran_Slovenia,1,0.7948717948717948,-0.1276595744680851,0.34146341463414637,-0.7692307692307693,0.8444444444444444,-0.1276595744680851,0.34146341463414637
2023,2023-06-11,Iran,Slovenia,0,3,19,23,23,0,0,25,25,25,0,0,43,37,5,1,-,37,13,31,81,5,13,16,34,1,10,56,67,17,10,30,57,37,3,46,14,1,69,84,2023-06-11_Iran_Slovenia,0,0.7741935483870968,-0.16071428571428573,0.23333333333333334,-0.5,0.7391304347826086,-0.16071428571428573,0.23333333333333334
2023,2023-06-11,Serbia,Poland,3,0,25,25,25,0,0,21,19,14,0,0,58,43,9,6,-,43,6,26,75,9,13,11,33,6,9,58,73,12,3,31,46,32,0,37,7,0,67,74,2023-06-11_Poland_Serbia,1,1.4230769230769231,-0.05172413793103448,0.2903225806451613,-0.36363636363636365,0.8648648648648649,-0.05172413793103448,0.2903225806451613
2023,2023-06-11,Poland,Serbia,0,3,21,19,14,0,0,25,25,25,0,0,43,36,4,3,-,36,16,28,80,4,13,20,37,3,10,43,56,21,6,37,64,23,1,26,18,0,64,82,2023-06-11_Poland_Serbia,0,0.7142857142857143,-0.16279069767441862,0.40540540540540543,-0.45,0.8461538461538461,-0.16279069767441862,0.40540540540540543
2023,2023-06-20,Argentina,Slovenia,1,3,25,21,21,21,0,21,25,25,25,0,59,54,3,2,-,54,17,39,110,3,13,15,31,2,22,65,89,32,5,39,76,43,12,59,34,2,74,110,2023-06-20_Argentina_Slovenia,0,0.9487179487179487,-0.3076923076923077,0.6923076923076923,-0.6666666666666666,0.5254237288135594,-0.3076923076923077,0.6923076923076923
2023,2023-06-20,Slovenia,Argentina,3,1,21,25,25,25,0,25,21,21,21,0,63,49,9,5,-,49,12,37,98,9,10,15,34,5,19,71,95,30,2,35,67,32,12,52,22,0,77,99,2023-06-20_Argentina_Slovenia,1,1.0,-0.19718309859154928,0.8,-0.06666666666666667,0.38461538461538464,-0.19718309859154928,0.8
2023,2023-06-20,Brazil,Bulgaria,3,0,25,25,25,0,0,22,17,15,0,0,52,39,7,6,-,39,7,20,66,7,14,17,38,6,14,54,74,11,1,28,40,22,11,37,17,0,46,63,2023-06-20_Brazil_Bulgaria,1,1.6,-0.14814814814814814,0.35714285714285715,-0.4117647058823529,0.2972972972972973,-0.14814814814814814,0.35714285714285715
2023,2023-06-20,Bulgaria,Brazil,0,3,22,17,15,0,0,25,25,25,0,0,34,30,3,1,-,30,14,35,79,3,17,9,29,1,15,39,55,7,6,47,60,16,14,34,16,1,64,81,2023-06-20_Brazil_Bulgaria,0,0.45714285714285713,-0.358974358974359,0.02127659574468085,-1.5555555555555556,0.058823529411764705,-0.358974358974359,0.02127659574468085
2023,2023-06-20,Japan,Canada,3,1,25,25,24,25,0,22,17,26,14,0,77,61,8,8,-,61,13,32,106,8,23,17,48,8,11,80,99,12,8,49,69,46,15,66,20,0,86,106,2023-06-20_Canada_Japan,1,1.5,-0.0375,0.08163265306122448,-0.8823529411764706,0.4696969696969697,-0.0375,0.08163265306122448
2023,2023-06-20,Canada,Japan,1,3,22,17,26,14,0,25,25,24,25,0,63,48,7,8,-,48,17,45,110,7,25,13,45,8,12,61,81,17,8,63,88,31,26,64,29,1,80,110,2023-06-20_Canada_Japan,0,0.6888888888888889,-0.06557377049180328,0.14285714285714285,-1.3846153846153846,0.078125,-0.06557377049180328,0.14285714285714285
2023,2023-06-20,Netherlands,China,3,0,25,25,25,0,0,19,22,21,0,0,50,35,13,2,-,35,12,27,74,13,12,15,40,2,9,62,73,8,6,39,53,26,5,35,13,1,60,74,2023-06-20_China_Netherlands,1,0.8518518518518519,-0.11290322580645161,0.05128205128205128,0.06666666666666667,0.6,-0.11290322580645161,0.05128205128205128
2023,2023-06-20,China,Netherlands,0,3,19,22,21,0,0,25,25,25,0,0,48,34,8,6,-,34,27,28,89,8,9,13,30,6,11,47,64,13,2,49,64,23,10,36,21,0,67,88,2023-06-20_China_Netherlands,0,0.25,-0.10638297872340426,0.22448979591836735,-0.07692307692307693,0.3611111111111111,-0.10638297872340426,0.22448979591836735
2023,2023-06-20,Iran,Germany,3,0,25,26,25,0,0,23,24,16,0,0,54,36,12,6,-,36,8,22,66,12,14,13,39,6,12,57,75,5,2,40,47,19,16,40,11,0,54,65,2023-06-20_Germany_Iran,1,1.2727272727272727,-0.10526315789473684,0.075,-0.15384615384615385,0.075,-0.10526315789473684,0.075
2023,2023-06-20,Germany,Iran,0,3,23,24,16,0,0,25,26,25,0,0,45,40,3,2,-,40,16,25,81,3,21,10,34,2,17,45,64,11,6,46,63,23,10,35,18,1,63,82,2023-06-20_Germany_Iran,0,0.96,-0.3333333333333333,0.10869565217391304,-1.8,0.37142857142857144,-0.3333333333333333,0.10869565217391304
2023,2023-06-20,United States,Serbia,3,1,22,25,25,25,0,25,19,19,21,0,67,50,11,6,-,50,13,41,104,11,18,25,54,6,17,73,96,14,6,45,65,41,21,65,35,1,67,103,2023-06-20_Serbia_United States,1,0.9024390243902439,-0.1506849315068493,0.17777777777777778,-0.28,0.3076923076923077,-0.1506849315068493,0.17777777777777778
2023,2023-06-20,Serbia,United States,1,3,25,19,19,21,0,22,25,25,25,0,55,45,4,6,-,45,20,52,117,4,13,17,34,6,20,59,85,10,6,63,79,37,27,67,28,1,90,119,2023-06-20_Serbia_United States,0,0.4807692307692308,-0.23728813559322035,0.06349206349206349,-0.5294117647058824,0.14925373134328357,-0.23728813559322035,0.06349206349206349
2023,2023-06-21,Argentina,France,3,1,22,26,25,25,0,25,24,21,20,0,62,51,7,4,-,51,13,43,107,7,29,12,48,4,18,75,97,21,2,47,70,38,10,50,39,1,66,106,2023-06-21_Argentina_France,1,0.8837209302325582,-0.18666666666666668,0.40425531914893614,-1.8333333333333333,0.56,-0.18666666666666668,0.40425531914893614
2023,2023-06-21,France,Argentina,1,3,25,24,21,20,0,22,26,25,25,0,62,53,7,2,-,53,19,38,110,7,15,14,36,2,21,68,91,32,4,43,79,40,13,56,21,2,87,110,2023-06-21_Argentina_France,0,0.8947368421052632,-0.27941176470588236,0.6511627906976745,-0.5714285714285714,0.48214285714285715,-0.27941176470588236,0.6511627906976745
2023,2023-06-21,Slovenia,Canada,3,0,25,25,25,0,0,23,22,14,0,0,61,48,6,7,-,48,6,30,84,6,16,23,45,7,10,57,74,19,2,32,53,28,12,51,21,0,55,76,2023-06-21_Canada_Slovenia,1,1.4,-0.05263157894736842,0.53125,-0.43478260869565216,0.3137254901960784,-0.05263157894736842,0.53125
2023,2023-06-21,Canada,Slovenia,0,3,23,22,14,0,0,25,25,25,0,0,47,41,4,2,-,41,13,36,90,4,16,15,35,2,7,51,60,13,7,44,64,34,14,54,21,0,69,90,2023-06-21_Canada_Slovenia,0,0.7777777777777778,-0.09803921568627451,0.13636363636363635,-0.8,0.37037037037037035,-0.09803921568627451,0.13636363636363635
2023,2023-06-21,United States,China,3,0,28,25,25,0,0,26,22,18,0,0,61,51,4,6,-,51,3,22,76,4,20,13,37,6,16,55,77,10,5,42,57,19,13,34,30,1,45,76,2023-06-21_China_United States,1,2.1818181818181817,-0.18181818181818182,0.11904761904761904,-1.2307692307692308,0.17647058823529413,-0.18181818181818182,0.11904761904761904
2023,2023-06-21,China,United States,0,3,26,22,18,0,0,28,25,25,0,0,45,40,0,5,-,40,11,27,78,0,11,13,24,5,10,52,67,8,6,47,61,20,24,44,19,0,56,75,2023-06-21_China_United States,0,1.0740740740740742,-0.09615384615384616,0.0425531914893617,-0.8461538461538461,-0.09090909090909091,-0.09615384615384616,0.0425531914893617
2023,2023-06-21,Japan,Cuba,3,0,25,25,25,0,0,21,16,21,0,0,45,42,3,0,-,42,12,15,69,3,13,7,23,0,12,61,73,10,3,27,40,22,13,36,29,0,37,66,2023-06-21_Cuba_Japan,1,2.0,-0.19672131147540983,0.25925925925925924,-1.4285714285714286,0.25,-0.19672131147540983,0.25925925925925924
2023,2023-06-21,Cuba,Japan,0,3,21,16,21,0,0,25,25,25,0,0,41,30,8,3,-,30,12,18,60,8,13,9,30,3,21,37,61,16,0,45,61,7,16,24,18,0,47,65,2023-06-21_Cuba_Japan,0,1.0,-0.4864864864864865,0.35555555555555557,-0.5555555555555556,-0.375,-0.4864864864864865,0.35555555555555557
2023,2023-06-21,Germany,Poland,2,3,21,25,14,25,10,25,22,25,17,15,63,49,12,2,-,49,22,35,106,12,27,17,56,2,16,78,96,9,6,67,82,33,10,53,19,1,87,107,2023-06-21_Germany_Poland,0,0.7714285714285715,-0.1794871794871795,0.04477611940298507,-0.8823529411764706,0.4339622641509434,-0.1794871794871795,0.04477611940298507
2023,2023-06-21,Poland,Germany,3,2,25,22,25,17,15,21,25,14,25,10,80,59,15,6,-,59,23,43,125,15,21,18,54,6,21,76,103,11,2,67,80,44,12,58,24,0,99,123,2023-06-21_Germany_Poland,1,0.8372093023255814,-0.19736842105263158,0.13432835820895522,-0.3333333333333333,0.5517241379310345,-0.19736842105263158,0.13432835820895522
2023,2023-06-21,Iran,Italy,0,3,19,16,24,0,0,25,25,26,0,0,39,36,2,1,-,36,20,28,84,2,12,14,28,1,8,52,61,12,7,41,60,33,13,55,19,0,63,82,2023-06-21_Iran_Italy,0,0.5714285714285714,-0.1346153846153846,0.12195121951219512,-0.7142857142857143,0.36363636363636365,-0.1346153846153846,0.12195121951219512
2023,2023-06-21,Italy,Iran,3,0,25,25,26,0,0,19,16,24,0,0,60,41,12,7,-,41,7,38,86,12,16,10,38,7,14,53,74,18,1,34,53,33,9,48,20,0,62,82,2023-06-21_Iran_Italy,1,0.8947368421052632,-0.1320754716981132,0.5,-0.4,0.5,-0.1320754716981132,0.5
2023,2023-06-22,Japan,Brazil,3,2,25,25,18,22,18,23,21,25,25,16,84,73,4,7,-,73,16,45,134,4,28,13,45,7,23,78,108,35,2,57,94,37,26,72,23,0,110,133,2023-06-22_Brazil_Japan,1,1.2666666666666666,-0.20512820512820512,0.5789473684210527,-1.8461538461538463,0.1527777777777778,-0.20512820512820512,0.5789473684210527
2023,2023-06-22,Brazil,Japan,2,3,23,21,25,25,16,25,25,18,22,18,80,67,11,2,-,67,8,46,121,11,31,26,68,2,18,92,112,21,7,57,85,36,21,60,32,1,84,117,2023-06-22_Brazil_Japan,0,1.2826086956521738,-0.17391304347826086,0.24561403508771928,-0.7692307692307693,0.25,-0.17391304347826086,0.24561403508771928
2023,2023-06-22,Canada,Bulgaria,3,1,22,25,25,25,0,25,23,22,20,0,68,52,7,9,-,52,18,32,102,7,13,20,40,9,16,71,96,13,4,54,71,35,15,55,24,1,78,103,2023-06-22_Bulgaria_Canada,1,1.0625,-0.09859154929577464,0.16666666666666666,-0.3,0.36363636363636365,-0.09859154929577464,0.16666666666666666
2023,2023-06-22,Bulgaria,Canada,1,3,25,23,22,20,0,22,25,25,25,0,66,51,11,4,-,51,15,38,104,11,23,14,48,4,20,67,91,12,9,59,80,32,12,48,25,0,78,103,2023-06-22_Bulgaria_Canada,0,0.9473684210526315,-0.23880597014925373,0.05084745762711865,-0.8571428571428571,0.4166666666666667,-0.23880597014925373,0.05084745762711865
2023,2023-06-22,China,Italy,0,3,13,19,24,0,0,25,25,26,0,0,39,35,3,1,-,35,20,21,76,3,13,13,29,1,13,43,57,12,4,48,64,15,14,30,15,1,62,78,2023-06-22_China_Italy,0,0.7142857142857143,-0.27906976744186046,0.16666666666666666,-0.7692307692307693,0.03333333333333333,-0.27906976744186046,0.16666666666666666
2023,2023-06-22,Italy,China,3,0,25,25,26,0,0,13,19,24,0,0,52,36,12,4,-,36,8,24,68,12,17,10,39,4,11,60,75,10,1,33,44,16,7,25,18,0,47,65,2023-06-22_China_Italy,1,1.1666666666666667,-0.11666666666666667,0.2727272727272727,-0.5,0.36,-0.11666666666666667,0.2727272727272727
2023,2023-06-22,Slovenia,Cuba,3,1,22,25,25,25,0,25,15,16,19,0,65,50,10,5,-,50,5,29,84,10,13,14,37,5,21,71,97,12,4,41,57,21,19,45,16,0,69,85,2023-06-22_Cuba_Slovenia,1,1.5517241379310345,-0.22535211267605634,0.1951219512195122,-0.21428571428571427,0.044444444444444446,-0.22535211267605634,0.1951219512195122
2023,2023-06-22,Cuba,Slovenia,1,3,25,15,16,19,0,22,25,25,25,0,51,45,2,4,-,45,20,25,90,2,25,16,43,4,19,53,76,14,5,57,76,20,17,39,19,0,69,88,2023-06-22_Cuba_Slovenia,0,1.0,-0.2830188679245283,0.15789473684210525,-1.4375,0.07692307692307693,-0.2830188679245283,0.15789473684210525
2023,2023-06-22,Serbia,Germany,3,1,25,20,25,25,0,21,25,23,23,0,67,51,12,4,-,51,12,39,102,12,19,24,55,4,13,77,94,11,10,52,73,33,20,60,18,1,84,103,2023-06-22_Germany_Serbia,1,1.0,-0.11688311688311688,0.019230769230769232,-0.2916666666666667,0.21666666666666667,-0.11688311688311688,0.019230769230769232
2023,2023-06-22,Germany,Serbia,1,3,21,25,23,23,0,25,20,25,25,0,71,55,6,10,-,55,19,44,118,6,23,17,46,10,20,63,93,17,4,60,81,33,21,62,33,0,83,116,2023-06-22_Germany_Serbia,0,0.8181818181818182,-0.15873015873015872,0.21666666666666667,-1.0,0.1935483870967742,-0.15873015873015872,0.21666666666666667
2023,2023-06-22,Netherlands,Poland,2,3,25,18,25,22,11,22,25,18,25,15,69,55,7,7,-,55,13,26,94,7,25,10,42,7,27,68,102,17,5,58,80,20,13,34,17,3,78,98,2023-06-22_Netherlands_Poland,0,1.6153846153846154,-0.29411764705882354,0.20689655172413793,-1.8,0.20588235294117646,-0.29411764705882354,0.20689655172413793
2023,2023-06-22,Poland,Netherlands,3,2,22,25,18,25,15,25,18,25,22,11,70,57,8,5,-,57,14,19,90,8,23,13,44,5,24,75,104,16,7,52,75,23,18,43,16,1,73,90,2023-06-22_Netherlands_Poland,1,2.263157894736842,-0.25333333333333335,0.17307692307692307,-1.1538461538461537,0.11627906976744186,-0.25333333333333335,0.17307692307692307
2023,2023-06-23,Argentina,Bulgaria,3,0,25,25,25,0,0,18,21,22,0,0,56,42,7,7,-,42,10,26,78,7,17,20,44,7,8,59,74,8,2,37,47,35,15,57,24,3,51,78,2023-06-23_Argentina_Bulgaria,1,1.2307692307692308,-0.01694915254237288,0.16216216216216217,-0.5,0.3508771929824561,-0.01694915254237288,0.16216216216216217
2023,2023-06-23,Bulgaria,Argentina,0,3,18,21,22,0,0,25,25,25,0,0,42,36,4,2,-,36,10,46,92,4,12,13,29,2,15,45,62,10,7,49,66,25,17,46,17,1,71,89,2023-06-23_Argentina_Bulgaria,0,0.5652173913043478,-0.28888888888888886,0.061224489795918366,-0.6153846153846154,0.17391304347826086,-0.28888888888888886,0.061224489795918366
2023,2023-06-23,France,Cuba,3,0,25,25,25,0,0,18,20,20,0,0,41,32,5,4,-,32,8,34,74,5,12,15,32,4,14,55,73,6,4,30,40,30,12,46,13,0,61,74,2023-06-23_Cuba_France,1,0.7058823529411765,-0.18181818181818182,0.06666666666666667,-0.4666666666666667,0.391304347826087,-0.18181818181818182,0.06666666666666667
2023,2023-06-23,Cuba,France,0,3,18,20,20,0,0,25,25,25,0,0,44,32,8,4,-,32,17,33,82,8,20,19,47,4,20,36,60,11,4,44,59,23,10,37,15,1,65,81,2023-06-23_Cuba_France,0,0.45454545454545453,-0.4444444444444444,0.1590909090909091,-0.631578947368421,0.35135135135135137,-0.4444444444444444,0.1590909090909091
2023,2023-06-23,Iran,United States,0,3,22,18,23,0,0,25,25,25,0,0,46,39,5,2,-,39,14,22,75,5,9,11,25,2,13,49,64,8,13,40,61,26,9,37,20,0,54,74,2023-06-23_Iran_United States,0,1.1363636363636365,-0.22448979591836735,-0.125,-0.36363636363636365,0.4594594594594595,-0.22448979591836735,-0.125
2023,2023-06-23,United States,Iran,3,0,25,25,25,0,0,22,18,23,0,0,53,33,7,13,-,33,8,30,71,7,9,6,22,13,13,48,74,15,2,34,51,19,17,38,23,0,45,68,2023-06-23_Iran_United States,1,0.8333333333333334,0.0,0.38235294117647056,-0.3333333333333333,0.05263157894736842,0.0,0.38235294117647056
2023,2023-06-23,Serbia,Italy,0,3,11,21,20,0,0,25,25,25,0,0,47,40,6,1,-,40,21,30,91,6,11,13,30,1,11,42,54,8,5,59,72,21,13,37,14,1,77,92,2023-06-23_Italy_Serbia,0,0.6333333333333333,-0.23809523809523808,0.05084745762711865,-0.38461538461538464,0.21621621621621623,-0.23809523809523808,0.05084745762711865
2023,2023-06-23,Italy,Serbia,3,0,25,25,25,0,0,11,21,20,0,0,55,37,13,5,-,37,10,21,68,13,21,16,50,5,1,67,73,9,1,33,43,24,9,35,22,0,44,66,2023-06-23_Italy_Serbia,1,1.2857142857142858,0.05970149253731343,0.24242424242424243,-0.5,0.42857142857142855,0.05970149253731343,0.24242424242424243
2023,2023-06-24,Japan,Argentina,3,2,25,25,31,22,15,18,22,33,25,12,95,87,5,3,-,87,14,27,128,5,26,19,50,3,21,94,118,28,4,58,90,37,22,66,21,1,103,125,2023-06-24_Argentina_Japan,1,2.7037037037037037,-0.19148936170212766,0.41379310344827586,-1.105263157894737,0.22727272727272727,-0.19148936170212766,0.41379310344827586
2023,2023-06-24,Argentina,Japan,2,3,18,22,33,25,12,25,25,31,22,15,78,67,7,4,-,67,7,41,115,7,32,15,54,4,20,86,110,28,3,66,97,20,28,56,32,1,84,117,2023-06-24_Argentina_Japan,0,1.4634146341463414,-0.18604651162790697,0.3787878787878788,-1.6666666666666667,-0.14285714285714285,-0.18604651162790697,0.3787878787878788
2023,2023-06-24,Brazil,Slovenia,3,1,23,25,26,25,0,25,21,24,21,0,76,66,6,4,-,66,11,46,123,6,28,15,49,4,23,71,98,13,1,62,76,38,18,59,32,0,91,123,2023-06-24_Brazil_Slovenia,1,1.1956521739130435,-0.2676056338028169,0.1935483870967742,-1.4666666666666666,0.3389830508474576,-0.2676056338028169,0.1935483870967742
2023,2023-06-24,Slovenia,Brazil,1,3,25,21,24,21,0,23,25,26,25,0,59,55,3,1,-,55,12,40,107,3,24,24,51,1,16,75,92,13,4,58,75,38,26,66,26,1,82,109,2023-06-24_Brazil_Slovenia,0,1.075,-0.2,0.15517241379310345,-0.875,0.18181818181818182,-0.2,0.15517241379310345
2023,2023-06-24,Canada,France,0,3,17,21,21,0,0,25,25,25,0,0,42,38,0,4,-,38,9,28,75,0,20,15,35,4,9,48,61,10,4,46,60,23,17,42,17,1,56,74,2023-06-24_Canada_France,0,1.0357142857142858,-0.10416666666666667,0.13043478260869565,-1.3333333333333333,0.14285714285714285,-0.10416666666666667,0.13043478260869565
2023,2023-06-24,France,Canada,3,0,25,25,25,0,0,17,21,21,0,0,60,51,5,4,-,51,3,27,81,5,16,13,34,4,13,56,73,13,4,35,52,27,11,42,16,1,61,78,2023-06-24_Canada_France,1,1.7777777777777777,-0.16071428571428573,0.2571428571428571,-0.8461538461538461,0.38095238095238093,-0.16071428571428573,0.2571428571428571
2023,2023-06-24,China,Germany,3,1,23,25,25,25,0,25,18,19,21,0,71,58,8,5,-,58,9,24,91,8,13,13,34,5,16,76,97,19,3,45,67,25,31,60,14,0,77,91,2023-06-24_China_Germany,1,2.0416666666666665,-0.14473684210526316,0.35555555555555557,-0.38461538461538464,-0.1,-0.14473684210526316,0.35555555555555557
2023,2023-06-24,Germany,China,1,3,25,18,19,21,0,23,25,25,25,0,62,55,4,3,-,55,17,29,101,4,20,9,33,3,17,64,84,34,5,42,81,20,32,55,29,0,73,102,2023-06-24_China_Germany,0,1.3103448275862069,-0.21875,0.6904761904761905,-1.7777777777777777,-0.21818181818181817,-0.21875,0.6904761904761905
2023,2023-06-24,Netherlands,Iran,3,2,16,25,21,25,15,25,16,25,17,10,80,52,17,11,-,52,22,39,113,17,19,13,49,11,16,74,101,16,7,62,85,27,9,43,23,2,87,112,2023-06-24_Iran_Netherlands,1,0.7692307692307693,-0.06756756756756757,0.14516129032258066,-0.15384615384615385,0.4186046511627907,-0.06756756756756757,0.14516129032258066
2023,2023-06-24,Iran,Netherlands,2,3,25,16,25,17,10,16,25,21,25,15,62,45,10,7,-,45,25,33,103,10,24,13,47,7,9,78,94,18,11,56,85,26,10,42,27,1,75,103,2023-06-24_Iran_Netherlands,0,0.6060606060606061,-0.02564102564102564,0.125,-1.0769230769230769,0.38095238095238093,-0.02564102564102564,0.125
2023,2023-06-24,Poland,United States,0,3,22,18,19,0,0,25,25,25,0,0,37,29,6,2,-,29,15,31,75,6,16,12,34,2,13,45,60,11,7,40,58,23,12,39,13,0,64,77,2023-06-24_Poland_United States,0,0.45161290322580644,-0.24444444444444444,0.1,-0.8333333333333334,0.28205128205128205,-0.24444444444444444,0.1
2023,2023-06-24,United States,Poland,3,0,25,25,25,0,0,22,18,19,0,0,53,38,8,7,-,38,10,26,74,8,16,18,42,7,16,51,74,6,2,39,47,29,7,39,16,1,57,74,2023-06-24_Poland_United States,1,1.0769230769230769,-0.17647058823529413,0.10256410256410256,-0.4444444444444444,0.5641025641025641,-0.17647058823529413,0.10256410256410256
2023,2023-06-25,Brazil,France,3,1,25,26,19,25,0,20,24,25,23,0,67,56,7,4,-,56,17,29,102,7,19,21,47,4,16,74,94,9,5,60,74,34,19,60,29,1,73,103,2023-06-25_Brazil_France,1,1.3448275862068966,-0.16216216216216217,0.06666666666666667,-0.5714285714285714,0.25,-0.16216216216216217,0.06666666666666667
2023,2023-06-25,France,Brazil,1,3,20,24,25,23,0,25,26,19,25,0,64,53,6,5,-,53,15,42,110,6,25,14,45,5,19,69,93,14,4,60,78,28,20,55,30,1,77,108,2023-06-25_Brazil_France,0,0.9047619047619048,-0.2028985507246377,0.16666666666666666,-1.3571428571428572,0.14545454545454545,-0.2028985507246377,0.16666666666666666
2023,2023-06-25,Bulgaria,Cuba,2,3,25,19,20,25,16,23,25,25,16,18,70,54,13,3,-,54,14,37,105,13,27,17,57,3,19,84,106,24,8,52,84,26,21,47,34,1,68,103,2023-06-25_Bulgaria_Cuba,0,1.0810810810810811,-0.19047619047619047,0.3076923076923077,-0.8235294117647058,0.10638297872340426,-0.19047619047619047,0.3076923076923077
2023,2023-06-25,Cuba,Bulgaria,3,2,23,25,25,16,18,25,19,20,25,16,78,62,8,8,-,62,24,28,114,8,23,13,44,8,22,76,106,20,3,64,87,29,21,54,29,0,89,118,2023-06-25_Bulgaria_Cuba,1,1.3571428571428572,-0.18421052631578946,0.265625,-1.1538461538461537,0.14814814814814814,-0.18421052631578946,0.265625
2023,2023-06-25,Italy,Poland,1,3,19,26,25,20,0,25,28,18,25,0,68,55,9,4,-,55,13,56,124,9,27,26,62,4,19,68,91,16,7,55,78,41,10,55,29,1,87,117,2023-06-25_Italy_Poland,0,0.75,-0.22058823529411764,0.16363636363636364,-0.6923076923076923,0.5636363636363636,-0.22058823529411764,0.16363636363636364
2023,2023-06-25,Poland,Italy,3,1,25,28,18,25,0,19,26,25,20,0,71,56,8,7,-,56,12,43,111,8,17,25,50,7,18,71,96,14,4,54,72,41,14,64,23,1,87,111,2023-06-25_Italy_Poland,1,1.0232558139534884,-0.15492957746478872,0.18518518518518517,-0.36,0.421875,-0.15492957746478872,0.18518518518518517
2023,2023-06-25,Netherlands,Serbia,2,3,25,21,25,33,9,22,25,21,35,15,83,58,11,14,-,58,24,41,123,11,33,14,58,14,16,85,115,23,6,70,99,30,10,45,32,2,90,124,2023-06-25_Netherlands_Serbia,0,0.8292682926829268,-0.023529411764705882,0.24285714285714285,-1.5714285714285714,0.4444444444444444,-0.023529411764705882,0.24285714285714285
2023,2023-06-25,Serbia,Netherlands,3,2,22,25,21,35,15,25,21,25,33,9,88,70,12,6,-,70,21,36,127,12,21,25,58,6,18,93,117,22,14,63,99,38,11,52,34,0,89,123,2023-06-25_Netherlands_Serbia,1,1.3611111111111112,-0.12903225806451613,0.12698412698412698,-0.36,0.5192307692307693,-0.12903225806451613,0.12698412698412698
2023,2023-07-04,Argentina,Serbia,3,1,19,25,25,25,0,25,16,19,18,0,68,47,16,5,-,47,12,39,98,16,23,16,55,5,15,73,93,20,5,40,65,34,15,52,40,0,60,100,2023-07-04_Argentina_Serbia,1,0.8974358974358975,-0.136986301369863,0.375,-0.4375,0.36538461538461536,-0.136986301369863,0.375
2023,2023-07-04,Serbia,Argentina,1,3,25,16,19,18,0,19,25,25,25,0,56,46,5,5,-,46,27,38,111,5,14,16,35,5,14,60,79,15,5,58,78,37,23,62,15,1,99,115,2023-07-04_Argentina_Serbia,0,0.5,-0.15,0.1724137931034483,-0.5625,0.22580645161290322,-0.15,0.1724137931034483
2023,2023-07-04,Brazil,Italy,1,3,25,20,15,21,0,23,25,25,25,0,66,59,4,3,-,59,16,49,124,4,18,28,50,3,17,62,82,15,13,58,86,38,19,62,27,1,96,124,2023-07-04_Brazil_Italy,0,0.8775510204081632,-0.22580645161290322,0.034482758620689655,-0.5,0.3064516129032258,-0.22580645161290322,0.034482758620689655
2023,2023-07-04,Italy,Brazil,3,1,23,25,25,25,0,25,20,15,21,0,70,50,7,13,-,50,5,43,98,7,24,31,62,13,14,73,100,7,3,55,65,32,18,56,16,0,81,97,2023-07-04_Brazil_Italy,1,1.0465116279069768,-0.0136986301369863,0.07272727272727272,-0.5483870967741935,0.25,-0.0136986301369863,0.07272727272727272
2023,2023-07-04,Japan,China,3,2,24,25,21,25,15,26,23,25,23,12,75,63,4,8,-,63,23,44,130,4,17,14,35,8,24,79,111,17,5,65,87,33,17,61,27,0,103,130,2023-07-04_China_Japan,1,0.9090909090909091,-0.20253164556962025,0.18461538461538463,-0.9285714285714286,0.26229508196721313,-0.20253164556962025,0.18461538461538463
2023,2023-07-04,China,Japan,2,3,26,23,25,23,12,24,25,21,25,15,76,54,17,5,-,54,12,40,106,17,17,22,56,5,23,82,110,14,8,65,87,29,11,49,23,2,84,109,2023-07-04_China_Japan,0,1.05,-0.21951219512195122,0.09230769230769231,0.0,0.3673469387755102,-0.21951219512195122,0.09230769230769231
2023,2023-07-04,Iran,France,0,3,18,22,19,0,0,25,25,25,0,0,37,30,6,1,-,30,12,27,69,6,12,15,33,1,17,43,61,11,6,41,58,20,19,45,19,0,49,68,2023-07-04_France_Iran,0,0.6666666666666666,-0.37209302325581395,0.12195121951219512,-0.4,0.022222222222222223,-0.37209302325581395,0.12195121951219512
2023,2023-07-04,France,Iran,3,0,25,25,25,0,0,18,22,19,0,0,51,39,6,6,-,39,12,27,78,6,12,10,28,6,16,52,74,6,1,37,44,27,12,46,18,0,59,77,2023-07-04_France_Iran,1,1.0,-0.19230769230769232,0.13513513513513514,-0.6,0.32608695652173914,-0.19230769230769232,0.13513513513513514
2023,2023-07-05,Germany,Bulgaria,3,0,25,25,25,0,0,22,18,22,0,0,50,43,3,4,-,43,7,28,78,3,19,15,37,4,8,61,73,7,1,40,48,25,9,39,20,1,57,78,2023-07-05_Bulgaria_Germany,1,1.2857142857142858,-0.06557377049180328,0.15,-1.0666666666666667,0.41025641025641024,-0.06557377049180328,0.15
2023,2023-07-05,Bulgaria,Germany,0,3,22,18,22,0,0,25,25,25,0,0,49,45,3,1,-,45,11,27,83,3,13,16,32,1,16,47,64,10,4,51,65,22,14,39,22,0,60,82,2023-07-05_Bulgaria_Germany,0,1.2592592592592593,-0.3191489361702128,0.11764705882352941,-0.625,0.20512820512820512,-0.3191489361702128,0.11764705882352941
2023,2023-07-05,Canada,Netherlands,1,3,22,22,25,18,0,25,25,17,25,0,58,47,6,5,-,47,12,37,96,6,28,22,56,5,11,72,88,8,6,57,71,27,13,44,25,0,68,93,2023-07-05_Canada_Netherlands,0,0.9459459459459459,-0.08333333333333333,0.03508771929824561,-1.0,0.3181818181818182,-0.08333333333333333,0.03508771929824561
2023,2023-07-05,Netherlands,Canada,3,1,25,25,17,25,0,22,22,25,18,0,75,62,7,6,-,62,12,39,113,7,20,10,37,6,20,65,91,13,5,59,77,29,8,45,21,0,90,111,2023-07-05_Canada_Netherlands,1,1.2820512820512822,-0.2153846153846154,0.13559322033898305,-1.3,0.4666666666666667,-0.2153846153846154,0.13559322033898305
2023,2023-07-05,United States,Cuba,3,0,27,25,25,0,0,25,17,15,0,0,53,38,7,8,-,38,4,24,66,7,10,12,29,8,21,47,76,14,2,26,42,18,3,24,25,0,38,63,2023-07-05_Cuba_United States,1,1.4166666666666667,-0.2765957446808511,0.46153846153846156,-0.25,0.625,-0.2765957446808511,0.46153846153846156
2023,2023-07-05,Cuba,United States,0,3,25,17,15,0,0,27,25,25,0,0,36,30,4,2,-,30,14,22,66,4,16,7,27,2,16,40,58,11,8,36,55,18,7,29,20,1,45,66,2023-07-05_Cuba_United States,0,0.7272727272727273,-0.35,0.08333333333333333,-1.7142857142857142,0.3793103448275862,-0.35,0.08333333333333333
2023,2023-07-05,Poland,Slovenia,3,2,29,21,25,25,15,31,25,20,20,13,109,66,9,6,-,66,16,63,145,9,27,35,71,6,22,86,114,23,5,66,94,45,27,79,30,0,113,143,2023-07-05_Poland_Slovenia,1,0.7936507936507936,-0.18604651162790697,0.2727272727272727,-0.5142857142857142,0.22784810126582278,-0.18604651162790697,0.2727272727272727
2023,2023-07-05,Slovenia,Poland,2,3,31,25,20,20,13,29,21,25,25,15,115,64,9,5,-,64,18,60,142,9,20,22,51,5,19,89,113,22,6,64,92,49,26,83,23,3,124,150,2023-07-05_Poland_Slovenia,0,0.7666666666666667,-0.15730337078651685,0.25,-0.5,0.27710843373493976,-0.15730337078651685,0.25
2023,2023-07-06,Argentina,Germany,3,0,25,25,25,0,0,23,18,17,0,0,56,38,11,7,-,38,13,29,80,11,12,12,35,7,13,53,73,10,2,35,47,28,10,41,25,1,52,78,2023-07-06_Argentina_Germany,1,0.8620689655172413,-0.11320754716981132,0.22857142857142856,-0.08333333333333333,0.43902439024390244,-0.11320754716981132,0.22857142857142856
2023,2023-07-06,Germany,Argentina,0,3,23,18,17,0,0,25,25,25,0,0,38,28,8,2,-,28,16,30,74,8,14,15,37,2,13,45,60,12,7,41,60,22,15,40,11,1,69,81,2023-07-06_Argentina_Germany,0,0.4,-0.24444444444444444,0.12195121951219512,-0.4,0.175,-0.24444444444444444,0.12195121951219512
2023,2023-07-06,Brazil,Netherlands,3,0,25,25,25,0,0,21,15,20,0,0,48,34,11,3,-,34,11,25,70,11,19,21,51,3,10,61,74,8,1,32,41,32,10,47,16,1,56,73,2023-07-06_Brazil_Netherlands,1,0.92,-0.11475409836065574,0.21875,-0.38095238095238093,0.46808510638297873,-0.11475409836065574,0.21875
2023,2023-07-06,Netherlands,Brazil,0,3,21,15,20,0,0,25,25,25,0,0,40,33,6,1,-,33,20,37,90,6,9,13,28,1,16,40,57,13,3,48,64,27,12,43,21,2,69,92,2023-07-06_Brazil_Netherlands,0,0.35135135135135137,-0.375,0.20833333333333334,-0.23076923076923078,0.3488372093023256,-0.375,0.20833333333333334
2023,2023-07-06,Bulgaria,Iran,3,2,21,25,22,25,15,25,21,25,22,11,75,59,12,4,-,59,23,47,129,12,16,15,43,4,25,79,108,20,6,58,84,28,9,46,24,1,103,128,2023-07-06_Bulgaria_Iran,1,0.7659574468085106,-0.26582278481012656,0.2413793103448276,-0.26666666666666666,0.41304347826086957,-0.26582278481012656,0.2413793103448276
2023,2023-07-06,Iran,Bulgaria,2,3,25,21,25,22,11,21,25,22,25,15,68,47,15,6,-,47,21,41,109,15,23,26,64,6,22,78,106,24,4,55,83,24,18,46,17,0,86,103,2023-07-06_Bulgaria_Iran,0,0.6341463414634146,-0.20512820512820512,0.36363636363636365,-0.3076923076923077,0.13043478260869565,-0.20512820512820512,0.36363636363636365
2023,2023-07-06,Canada,Italy,2,3,14,25,20,25,9,25,23,25,23,15,71,56,9,6,-,56,20,59,135,9,18,26,53,6,16,71,93,15,8,69,92,45,22,70,23,1,110,134,2023-07-06_Canada_Italy,0,0.6101694915254238,-0.14084507042253522,0.10144927536231885,-0.34615384615384615,0.32857142857142857,-0.14084507042253522,0.10144927536231885
2023,2023-07-06,Italy,Canada,3,2,25,23,25,23,15,14,25,20,25,9,85,65,12,8,-,65,11,58,134,12,23,25,60,8,19,84,111,16,6,55,77,46,18,68,33,0,91,124,2023-07-06_Canada_Italy,1,0.9310344827586207,-0.13095238095238096,0.18181818181818182,-0.44,0.4117647058823529,-0.13095238095238096,0.18181818181818182
2023,2023-07-06,China,Slovenia,1,3,21,20,26,23,0,25,25,24,25,0,65,53,7,5,-,53,14,54,121,7,18,24,49,5,14,72,91,19,6,59,84,36,19,62,20,2,96,118,2023-07-06_China_Slovenia,0,0.7222222222222222,-0.125,0.22033898305084745,-0.4583333333333333,0.27419354838709675,-0.125,0.22033898305084745
2023,2023-07-06,Slovenia,China,3,1,25,25,24,25,0,21,20,26,23,0,72,62,4,6,-,62,16,53,131,4,24,18,46,6,14,78,98,27,5,45,77,45,13,66,26,1,107,134,2023-07-06_China_Slovenia,1,0.8679245283018868,-0.10256410256410256,0.4888888888888889,-1.1111111111111112,0.48484848484848486,-0.10256410256410256,0.4888888888888889
2023,2023-07-06,Serbia,Cuba,3,2,19,25,25,22,15,25,23,21,25,11,66,45,14,7,-,45,24,35,104,14,21,17,52,7,19,79,105,14,8,57,79,30,11,45,32,1,72,105,2023-07-06_Cuba_Serbia,1,0.6,-0.1518987341772152,0.10526315789473684,-0.4117647058823529,0.4222222222222222,-0.1518987341772152,0.10526315789473684
2023,2023-07-06,Cuba,Serbia,2,3,25,23,21,25,11,19,25,25,22,15,75,53,14,8,-,53,22,39,114,14,21,19,54,8,26,72,106,12,7,67,86,23,14,40,23,3,84,110,2023-07-06_Cuba_Serbia,0,0.7948717948717948,-0.25,0.07462686567164178,-0.3684210526315789,0.225,-0.25,0.07462686567164178
2023,2023-07-07,United States,Argentina,2,3,18,25,25,41,12,25,23,23,43,15,85,72,7,6,-,72,23,56,151,7,31,28,66,6,27,90,123,29,4,73,106,39,11,60,38,1,111,150,2023-07-07_Argentina_United States,0,0.875,-0.23333333333333334,0.3424657534246575,-0.8571428571428571,0.4666666666666667,-0.23333333333333334,0.3424657534246575
2023,2023-07-07,Argentina,United States,3,2,25,23,23,43,15,18,25,25,41,12,90,73,13,4,-,73,17,59,149,13,23,33,69,4,23,102,129,25,6,65,96,36,20,72,40,2,102,144,2023-07-07_Argentina_United States,1,0.9491525423728814,-0.18627450980392157,0.2923076923076923,-0.30303030303030304,0.2222222222222222,-0.18627450980392157,0.2923076923076923
2023,2023-07-07,Poland,Brazil,3,1,25,22,25,25,0,23,25,21,21,0,63,53,7,3,-,53,10,35,98,7,23,17,47,3,23,70,96,8,4,57,69,28,11,41,19,1,75,95,2023-07-07_Brazil_Poland,1,1.2285714285714286,-0.2857142857142857,0.07017543859649122,-0.9411764705882353,0.4146341463414634,-0.2857142857142857,0.07017543859649122
2023,2023-07-07,Brazil,Poland,1,3,23,25,21,21,0,25,22,25,25,0,63,52,7,4,-,52,17,31,100,7,25,18,50,4,22,65,91,15,3,55,73,27,16,47,23,2,73,98,2023-07-07_Brazil_Poland,0,1.1290322580645162,-0.27692307692307694,0.21818181818181817,-1.0,0.23404255319148937,-0.27692307692307694,0.21818181818181817
2023,2023-07-07,Cuba,Germany,0,3,23,23,22,0,0,25,25,25,0,0,51,39,11,1,-,39,7,33,79,11,14,9,34,1,17,52,70,6,9,47,62,21,12,36,13,2,65,80,2023-07-07_Cuba_Germany,0,0.9696969696969697,-0.3076923076923077,-0.06382978723404255,-0.3333333333333333,0.25,-0.3076923076923077,-0.06382978723404255
2023,2023-07-07,Germany,Cuba,3,0,25,25,25,0,0,23,23,22,0,0,53,40,4,9,-,40,15,19,74,4,21,19,44,9,11,54,74,13,1,39,53,25,11,37,23,1,51,75,2023-07-07_Cuba_Germany,1,1.3157894736842106,-0.037037037037037035,0.3076923076923077,-0.8947368421052632,0.3783783783783784,-0.037037037037037035,0.3076923076923077
2023,2023-07-07,Serbia,France,1,3,25,23,20,26,0,20,25,25,28,0,60,48,10,2,-,48,21,35,104,10,20,22,52,2,18,75,95,15,2,57,74,30,15,50,22,0,84,106,2023-07-07_France_Serbia,0,0.7714285714285715,-0.21333333333333335,0.22807017543859648,-0.45454545454545453,0.3,-0.21333333333333335,0.22807017543859648
2023,2023-07-07,France,Serbia,3,1,20,25,25,28,0,25,23,20,26,0,68,56,10,2,-,56,20,42,118,10,18,20,48,2,23,72,97,22,2,53,77,28,14,47,29,0,85,114,2023-07-07_France_Serbia,1,0.8571428571428571,-0.2916666666666667,0.37735849056603776,-0.4,0.2978723404255319,-0.2916666666666667,0.37735849056603776
2023,2023-07-07,Slovenia,Italy,0,3,13,22,17,0,0,25,25,25,0,0,38,31,6,1,-,31,18,44,93,6,15,17,38,1,11,42,54,11,6,48,65,32,12,50,21,1,72,94,2023-07-07_Italy_Slovenia,0,0.29545454545454547,-0.23809523809523808,0.10416666666666667,-0.5294117647058824,0.4,-0.23809523809523808,0.10416666666666667
2023,2023-07-07,Italy,Slovenia,3,0,25,25,25,0,0,13,22,17,0,0,58,38,14,6,-,38,10,43,91,14,15,23,52,6,8,59,73,9,1,33,43,36,10,51,27,0,60,87,2023-07-07_Italy_Slovenia,1,0.6511627906976745,-0.03389830508474576,0.24242424242424243,-0.043478260869565216,0.5098039215686274,-0.03389830508474576,0.24242424242424243
2023,2023-07-07,Japan,Netherlands,3,1,25,26,23,25,0,19,24,25,17,0,68,52,12,4,-,52,17,29,98,12,22,14,48,4,19,76,99,20,2,43,65,32,12,47,25,0,75,100,2023-07-07_Japan_Netherlands,1,1.206896551724138,-0.19736842105263158,0.4186046511627907,-0.7142857142857143,0.425531914893617,-0.19736842105263158,0.4186046511627907
2023,2023-07-07,Netherlands,Japan,1,3,19,24,25,17,0,25,26,23,25,0,59,47,10,2,-,47,21,38,106,10,15,15,40,2,21,63,86,22,4,54,80,20,28,52,20,1,81,102,2023-07-07_Japan_Netherlands,0,0.6842105263157895,-0.30158730158730157,0.3333333333333333,-0.3333333333333333,-0.15384615384615385,-0.30158730158730157,0.3333333333333333
2023,2023-07-08,Argentina,Iran,3,2,25,28,27,25,15,19,30,29,20,11,84,65,14,5,-,65,26,40,131,14,27,31,72,5,26,90,121,17,3,64,84,47,8,59,37,0,95,132,2023-07-08_Argentina_Iran,1,0.975,-0.23333333333333334,0.21875,-0.41935483870967744,0.6610169491525424,-0.23333333333333334,0.21875
2023,2023-07-08,Iran,Argentina,2,3,19,30,29,20,11,25,28,27,25,15,69,53,13,3,-,53,25,52,130,13,26,22,61,3,26,81,110,19,5,71,95,32,11,52,20,0,110,130,2023-07-08_Argentina_Iran,0,0.5384615384615384,-0.2839506172839506,0.19718309859154928,-0.5909090909090909,0.40384615384615385,-0.2839506172839506,0.19718309859154928
2023,2023-07-08,Brazil,China,3,0,25,25,25,0,0,19,17,17,0,0,51,38,10,3,-,38,7,20,65,10,17,24,51,3,8,63,74,5,3,32,40,25,5,34,13,1,55,69,2023-07-08_Brazil_China,1,1.55,-0.07936507936507936,0.0625,-0.2916666666666667,0.5882352941176471,-0.07936507936507936,0.0625
2023,2023-07-08,China,Brazil,0,3,19,17,17,0,0,25,25,25,0,0,38,32,3,3,-,32,20,40,92,3,10,10,23,3,14,37,54,9,3,54,66,18,4,26,10,0,82,92,2023-07-08_Brazil_China,0,0.3,-0.2972972972972973,0.1111111111111111,-0.7,0.5384615384615384,-0.2972972972972973,0.1111111111111111
2023,2023-07-08,Bulgaria,Serbia,0,3,19,22,22,0,0,25,25,25,0,0,50,39,8,3,-,39,12,34,85,8,12,14,34,3,16,46,65,12,5,47,64,21,16,39,21,1,67,89,2023-07-08_Bulgaria_Serbia,0,0.7941176470588235,-0.2826086956521739,0.14893617021276595,-0.2857142857142857,0.1282051282051282,-0.2826086956521739,0.14893617021276595
2023,2023-07-08,Serbia,Bulgaria,3,0,25,25,25,0,0,19,22,22,0,0,50,40,5,5,-,40,11,24,75,5,14,21,40,5,10,59,74,12,3,34,49,21,16,44,20,0,53,73,2023-07-08_Bulgaria_Serbia,1,1.2083333333333333,-0.0847457627118644,0.2647058823529412,-0.42857142857142855,0.11363636363636363,-0.0847457627118644,0.2647058823529412
2023,2023-07-08,Poland,Canada,3,0,25,25,27,0,0,21,23,25,0,0,55,41,11,3,-,41,6,33,80,11,16,17,44,3,13,59,75,17,6,34,57,23,19,46,15,1,64,80,2023-07-08_Canada_Poland,1,1.0606060606060606,-0.1694915254237288,0.3235294117647059,-0.29411764705882354,0.08695652173913043,-0.1694915254237288,0.3235294117647059
2023,2023-07-08,Canada,Poland,0,3,21,23,25,0,0,25,25,27,0,0,55,41,11,3,-,41,6,33,80,11,16,17,44,3,13,59,75,17,6,34,57,23,19,46,15,1,64,80,2023-07-08_Canada_Poland,0,1.0606060606060606,-0.1694915254237288,0.3235294117647059,-0.29411764705882354,0.08695652173913043,-0.1694915254237288,0.3235294117647059
2023,2023-07-08,United States,France,3,0,25,27,27,0,0,23,25,25,0,0,50,38,8,4,-,38,14,24,76,8,15,20,43,4,13,60,77,12,3,40,55,21,7,34,22,0,55,77,2023-07-08_France_United States,1,1.0,-0.15,0.225,-0.35,0.4117647058823529,-0.15,0.225
2023,2023-07-08,France,United States,0,3,23,25,25,0,0,25,27,27,0,0,52,41,8,3,-,41,16,34,91,8,15,10,33,3,20,52,75,22,4,38,64,17,11,38,22,0,68,90,2023-07-08_France_United States,0,0.7352941176470589,-0.3269230769230769,0.47368421052631576,-0.7,0.15789473684210525,-0.3269230769230769,0.47368421052631576
2023,2023-07-08,Japan,Italy,1,3,27,26,25,20,0,29,28,23,25,0,66,56,4,6,-,56,21,44,121,4,12,14,30,6,15,78,99,17,5,64,86,39,24,69,24,2,100,126,2023-07-08_Italy_Japan,0,0.7954545454545454,-0.11538461538461539,0.1875,-0.5714285714285714,0.21739130434782608,-0.11538461538461539,0.1875
2023,2023-07-08,Italy,Japan,3,1,29,28,23,25,0,27,26,25,20,0,80,62,13,5,-,62,14,42,118,13,29,23,65,5,18,81,104,27,6,51,84,32,15,53,39,1,76,116,2023-07-08_Italy_Japan,1,1.1428571428571428,-0.16049382716049382,0.4117647058823529,-0.6956521739130435,0.32075471698113206,-0.16049382716049382,0.4117647058823529
2023,2023-07-09,United States,Bulgaria,3,0,29,25,25,0,0,27,19,21,0,0,58,44,10,4,-,44,11,38,93,10,10,15,35,4,22,52,78,9,1,43,53,33,8,45,17,2,72,91,2023-07-09_Bulgaria_United States,1,0.868421052631579,-0.34615384615384615,0.18604651162790697,0.0,0.5555555555555556,-0.34615384615384615,0.18604651162790697
2023,2023-07-09,Bulgaria,United States,0,3,27,19,21,0,0,29,25,25,0,0,39,31,7,1,-,31,13,35,79,7,12,23,42,1,16,52,69,12,4,40,56,28,12,45,24,2,57,83,2023-07-09_Bulgaria_United States,0,0.5142857142857142,-0.28846153846153844,0.2,-0.21739130434782608,0.35555555555555557,-0.28846153846153844,0.2
2023,2023-07-09,China,Canada,1,3,25,21,17,18,0,23,25,25,25,0,61,51,4,6,-,51,23,33,107,4,27,9,40,6,12,64,82,8,5,71,84,21,9,34,18,1,89,108,2023-07-09_Canada_China,0,0.8484848484848485,-0.09375,0.04225352112676056,-2.5555555555555554,0.35294117647058826,-0.09375,0.04225352112676056
2023,2023-07-09,Canada,China,3,1,23,25,25,25,0,25,21,17,18,0,69,55,9,5,-,55,8,28,91,9,18,23,50,5,12,80,97,8,6,56,70,26,15,44,18,1,72,91,2023-07-09_Canada_China,1,1.6785714285714286,-0.0875,0.03571428571428571,-0.391304347826087,0.25,-0.0875,0.03571428571428571
2023,2023-07-09,Cuba,Iran,3,2,25,26,25,28,15,22,28,23,30,10,94,76,11,7,-,76,19,30,125,11,25,21,57,7,30,83,120,20,3,75,98,28,26,58,33,2,89,124,2023-07-09_Cuba_Iran,1,1.9,-0.27710843373493976,0.22666666666666666,-0.6666666666666666,0.034482758620689655,-0.27710843373493976,0.22666666666666666
2023,2023-07-09,Iran,Cuba,2,3,22,28,23,30,10,25,26,25,28,15,70,57,10,3,-,57,20,35,112,10,24,12,46,3,15,95,113,23,7,59,89,27,22,53,31,0,86,117,2023-07-09_Cuba_Iran,0,1.0571428571428572,-0.12631578947368421,0.2711864406779661,-1.1666666666666667,0.09433962264150944,-0.12631578947368421,0.2711864406779661
2023,2023-07-09,France,Germany,3,1,21,25,25,25,0,25,20,22,21,0,64,52,8,4,-,52,12,33,97,8,15,13,36,4,18,73,95,20,6,43,69,26,15,42,32,0,63,95,2023-07-09_France_Germany,1,1.2121212121212122,-0.1917808219178082,0.32558139534883723,-0.5384615384615384,0.2619047619047619,-0.1917808219178082,0.32558139534883723
2023,2023-07-09,Germany,France,1,3,25,20,22,21,0,21,25,25,25,0,63,51,6,6,-,51,19,27,97,6,11,21,38,6,20,63,89,13,4,60,77,24,16,45,30,1,65,96,2023-07-09_France_Germany,0,1.1851851851851851,-0.2222222222222222,0.15,-0.23809523809523808,0.17777777777777778,-0.2222222222222222,0.15
2023,2023-07-09,Japan,Poland,0,3,17,19,18,0,0,25,25,25,0,0,41,38,1,2,-,38,12,36,86,1,19,9,29,2,10,43,55,11,8,44,63,25,14,42,16,0,68,84,2023-07-09_Japan_Poland,0,0.7222222222222222,-0.18604651162790697,0.06818181818181818,-2.0,0.2619047619047619,-0.18604651162790697,0.06818181818181818
2023,2023-07-09,Poland,Japan,3,0,25,25,25,0,0,17,19,18,0,0,59,44,7,8,-,44,2,25,71,7,22,14,43,8,11,55,74,6,2,37,45,27,13,43,14,1,60,75,2023-07-09_Japan_Poland,1,1.68,-0.05454545454545454,0.10810810810810811,-1.0714285714285714,0.32558139534883723,-0.05454545454545454,0.10810810810810811
2023,2023-07-09,Slovenia,Netherlands,3,0,25,32,25,0,0,20,30,22,0,0,54,40,10,4,-,40,14,22,76,10,18,11,39,4,13,63,80,14,3,37,54,21,18,41,21,0,57,78,2023-07-09_Netherlands_Slovenia,1,1.1818181818181819,-0.14285714285714285,0.2972972972972973,-0.7272727272727273,0.07317073170731707,-0.14285714285714285,0.2972972972972973
2023,2023-07-09,Netherlands,Slovenia,0,3,20,30,22,0,0,25,32,25,0,0,52,41,8,3,-,41,18,27,86,8,14,12,34,3,20,51,74,17,4,46,67,13,11,33,18,0,67,85,2023-07-09_Netherlands_Slovenia,0,0.8518518518518519,-0.3333333333333333,0.2826086956521739,-0.5,0.06060606060606061,-0.3333333333333333,0.2826086956521739
2023,2023-07-19,Italy,Argentina,3,0,25,25,25,0,0,17,13,14,0,0,58,44,9,5,-,44,7,24,75,9,12,15,36,5,8,60,73,10,2,25,37,37,12,50,18,0,55,73,2023-07-19_Argentina_Italy,1,1.5416666666666667,-0.05,0.32,-0.2,0.5,-0.05,0.32
2023,2023-07-19,Argentina,Italy,0,3,17,13,14,0,0,25,25,25,0,0,32,26,4,2,-,26,16,41,83,4,13,9,26,2,9,35,46,9,5,51,65,16,13,32,24,0,57,81,2023-07-19_Argentina_Italy,0,0.24390243902439024,-0.2,0.0784313725490196,-1.0,0.09375,-0.2,0.0784313725490196
2023,2023-07-19,United States,France,3,2,25,25,17,24,15,21,18,25,26,9,74,61,8,5,-,61,16,48,125,8,28,27,63,5,18,82,105,16,6,56,78,53,22,78,49,1,77,127,2023-07-19_France_United States,1,0.9375,-0.15853658536585366,0.17857142857142858,-0.7407407407407407,0.3974358974358974,-0.15853658536585366,0.17857142857142858
2023,2023-07-19,France,United States,2,3,21,18,25,26,9,25,25,17,24,15,75,58,11,6,-,58,16,62,136,11,23,19,53,6,24,72,102,16,5,66,87,43,22,71,37,0,96,133,2023-07-19_France_United States,0,0.6774193548387096,-0.25,0.16666666666666666,-0.631578947368421,0.29577464788732394,-0.25,0.16666666666666666
2023,2023-07-20,Poland,Brazil,3,0,26,25,25,0,0,24,21,20,0,0,56,37,10,9,-,37,11,29,77,10,14,18,42,9,12,54,75,6,5,42,53,25,14,44,15,1,63,79,2023-07-20_Brazil_Poland,1,0.896551724137931,-0.05555555555555555,0.023809523809523808,-0.2222222222222222,0.25,-0.05555555555555555,0.023809523809523808
2023,2023-07-20,Brazil,Poland,0,3,24,21,20,0,0,26,25,25,0,0,45,35,5,5,-,35,15,35,85,5,13,17,35,5,13,48,66,8,9,46,63,22,13,39,18,0,66,84,2023-07-20_Brazil_Poland,0,0.5714285714285714,-0.16666666666666666,-0.021739130434782608,-0.47058823529411764,0.23076923076923078,-0.16666666666666666,-0.021739130434782608
2023,2023-07-20,Japan,Slovenia,3,0,26,25,25,0,0,24,18,22,0,0,62,54,6,2,-,54,11,41,106,6,22,22,50,2,11,61,74,12,0,44,56,41,11,56,30,0,77,107,2023-07-20_Japan_Slovenia,1,1.048780487804878,-0.14754098360655737,0.2727272727272727,-0.7272727272727273,0.5357142857142857,-0.14754098360655737,0.2727272727272727
2023,2023-07-20,Slovenia,Japan,0,3,24,18,22,0,0,26,25,25,0,0,46,41,5,0,-,41,9,46,96,5,28,20,53,0,10,56,66,18,2,43,63,33,19,56,16,1,82,99,2023-07-20_Japan_Slovenia,0,0.6956521739130435,-0.17857142857142858,0.37209302325581395,-1.15,0.25,-0.17857142857142858,0.37209302325581395
2023,2023-07-22,United States,Italy,3,0,25,25,25,0,0,19,18,19,0,0,57,44,10,3,-,44,9,31,84,10,11,28,49,3,9,62,74,9,4,31,44,41,13,59,23,1,62,86,2023-07-22_Italy_United States,1,1.1290322580645162,-0.0967741935483871,0.16129032258064516,-0.03571428571428571,0.4745762711864407,-0.0967741935483871,0.16129032258064516
2023,2023-07-22,Italy,United States,0,3,19,18,19,0,0,25,25,25,0,0,43,33,6,4,-,33,14,47,94,6,15,17,38,4,13,40,57,9,3,53,65,27,13,42,25,1,66,92,2023-07-22_Italy_United States,0,0.40425531914893614,-0.225,0.11320754716981132,-0.5294117647058824,0.3333333333333333,-0.225,0.11320754716981132
2023,2023-07-22,Japan,Poland,1,3,25,26,17,21,0,19,28,25,25,0,67,55,4,8,-,55,15,35,105,4,24,16,44,8,16,66,90,13,4,63,80,31,18,54,16,1,90,107,2023-07-22_Japan_Poland,0,1.1428571428571428,-0.12121212121212122,0.14285714285714285,-1.25,0.24074074074074073,-0.12121212121212122,0.14285714285714285
2023,2023-07-22,Poland,Japan,3,1,19,28,25,25,0,25,26,17,21,0,74,61,9,4,-,61,9,29,99,9,23,17,49,4,16,76,96,13,8,53,74,30,20,57,20,0,75,95,2023-07-22_Japan_Poland,1,1.793103448275862,-0.15789473684210525,0.09433962264150944,-0.8235294117647058,0.17543859649122806,-0.15789473684210525,0.09433962264150944
2023,2023-07-23,Japan,Italy,3,2,25,25,17,17,15,18,23,25,25,9,67,54,4,9,-,54,24,55,133,4,12,23,39,9,13,77,99,20,7,55,82,49,22,77,34,2,98,134,2023-07-23_Italy_Japan,1,0.5454545454545454,-0.05194805194805195,0.23636363636363636,-0.34782608695652173,0.35064935064935066,-0.05194805194805195,0.23636363636363636
2023,2023-07-23,Italy,Japan,2,3,18,23,25,25,9,25,25,17,17,15,73,53,13,7,-,53,16,51,120,13,27,36,76,7,18,75,100,15,9,62,86,40,10,53,34,2,83,119,2023-07-23_Italy_Japan,0,0.7254901960784313,-0.14666666666666667,0.0967741935483871,-0.3888888888888889,0.5660377358490566,-0.14666666666666667,0.0967741935483871
2023,2023-07-23,Poland,United States,3,1,25,24,25,25,0,23,26,18,18,0,75,59,9,7,-,59,13,34,106,9,25,15,49,7,14,77,98,10,3,60,73,32,12,48,31,1,74,106,2023-07-23_Poland_United States,1,1.3529411764705883,-0.09090909090909091,0.11666666666666667,-1.0666666666666667,0.4166666666666667,-0.09090909090909091,0.11666666666666667
2023,2023-07-23,United States,Poland,1,3,23,26,18,18,0,25,24,25,25,0,62,51,8,3,-,51,19,35,105,8,21,13,42,3,13,70,86,20,7,57,84,29,20,58,31,1,74,106,2023-07-23_Poland_United States,0,0.9142857142857143,-0.14285714285714285,0.22807017543859648,-1.0,0.15517241379310345,-0.14285714285714285,0.22807017543859648
2024,2024-05-21,Argentina,Japan,1,3,26,22,23,19,0,24,25,25,25,0,67,56,9,2,,56,12,44,112,9,36,27,72,2,11,78,91,17,5,62,84,36,29,67,38,3,77,118,2024-05-21_Argentina_Japan,0,1.0,-0.11538461538461539,0.1935483870967742,-1.0,0.1044776119402985,-0.11538461538461539,0.1935483870967742
2024,2024-05-21,Japan,Argentina,3,1,24,25,25,25,0,26,22,23,19,0,81,68,8,5,,68,17,48,133,8,23,19,50,5,14,79,98,16,2,62,80,43,24,73,15,1,118,134,2024-05-21_Argentina_Japan,1,1.0625,-0.11392405063291139,0.22580645161290322,-0.7894736842105263,0.2602739726027397,-0.11392405063291139,0.22580645161290322
2024,2024-05-21,Bulgaria,France,0,3,21,24,14,0,0,25,26,25,0,0,40,34,3,3,,34,20,25,79,3,11,7,21,3,13,44,60,15,4,41,60,24,9,34,26,1,50,77,2024-05-21_Bulgaria_France,0,0.56,-0.22727272727272727,0.2682926829268293,-1.1428571428571428,0.4411764705882353,-0.22727272727272727,0.2682926829268293
2024,2024-05-21,France,Bulgaria,3,0,25,26,25,0,0,21,24,14,0,0,51,38,9,4,,38,7,21,66,9,11,10,30,4,15,56,75,17,3,27,47,19,11,36,18,0,45,63,2024-05-21_Bulgaria_France,1,1.4761904761904763,-0.19642857142857142,0.5185185185185185,-0.2,0.2222222222222222,-0.19642857142857142,0.5185185185185185
2024,2024-05-21,Türkiye,Canada,1,3,25,23,21,21,0,17,25,25,25,0,61,44,12,5,,44,12,45,101,12,14,18,44,5,15,71,91,13,12,48,73,38,19,60,13,2,84,99,2024-05-21_Canada_Türkiye,0,0.7111111111111111,-0.14084507042253522,0.020833333333333332,-0.1111111111111111,0.31666666666666665,-0.14084507042253522,0.020833333333333332
2024,2024-05-21,Canada,Türkiye,3,1,17,25,25,25,0,25,23,21,21,0,68,51,5,12,,51,21,44,116,5,17,18,40,12,18,61,91,13,5,58,76,38,12,54,24,0,91,115,2024-05-21_Canada_Türkiye,1,0.6818181818181818,-0.09836065573770492,0.13793103448275862,-0.6666666666666666,0.48148148148148145,-0.09836065573770492,0.13793103448275862
2024,2024-05-22,Cuba,Brazil,3,1,25,27,25,25,0,23,29,21,21,0,76,59,10,7,,59,11,33,103,10,33,29,72,7,19,75,101,17,4,53,74,39,20,61,20,0,89,109,2024-05-22_Brazil_Cuba,1,1.4545454545454546,-0.16,0.24528301886792453,-0.7931034482758621,0.3114754098360656,-0.16,0.24528301886792453
2024,2024-05-22,Brazil,Cuba,1,3,23,29,21,21,0,25,27,25,25,0,68,60,4,4,,60,15,49,124,4,27,23,54,4,21,70,95,16,7,59,82,37,28,67,33,0,90,123,2024-05-22_Brazil_Cuba,0,0.9183673469387755,-0.24285714285714285,0.15254237288135594,-1.0,0.13432835820895522,-0.24285714285714285,0.15254237288135594
2024,2024-05-22,Germany,Italy,0,3,21,18,23,0,0,25,25,25,0,0,41,31,6,4,,31,11,36,78,6,12,19,37,4,15,45,64,8,4,46,58,22,20,44,14,0,64,78,2024-05-22_Germany_Italy,0,0.5555555555555556,-0.24444444444444444,0.08695652173913043,-0.3157894736842105,0.045454545454545456,-0.24444444444444444,0.08695652173913043
2024,2024-05-22,Italy,Germany,3,0,25,25,25,0,0,21,18,23,0,0,55,44,7,4,,44,11,30,85,7,11,20,38,4,16,54,74,13,4,32,49,33,15,49,21,0,57,78,2024-05-22_Germany_Italy,1,1.1,-0.2222222222222222,0.28125,-0.2,0.3673469387755102,-0.2222222222222222,0.28125
2024,2024-05-22,Netherlands,Slovenia,2,3,33,22,25,21,25,31,25,20,25,27,84,65,10,9,,65,19,53,137,10,26,22,58,9,31,86,126,17,11,72,100,44,21,70,28,0,110,138,2024-05-22_Netherlands_Slovenia,0,0.8679245283018868,-0.2558139534883721,0.08333333333333333,-0.7272727272727273,0.32857142857142857,-0.2558139534883721,0.08333333333333333
2024,2024-05-22,Slovenia,Netherlands,3,2,31,25,20,25,27,33,22,25,21,25,84,65,8,11,,65,20,51,136,8,24,31,63,11,28,89,128,18,9,68,95,45,28,78,38,2,98,138,2024-05-22_Netherlands_Slovenia,1,0.8823529411764706,-0.19101123595505617,0.1323529411764706,-0.5161290322580645,0.21794871794871795,-0.19101123595505617,0.1323529411764706
2024,2024-05-22,USA,Poland,0,3,22,15,24,0,0,25,25,26,0,0,43,34,3,6,,34,12,32,78,3,13,11,27,6,14,43,63,13,8,42,63,17,10,35,13,1,64,78,2024-05-22_Poland_USA,0,0.6875,-0.18604651162790697,0.11904761904761904,-0.9090909090909091,0.2,-0.18604651162790697,0.11904761904761904
2024,2024-05-22,Poland,USA,3,0,25,25,26,0,0,22,15,24,0,0,54,40,6,8,,40,9,24,73,6,8,15,29,8,11,55,74,4,6,39,49,26,13,46,13,0,57,70,2024-05-22_Poland_USA,1,1.2916666666666667,-0.05454545454545454,-0.05128205128205128,-0.13333333333333333,0.2826086956521739,-0.05454545454545454,-0.05128205128205128
2024,2024-05-23,Canada,Poland,1,3,25,20,23,21,0,18,25,25,25,0,63,54,4,5,,54,9,34,97,4,21,18,43,5,16,70,91,9,8,60,77,26,9,37,32,1,64,97,2024-05-23_Canada_Poland,0,1.3235294117647058,-0.15714285714285714,0.016666666666666666,-0.9444444444444444,0.4594594594594595,-0.15714285714285714,0.016666666666666666
2024,2024-05-23,Poland,Canada,3,1,18,25,25,25,0,25,20,23,21,0,71,58,5,8,,58,12,27,97,5,15,14,34,8,16,69,93,9,5,61,75,25,18,50,14,0,82,96,2024-05-23_Canada_Poland,1,1.7037037037037037,-0.11594202898550725,0.06557377049180328,-0.7142857142857143,0.14,-0.11594202898550725,0.06557377049180328
2024,2024-05-23,Cuba,Germany,3,1,26,25,18,25,0,24,20,25,23,0,78,59,13,6,,59,13,37,109,13,26,15,54,6,16,71,93,17,3,63,83,25,15,45,33,2,74,109,2024-05-23_Cuba_Germany,1,1.2432432432432432,-0.14084507042253522,0.2222222222222222,-0.8666666666666667,0.2222222222222222,-0.14084507042253522,0.2222222222222222
2024,2024-05-23,Germany,Cuba,1,3,24,20,25,23,0,26,25,18,25,0,66,57,6,3,,57,17,33,107,6,17,16,39,3,11,80,94,17,6,54,77,36,18,57,20,1,86,107,2024-05-23_Cuba_Germany,0,1.2121212121212122,-0.1,0.2037037037037037,-0.6875,0.3157894736842105,-0.1,0.2037037037037037
2024,2024-05-23,Slovenia,France,3,1,25,25,23,25,0,18,22,25,21,0,63,47,9,7,,47,11,35,93,9,20,18,47,7,23,69,99,12,7,49,68,29,13,48,27,1,67,95,2024-05-23_France_Slovenia,1,1.0285714285714285,-0.2318840579710145,0.10204081632653061,-0.6111111111111112,0.3333333333333333,-0.2318840579710145,0.10204081632653061
2024,2024-05-23,France,Slovenia,1,3,18,22,25,21,0,25,25,23,25,0,57,43,7,7,,43,21,39,103,7,14,16,37,7,19,61,87,8,7,61,76,28,21,53,23,2,76,101,2024-05-23_France_Slovenia,0,0.5641025641025641,-0.19672131147540983,0.01639344262295082,-0.4375,0.1320754716981132,-0.19672131147540983,0.01639344262295082
2024,2024-05-23,Iran,Serbia,1,3,25,25,19,18,0,27,17,25,25,0,60,45,9,6,,45,20,32,97,9,17,17,43,6,19,63,88,20,5,46,71,30,26,62,22,2,78,102,2024-05-23_Iran_Serbia,0,0.78125,-0.20634920634920634,0.32608695652173914,-0.47058823529411764,0.06451612903225806,-0.20634920634920634,0.32608695652173914
2024,2024-05-23,Serbia,Iran,3,1,27,17,25,25,0,25,25,19,18,0,65,48,12,5,,48,13,37,98,12,17,15,44,5,22,66,93,14,6,49,69,27,22,55,27,1,69,97,2024-05-23_Iran_Serbia,1,0.9459459459459459,-0.25757575757575757,0.16326530612244897,-0.3333333333333333,0.09090909090909091,-0.25757575757575757,0.16326530612244897
2024,2024-05-23,Japan,Serbia,3,0,25,25,25,0,0,20,16,22,0,0,54,40,9,5,,40,9,19,68,9,12,11,32,5,14,54,73,6,3,37,46,22,17,42,21,1,47,69,2024-05-23_Japan_Serbia,1,1.631578947368421,-0.16666666666666666,0.08108108108108109,-0.2727272727272727,0.11904761904761904,-0.16666666666666666,0.08108108108108109
2024,2024-05-23,Serbia,Japan,0,3,20,16,22,0,0,25,25,25,0,0,39,31,5,3,,31,15,23,69,5,13,9,27,3,14,43,60,8,5,46,59,16,23,43,25,1,41,67,2024-05-23_Japan_Serbia,0,0.6956521739130435,-0.2558139534883721,0.06521739130434782,-0.8888888888888888,-0.16279069767441862,-0.2558139534883721,0.06521739130434782
2024,2024-05-23,Türkiye,Netherlands,2,3,25,25,18,21,9,19,20,25,25,15,75,53,12,10,,53,20,34,107,12,17,22,51,10,12,76,98,13,8,63,84,28,12,42,19,0,86,105,2024-05-23_Netherlands_Türkiye,0,0.9705882352941176,-0.02631578947368421,0.07936507936507936,-0.22727272727272727,0.38095238095238093,-0.02631578947368421,0.07936507936507936
2024,2024-05-23,Netherlands,Türkiye,3,2,19,20,25,25,15,25,25,18,21,9,81,61,12,8,,61,15,39,115,12,14,19,45,8,20,76,104,12,10,64,86,28,14,44,24,0,88,112,2024-05-23_Netherlands_Türkiye,1,1.1794871794871795,-0.15789473684210525,0.03125,-0.10526315789473684,0.3181818181818182,-0.15789473684210525,0.03125
2024,2024-05-24,Argentina,Brazil,2,3,13,25,25,23,11,25,20,19,25,15,76,65,8,3,,65,13,69,147,8,23,14,45,3,21,73,97,7,4,80,91,40,39,85,25,0,118,143,2024-05-24_Argentina_Brazil,0,0.7536231884057971,-0.2465753424657534,0.0375,-1.0714285714285714,0.011764705882352941,-0.2465753424657534,0.0375
2024,2024-05-24,Brazil,Argentina,3,2,25,20,19,25,15,13,25,25,23,11,77,66,7,4,,66,15,41,122,7,35,44,86,4,13,87,104,13,3,60,76,50,22,76,22,0,102,124,2024-05-24_Argentina_Brazil,1,1.2439024390243902,-0.10344827586206896,0.16666666666666666,-0.6363636363636364,0.3684210526315789,-0.10344827586206896,0.16666666666666666
2024,2024-05-24,Bulgaria,Canada,0,3,22,28,24,0,0,25,30,26,0,0,48,38,5,5,,38,19,30,87,5,18,25,48,5,14,56,75,8,5,49,62,25,16,43,18,0,68,86,2024-05-24_Bulgaria_Canada,0,0.6333333333333333,-0.16071428571428573,0.061224489795918366,-0.52,0.20930232558139536,-0.16071428571428573,0.061224489795918366
2024,2024-05-24,Canada,Bulgaria,3,0,25,30,26,0,0,22,28,24,0,0,57,43,9,5,,43,11,35,89,9,22,18,49,5,19,57,81,11,5,45,61,23,13,39,23,1,64,88,2024-05-24_Bulgaria_Canada,1,0.9142857142857143,-0.24561403508771928,0.13333333333333333,-0.7222222222222222,0.2564102564102564,-0.24561403508771928,0.13333333333333333
2024,2024-05-24,Cuba,Japan,2,3,25,22,23,25,20,18,25,25,19,22,94,69,20,5,,69,16,53,138,20,31,37,88,5,28,85,118,14,6,71,91,46,7,60,24,1,109,134,2024-05-24_Cuba_Japan,0,1.0,-0.27058823529411763,0.11267605633802817,-0.2972972972972973,0.65,-0.27058823529411763,0.11267605633802817
2024,2024-05-24,Japan,Cuba,3,2,18,25,25,19,22,25,22,23,25,20,70,56,8,6,,56,24,65,145,8,22,30,60,6,17,85,108,16,5,69,90,45,12,64,12,0,133,145,2024-05-24_Cuba_Japan,1,0.49230769230769234,-0.12941176470588237,0.15942028985507245,-0.4666666666666667,0.515625,-0.12941176470588237,0.15942028985507245
2024,2024-05-24,France,USA,3,0,25,25,25,0,0,22,21,21,0,0,50,41,7,2,,41,5,28,74,7,15,23,45,2,17,54,73,16,2,33,51,26,11,38,19,0,50,69,2024-05-24_France_USA,1,1.2857142857142858,-0.2777777777777778,0.42424242424242425,-0.34782608695652173,0.39473684210526316,-0.2777777777777778,0.42424242424242425
2024,2024-05-24,USA,France,0,3,22,21,21,0,0,25,25,25,0,0,44,39,3,2,,39,15,34,88,3,19,11,33,2,16,49,67,13,2,41,56,23,15,45,19,0,67,86,2024-05-24_France_USA,0,0.7058823529411765,-0.2857142857142857,0.2682926829268293,-1.4545454545454546,0.17777777777777778,-0.2857142857142857,0.2682926829268293
2024,2024-05-24,Iran,Italy,0,3,19,18,11,0,0,25,25,25,0,0,31,27,1,3,,27,20,25,72,1,15,13,29,3,7,39,49,7,6,46,59,17,16,40,12,0,60,72,2024-05-24_Iran_Italy,0,0.28,-0.10256410256410256,0.021739130434782608,-1.0769230769230769,0.025,-0.10256410256410256,0.021739130434782608
2024,2024-05-24,Italy,Iran,3,0,25,25,25,0,0,19,18,11,0,0,60,41,13,6,,41,2,26,69,13,11,12,36,6,16,53,75,9,3,30,42,18,13,40,9,0,60,69,2024-05-24_Iran_Italy,1,1.5,-0.18867924528301888,0.2,0.16666666666666666,0.125,-0.18867924528301888,0.2
2024,2024-05-24,Netherlands,Poland,0,3,28,23,18,0,0,30,25,25,0,0,52,37,9,6,,37,21,23,81,9,16,11,36,6,8,57,71,10,7,49,66,20,7,31,22,0,58,80,2024-05-24_Netherlands_Poland,0,0.6956521739130435,-0.03508771929824561,0.061224489795918366,-0.6363636363636364,0.41935483870967744,-0.03508771929824561,0.061224489795918366
2024,2024-05-24,Poland,Netherlands,3,0,30,25,25,0,0,28,23,18,0,0,64,43,14,7,,43,13,20,76,14,17,10,41,7,13,59,79,10,6,47,63,18,6,29,21,0,54,75,2024-05-24_Netherlands_Poland,1,1.5,-0.1016949152542373,0.0851063829787234,-0.3,0.41379310344827586,-0.1016949152542373,0.0851063829787234
2024,2024-05-25,Argentina,Germany,3,1,21,25,25,25,0,25,19,21,21,0,70,51,18,1,,51,15,34,100,18,27,25,70,1,10,84,95,12,3,53,68,31,27,65,35,1,65,101,2024-05-25_Argentina_Germany,1,1.0588235294117647,-0.10714285714285714,0.16981132075471697,-0.36,0.06153846153846154,-0.10714285714285714,0.16981132075471697
2024,2024-05-25,Germany,Argentina,1,3,25,19,21,21,0,21,25,25,25,0,66,56,7,3,,56,25,38,119,7,12,18,37,3,19,65,87,15,1,69,85,33,29,65,33,0,86,119,2024-05-25_Argentina_Germany,0,0.8157894736842105,-0.24615384615384617,0.2028985507246377,-0.2777777777777778,0.06153846153846154,-0.24615384615384617,0.2028985507246377
2024,2024-05-25,Serbia,Brazil,1,3,21,20,25,22,0,25,25,22,25,0,58,49,5,4,,49,14,34,97,5,16,16,37,4,23,63,90,17,5,54,76,21,33,60,18,0,77,95,2024-05-25_Brazil_Serbia,0,1.0294117647058822,-0.30158730158730157,0.2222222222222222,-0.6875,-0.2,-0.30158730158730157,0.2222222222222222
2024,2024-05-25,Brazil,Serbia,3,1,25,25,22,25,0,21,20,25,22,0,70,55,10,5,,55,12,30,97,10,28,22,60,5,20,71,96,11,4,52,67,32,19,54,26,1,71,98,2024-05-25_Brazil_Serbia,1,1.4333333333333333,-0.2112676056338028,0.1346153846153846,-0.8181818181818182,0.24074074074074073,-0.2112676056338028,0.1346153846153846
2024,2024-05-25,Bulgaria,USA,3,1,25,25,21,25,0,21,20,25,21,0,75,56,12,7,,56,10,46,112,12,22,22,56,7,17,72,96,14,6,54,74,38,15,58,15,2,95,112,2024-05-25_Bulgaria_USA,1,1.0,-0.1388888888888889,0.14814814814814814,-0.45454545454545453,0.39655172413793105,-0.1388888888888889,0.14814814814814814
2024,2024-05-25,USA,Bulgaria,1,3,21,20,25,21,0,25,25,21,25,0,65,52,7,6,,52,18,44,114,7,18,29,54,6,14,68,88,17,7,55,79,37,17,62,17,1,96,114,2024-05-25_Bulgaria_USA,0,0.7727272727272727,-0.11764705882352941,0.18181818181818182,-0.3793103448275862,0.3225806451612903,-0.11764705882352941,0.18181818181818182
2024,2024-05-25,Slovenia,Canada,3,2,22,25,25,21,15,25,18,18,25,10,81,66,4,11,,66,23,54,143,4,19,23,46,11,12,84,107,15,3,63,81,55,10,71,25,0,116,141,2024-05-25_Canada_Slovenia,1,0.7962962962962963,-0.011904761904761904,0.19047619047619047,-0.6521739130434783,0.6338028169014085,-0.011904761904761904,0.19047619047619047
2024,2024-05-25,Canada,Slovenia,2,3,25,18,18,25,10,22,25,25,21,15,74,57,14,3,,57,13,51,121,14,28,28,70,3,16,78,97,7,11,77,95,38,11,59,25,1,96,122,2024-05-25_Canada_Slovenia,0,0.8627450980392157,-0.16666666666666666,-0.05194805194805195,-0.5,0.4576271186440678,-0.16666666666666666,-0.05194805194805195
2024,2024-05-25,Türkiye,France,1,3,27,23,16,14,0,25,25,25,25,0,54,41,8,5,,41,19,34,94,8,21,14,43,5,17,59,81,16,12,50,78,22,14,44,26,1,65,92,2024-05-25_France_Türkiye,0,0.6470588235294118,-0.2033898305084746,0.08,-0.9285714285714286,0.18181818181818182,-0.2033898305084746,0.08
2024,2024-05-25,France,Türkiye,3,1,25,25,25,25,0,27,23,16,14,0,72,51,9,12,,51,12,30,93,9,13,15,37,12,21,66,99,15,5,44,64,31,10,46,26,1,62,89,2024-05-25_France_Türkiye,1,1.3,-0.13636363636363635,0.22727272727272727,-0.26666666666666666,0.45652173913043476,-0.13636363636363635,0.22727272727272727
2024,2024-05-25,Japan,Italy,1,3,25,16,17,17,0,23,25,25,25,0,48,42,3,3,,42,26,43,111,3,15,22,40,3,9,64,76,9,5,62,76,38,13,59,16,8,97,121,2024-05-25_Italy_Japan,0,0.37209302325581395,-0.09375,0.06451612903225806,-0.5454545454545454,0.423728813559322,-0.09375,0.06451612903225806
2024,2024-05-25,Italy,Japan,3,1,23,25,25,25,0,25,16,17,17,0,70,49,15,6,,49,7,45,101,15,15,25,55,6,18,74,98,15,3,46,64,34,18,55,18,6,77,101,2024-05-25_Italy_Japan,1,0.9333333333333333,-0.16216216216216217,0.2608695652173913,0.0,0.2909090909090909,-0.16216216216216217,0.2608695652173913
2024,2024-05-26,Iran,Argentina,2,3,25,29,25,20,13,23,31,20,25,15,79,65,10,4,,65,24,37,126,10,26,21,57,4,14,94,112,28,3,64,95,33,19,63,21,2,101,124,2024-05-26_Argentina_Iran,0,1.1081081081081081,-0.10638297872340426,0.390625,-0.7619047619047619,0.2222222222222222,-0.10638297872340426,0.390625
2024,2024-05-26,Argentina,Iran,3,2,23,31,20,25,15,25,29,25,20,13,86,69,14,3,,69,23,48,140,14,21,16,51,3,19,92,114,28,4,66,98,37,12,59,44,0,92,136,2024-05-26_Argentina_Iran,1,0.9583333333333334,-0.17391304347826086,0.36363636363636365,-0.4375,0.423728813559322,-0.17391304347826086,0.36363636363636365
2024,2024-05-26,Brazil,Italy,2,3,25,15,25,17,13,17,25,22,25,15,68,54,13,1,,54,20,38,112,13,22,20,55,1,16,79,96,11,9,64,84,30,18,60,19,0,93,112,2024-05-26_Brazil_Italy,0,0.8947368421052632,-0.189873417721519,0.03125,-0.45,0.2,-0.189873417721519,0.03125
2024,2024-05-26,Italy,Brazil,3,2,17,25,22,25,15,25,15,25,17,13,77,59,9,9,,59,18,38,115,9,20,19,48,9,20,75,104,23,1,56,80,28,21,60,20,1,94,115,2024-05-26_Brazil_Italy,1,1.0789473684210527,-0.14666666666666667,0.39285714285714285,-0.5789473684210527,0.11666666666666667,-0.14666666666666667,0.39285714285714285
2024,2024-05-26,Bulgaria,Netherlands,1,3,16,25,13,20,0,25,20,25,25,0,49,39,4,6,,39,22,33,94,4,8,20,32,6,16,52,74,6,10,59,75,28,13,43,19,2,75,96,2024-05-26_Bulgaria_Netherlands,0,0.5151515151515151,-0.19230769230769232,-0.06779661016949153,-0.2,0.3488372093023256,-0.19230769230769232,-0.06779661016949153
2024,2024-05-26,Netherlands,Bulgaria,3,1,25,20,25,25,0,16,25,13,20,0,66,44,12,10,,44,8,39,91,12,19,12,43,10,19,65,94,10,6,42,58,31,5,36,18,2,71,91,2024-05-26_Bulgaria_Netherlands,1,0.9230769230769231,-0.13846153846153847,0.09523809523809523,-0.5833333333333334,0.7222222222222222,-0.13846153846153847,0.09523809523809523
2024,2024-05-26,Cuba,Iran,3,1,25,14,25,25,0,20,25,21,21,0,69,53,9,7,,53,13,41,107,9,31,26,66,7,15,66,88,11,6,57,74,35,15,52,20,1,88,109,2024-05-26_Cuba_Iran,1,0.975609756097561,-0.12121212121212122,0.08771929824561403,-0.8461538461538461,0.38461538461538464,-0.12121212121212122,0.08771929824561403
2024,2024-05-26,Iran,Cuba,1,3,20,25,21,21,0,25,14,25,25,0,61,51,4,6,,51,14,39,104,4,22,25,51,6,14,68,88,18,7,48,73,34,19,59,20,1,86,107,2024-05-26_Cuba_Iran,0,0.9487179487179487,-0.11764705882352941,0.22916666666666666,-0.72,0.2542372881355932,-0.11764705882352941,0.22916666666666666
2024,2024-05-26,Serbia,Germany,0,3,21,20,20,0,0,25,25,25,0,0,42,33,8,1,,33,17,30,80,8,14,26,48,1,7,55,63,13,5,42,60,23,21,47,23,1,59,83,2024-05-26_Germany_Serbia,0,0.5333333333333333,-0.10909090909090909,0.19047619047619047,-0.23076923076923078,0.0425531914893617,-0.10909090909090909,0.19047619047619047
2024,2024-05-26,Germany,Serbia,3,0,25,25,25,0,0,21,20,20,0,0,59,45,9,5,,45,14,38,97,9,20,16,45,5,13,55,73,12,1,43,56,21,8,36,21,0,73,94,2024-05-26_Germany_Serbia,1,0.8157894736842105,-0.14545454545454545,0.2558139534883721,-0.6875,0.3611111111111111,-0.14545454545454545,0.2558139534883721
2024,2024-05-26,Slovenia,Poland,3,0,25,25,25,0,0,20,21,18,0,0,57,46,3,8,,46,8,19,73,3,14,15,32,8,10,55,73,8,2,39,49,25,9,40,18,0,54,72,2024-05-26_Poland_Slovenia,1,2.0,-0.03636363636363636,0.15384615384615385,-0.7333333333333333,0.4,-0.03636363636363636,0.15384615384615385
2024,2024-05-26,Poland,Slovenia,0,3,20,21,18,0,0,25,25,25,0,0,45,38,5,2,,38,7,30,75,5,18,8,31,2,12,47,61,9,8,46,63,23,11,36,20,1,55,76,2024-05-26_Poland_Slovenia,0,1.0333333333333334,-0.2127659574468085,0.021739130434782608,-1.625,0.3333333333333333,-0.2127659574468085,0.021739130434782608
2024,2024-05-26,Türkiye,USA,1,3,25,22,25,21,0,20,25,27,25,0,62,51,8,3,,51,16,40,107,8,19,31,58,3,21,70,94,10,7,57,74,46,11,63,23,2,85,110,2024-05-26_Türkiye_USA,0,0.875,-0.2571428571428571,0.05263157894736842,-0.3548387096774194,0.5555555555555556,-0.2571428571428571,0.05263157894736842
2024,2024-05-26,USA,Türkiye,3,1,20,25,27,25,0,25,22,25,21,0,65,50,8,7,,50,14,51,115,8,17,17,42,7,22,68,97,17,3,53,73,36,16,60,28,1,83,112,2024-05-26_Türkiye_USA,1,0.7058823529411765,-0.22058823529411764,0.2641509433962264,-0.5294117647058824,0.3333333333333333,-0.22058823529411764,0.2641509433962264
2024,2024-06-04,Argentina,USA,0,3,23,21,24,0,0,25,25,26,0,0,48,41,5,2,,41,12,37,90,5,16,10,31,2,14,54,70,9,1,50,60,25,10,37,25,1,64,90,2024-06-04_Argentina_USA,0,0.7837837837837838,-0.2222222222222222,0.16,-1.1,0.40540540540540543,-0.2222222222222222,0.16
2024,2024-06-04,USA,Argentina,3,0,25,25,26,0,0,23,21,24,0,0,55,46,8,1,,46,11,26,83,8,10,19,37,1,14,59,74,17,2,37,56,29,11,43,28,0,56,84,2024-06-04_Argentina_USA,1,1.3461538461538463,-0.22033898305084745,0.40540540540540543,-0.10526315789473684,0.4186046511627907,-0.22033898305084745,0.40540540540540543
2024,2024-06-04,Germany,Brazil,0,3,15,16,15,0,0,25,25,25,0,0,39,36,1,2,,36,18,30,84,1,7,10,18,2,15,30,47,21,6,43,70,17,14,32,23,2,61,86,2024-06-04_Brazil_Germany,0,0.6,-0.43333333333333335,0.3488372093023256,-0.6,0.09375,-0.43333333333333335,0.3488372093023256
2024,2024-06-04,Brazil,Germany,3,0,25,25,25,0,0,15,16,15,0,0,50,34,10,6,,34,3,17,54,10,20,20,50,6,5,64,75,5,2,25,32,22,7,32,12,0,42,54,2024-06-04_Brazil_Germany,1,1.8235294117647058,0.015625,0.12,-0.5,0.46875,0.015625,0.12
2024,2024-06-04,Poland,Bulgaria,3,1,21,25,25,25,0,25,21,19,18,0,61,46,8,7,,46,12,32,90,8,18,22,48,7,13,75,95,18,2,38,58,31,13,49,27,3,64,94,2024-06-04_Bulgaria_Poland,1,1.0625,-0.08,0.42105263157894735,-0.45454545454545453,0.3673469387755102,-0.08,0.42105263157894735
2024,2024-06-04,Bulgaria,Poland,1,3,25,21,19,18,0,21,25,25,25,0,60,51,7,2,,51,15,38,104,7,12,17,36,2,24,58,84,20,7,54,81,24,13,40,30,3,65,98,2024-06-04_Bulgaria_Poland,0,0.9473684210526315,-0.3793103448275862,0.24074074074074073,-0.29411764705882354,0.275,-0.3793103448275862,0.24074074074074073
2024,2024-06-04,Iran,Japan,0,3,23,22,17,0,0,25,25,25,0,0,49,40,5,4,,40,5,30,75,5,21,14,40,4,15,45,64,11,2,50,63,15,15,36,14,2,60,76,2024-06-04_Iran_Japan,0,1.1666666666666667,-0.24444444444444444,0.18,-1.1428571428571428,0.0,-0.24444444444444444,0.18
2024,2024-06-04,Japan,Iran,3,0,25,25,25,0,0,23,22,17,0,0,56,50,4,2,,50,6,28,84,4,19,13,36,2,10,61,73,11,4,34,49,27,9,41,17,0,64,81,2024-06-04_Iran_Japan,1,1.5714285714285714,-0.13114754098360656,0.20588235294117646,-1.1538461538461537,0.43902439024390244,-0.13114754098360656,0.20588235294117646
2024,2024-06-05,Canada,Cuba,3,1,25,25,25,28,0,21,27,20,26,0,78,57,17,4,,57,10,37,104,17,25,17,59,4,19,80,103,17,4,57,78,22,12,36,27,0,74,101,2024-06-05_Canada_Cuba,1,1.2702702702702702,-0.1875,0.22807017543859648,-0.47058823529411764,0.2777777777777778,-0.1875,0.22807017543859648
2024,2024-06-05,Cuba,Canada,1,3,21,27,20,26,0,25,25,25,28,0,70,60,6,4,,60,26,31,117,6,23,22,51,4,17,74,95,13,4,67,84,28,15,47,12,0,99,111,2024-06-05_Canada_Cuba,0,1.096774193548387,-0.17567567567567569,0.13432835820895522,-0.7727272727272727,0.2765957446808511,-0.17567567567567569,0.13432835820895522
2024,2024-06-05,Germany,Japan,2,3,22,25,27,23,8,25,22,25,25,15,80,65,5,10,,65,15,45,125,5,31,23,59,10,20,75,105,25,3,66,94,35,23,68,32,3,94,129,2024-06-05_Germany_Japan,0,1.1111111111111112,-0.13333333333333333,0.3333333333333333,-1.1304347826086956,0.17647058823529413,-0.13333333333333333,0.3333333333333333
2024,2024-06-05,Japan,Germany,3,2,25,22,25,25,15,22,25,27,23,8,84,71,10,3,,71,9,48,128,10,28,25,63,3,17,91,111,15,10,60,85,46,23,74,35,2,91,128,2024-06-05_Germany_Japan,1,1.2916666666666667,-0.15384615384615385,0.08333333333333333,-0.72,0.3108108108108108,-0.15384615384615385,0.08333333333333333
2024,2024-06-05,Serbia,Netherlands,3,0,25,25,26,0,0,17,20,24,0,0,49,35,6,8,,35,9,14,58,6,17,9,32,8,11,56,75,4,4,37,45,16,11,32,10,1,47,58,2024-06-05_Netherlands_Serbia,1,1.8571428571428572,-0.05357142857142857,0.0,-1.2222222222222223,0.15625,-0.05357142857142857,0.0
2024,2024-06-05,Netherlands,Serbia,0,3,17,20,24,0,0,25,25,26,0,0,46,35,7,4,,35,14,22,71,7,15,8,30,4,16,42,62,4,8,51,63,15,14,29,19,2,54,75,2024-06-05_Netherlands_Serbia,0,0.9545454545454546,-0.2857142857142857,-0.0784313725490196,-1.0,0.034482758620689655,-0.2857142857142857,-0.0784313725490196
2024,2024-06-05,Slovenia,Türkiye,3,0,25,26,25,0,0,22,24,20,0,0,55,42,7,6,,42,12,42,96,7,7,16,30,6,10,58,74,13,7,37,57,37,12,59,22,1,75,98,2024-06-05_Slovenia_Türkiye,1,0.7142857142857143,-0.06896551724137931,0.16216216216216217,0.0,0.423728813559322,-0.06896551724137931,0.16216216216216217
2024,2024-06-05,Türkiye,Slovenia,0,3,22,24,20,0,0,25,26,25,0,0,50,36,7,7,,36,15,42,93,7,13,19,39,7,11,50,68,11,6,47,64,31,13,51,24,1,63,88,2024-06-05_Slovenia_Türkiye,0,0.5,-0.08,0.10638297872340426,-0.3157894736842105,0.35294117647058826,-0.08,0.10638297872340426
2024,2024-06-06,Iran,Brazil,1,3,19,25,16,23,0,25,22,25,25,0,59,48,8,3,,48,15,37,100,8,20,15,43,3,18,63,84,8,7,64,79,27,19,48,9,1,91,101,2024-06-06_Brazil_Iran,0,0.8918918918918919,-0.23809523809523808,0.015625,-0.8,0.16666666666666666,-0.23809523809523808,0.015625
2024,2024-06-06,Brazil,Iran,3,1,25,22,25,25,0,19,25,16,23,0,69,56,6,7,,56,13,32,101,6,25,14,45,7,16,73,96,7,3,55,65,34,16,54,31,1,70,102,2024-06-06_Brazil_Iran,1,1.34375,-0.1232876712328767,0.07272727272727272,-1.3571428571428572,0.3333333333333333,-0.1232876712328767,0.07272727272727272
2024,2024-06-06,Bulgaria,Germany,1,3,24,25,16,16,0,26,22,25,25,0,56,40,10,6,,40,19,46,105,10,25,25,60,6,16,60,82,20,5,55,80,32,22,58,34,1,71,106,2024-06-06_Bulgaria_Germany,0,0.45652173913043476,-0.16666666666666666,0.2727272727272727,-0.6,0.1724137931034483,-0.16666666666666666,0.2727272727272727
2024,2024-06-06,Germany,Bulgaria,3,1,26,22,25,25,0,24,25,16,16,0,67,55,7,5,,55,17,42,114,7,13,20,40,5,17,75,97,12,6,48,66,46,18,66,30,0,83,113,2024-06-06_Bulgaria_Germany,1,0.9047619047619048,-0.16,0.125,-0.3,0.42424242424242425,-0.16,0.125
2024,2024-06-06,Cuba,Netherlands,1,3,24,25,20,22,0,26,21,25,25,0,60,50,9,1,,50,17,30,97,9,22,16,47,1,15,76,92,14,9,57,80,26,17,48,18,0,80,98,2024-06-06_Cuba_Netherlands,0,1.1,-0.18421052631578946,0.08771929824561403,-0.8125,0.1875,-0.18421052631578946,0.08771929824561403
2024,2024-06-06,Netherlands,Cuba,3,1,26,21,25,25,0,24,25,20,22,0,76,55,12,9,,55,22,29,106,12,22,11,45,9,16,71,96,19,1,57,77,32,9,45,17,1,87,105,2024-06-06_Cuba_Netherlands,1,1.1379310344827587,-0.09859154929577464,0.3157894736842105,-0.9090909090909091,0.5111111111111111,-0.09859154929577464,0.3157894736842105
2024,2024-06-06,France,Italy,3,2,25,18,25,19,15,23,25,23,25,10,70,54,11,5,,54,18,49,121,11,19,15,45,5,19,77,101,22,2,62,86,32,20,60,26,2,97,125,2024-06-06_France_Italy,1,0.7346938775510204,-0.18181818181818182,0.3225806451612903,-0.5333333333333333,0.2,-0.18181818181818182,0.3225806451612903
2024,2024-06-06,Italy,France,2,3,23,25,23,25,10,25,18,25,19,15,77,63,12,2,,63,20,40,123,12,22,25,59,2,20,85,107,16,5,61,82,44,9,57,35,2,84,121,2024-06-06_France_Italy,0,1.075,-0.21176470588235294,0.18032786885245902,-0.4,0.6140350877192983,-0.21176470588235294,0.18032786885245902
2024,2024-06-06,USA,Italy,0,3,23,24,20,0,0,25,26,25,0,0,46,35,8,3,,35,15,44,94,8,21,26,55,3,8,57,68,17,7,40,64,37,11,49,26,1,67,94,2024-06-06_Italy_USA,0,0.45454545454545453,-0.08771929824561403,0.25,-0.5,0.5306122448979592,-0.08771929824561403,0.25
2024,2024-06-06,Italy,USA,3,0,25,26,25,0,0,23,24,20,0,0,56,44,5,7,,44,13,41,98,5,17,20,42,7,11,57,75,11,3,46,60,39,9,53,15,1,81,97,2024-06-06_Italy_USA,1,0.7560975609756098,-0.07017543859649122,0.17391304347826086,-0.6,0.5660377358490566,-0.07017543859649122,0.17391304347826086
2024,2024-06-06,Poland,Türkiye,3,0,25,25,25,0,0,19,12,19,0,0,54,37,11,6,,37,11,21,69,11,8,14,33,6,6,62,74,4,3,31,38,29,8,40,10,1,55,66,2024-06-06_Poland_Türkiye,1,1.2380952380952381,0.0,0.03225806451612903,0.21428571428571427,0.525,0.0,0.03225806451612903
2024,2024-06-06,Türkiye,Poland,0,3,19,12,19,0,0,25,25,25,0,0,38,28,7,3,,28,17,40,85,7,12,10,29,3,14,35,52,14,6,48,68,16,11,29,17,1,66,84,2024-06-06_Poland_Türkiye,0,0.275,-0.3142857142857143,0.16666666666666666,-0.5,0.1724137931034483,-0.3142857142857143,0.16666666666666666
2024,2024-06-07,Canada,Argentina,1,3,18,25,21,20,0,25,22,25,25,0,61,53,6,2,,53,19,37,109,6,18,28,52,2,19,65,86,14,5,63,82,29,9,46,30,1,81,112,2024-06-07_Argentina_Canada,0,0.918918918918919,-0.26153846153846155,0.14285714285714285,-0.42857142857142855,0.43478260869565216,-0.26153846153846155,0.14285714285714285
2024,2024-06-07,Argentina,Canada,3,1,25,22,25,25,0,18,25,21,20,0,67,51,11,5,,51,13,48,112,11,17,23,51,5,14,77,96,16,2,49,67,38,9,48,32,2,76,110,2024-06-07_Argentina_Canada,1,0.7916666666666666,-0.11688311688311688,0.2857142857142857,-0.2608695652173913,0.6041666666666666,-0.11688311688311688,0.2857142857142857
2024,2024-06-07,Brazil,Slovenia,2,3,25,25,24,25,12,27,23,26,21,15,76,63,8,5,,63,16,51,130,8,29,19,56,5,18,88,111,14,4,70,88,42,19,71,26,2,105,133,2024-06-07_Brazil_Slovenia,0,0.9215686274509803,-0.14772727272727273,0.14285714285714285,-1.105263157894737,0.323943661971831,-0.14772727272727273,0.14285714285714285
2024,2024-06-07,Slovenia,Brazil,3,2,27,23,26,21,15,25,25,24,25,12,83,72,7,4,,72,17,44,133,7,22,19,48,4,24,84,112,14,5,74,93,43,23,76,32,0,99,131,2024-06-07_Brazil_Slovenia,1,1.25,-0.23809523809523808,0.12162162162162163,-0.7894736842105263,0.2631578947368421,-0.23809523809523808,0.12162162162162163
2024,2024-06-07,Bulgaria,Iran,3,2,20,25,25,20,15,25,22,23,25,11,77,53,19,5,,53,25,38,116,19,17,22,58,5,28,72,105,10,10,72,92,29,24,58,29,0,82,111,2024-06-07_Bulgaria_Iran,1,0.7368421052631579,-0.3194444444444444,0.0,0.09090909090909091,0.08620689655172414,-0.3194444444444444,0.0
2024,2024-06-07,Iran,Bulgaria,2,3,25,22,23,25,11,20,25,25,20,15,68,42,16,10,,42,29,40,111,16,19,23,58,10,14,82,106,16,5,56,77,33,28,66,28,2,81,111,2024-06-07_Bulgaria_Iran,0,0.325,-0.04878048780487805,0.19642857142857142,-0.13043478260869565,0.07575757575757576,-0.04878048780487805,0.19642857142857142
2024,2024-06-07,Cuba,Italy,1,3,21,25,19,13,0,25,22,25,25,0,56,45,6,5,,45,20,33,98,6,20,14,40,5,19,55,79,10,6,64,80,21,18,45,25,1,71,97,2024-06-07_Cuba_Italy,0,0.7575757575757576,-0.2545454545454545,0.0625,-1.0,0.06666666666666667,-0.2545454545454545,0.0625
2024,2024-06-07,Italy,Cuba,3,1,25,22,25,25,0,21,25,19,13,0,65,48,11,6,,48,9,32,89,11,19,19,49,6,18,74,98,18,5,37,60,23,14,41,25,0,61,86,2024-06-07_Cuba_Italy,1,1.21875,-0.16216216216216217,0.35135135135135137,-0.42105263157894735,0.21951219512195122,-0.16216216216216217,0.35135135135135137
2024,2024-06-07,France,Netherlands,3,1,25,20,25,25,0,20,25,19,22,0,68,51,13,4,,51,13,34,98,13,26,12,51,4,13,77,94,18,4,49,71,31,13,47,22,0,74,96,2024-06-07_France_Netherlands,1,1.1176470588235294,-0.11688311688311688,0.2857142857142857,-1.0833333333333333,0.3829787234042553,-0.11688311688311688,0.2857142857142857
2024,2024-06-07,Netherlands,France,1,3,20,25,19,22,0,25,20,25,25,0,64,55,5,4,,55,24,31,110,5,26,17,48,4,16,67,87,24,4,53,81,31,10,47,39,0,73,112,2024-06-07_France_Netherlands,0,1.0,-0.1791044776119403,0.37735849056603776,-1.2352941176470589,0.44680851063829785,-0.1791044776119403,0.37735849056603776
2024,2024-06-07,Japan,Poland,0,3,17,15,20,0,0,25,25,25,0,0,37,30,3,4,,30,23,24,77,3,14,19,36,4,7,43,54,11,1,52,64,20,20,45,14,3,64,81,2024-06-07_Japan_Poland,0,0.2916666666666667,-0.06976744186046512,0.19230769230769232,-0.5789473684210527,0.0,-0.06976744186046512,0.19230769230769232
2024,2024-06-07,Poland,Japan,3,0,25,25,25,0,0,17,15,20,0,0,56,41,14,1,,41,9,29,79,14,14,15,43,1,9,63,73,15,4,27,46,27,6,35,34,0,44,78,2024-06-07_Japan_Poland,1,1.103448275862069,-0.12698412698412698,0.4074074074074074,0.0,0.6,-0.12698412698412698,0.4074074074074074
2024,2024-06-08,Poland,Brazil,1,3,21,17,25,23,0,25,25,21,25,0,55,47,5,3,,47,17,28,92,5,19,13,37,3,24,60,87,18,5,50,73,20,12,39,18,0,72,90,2024-06-08_Brazil_Poland,0,1.0714285714285714,-0.35,0.26,-1.0769230769230769,0.20512820512820512,-0.35,0.26
2024,2024-06-08,Brazil,Poland,3,1,25,25,21,25,0,21,17,25,23,0,67,49,13,5,,49,12,28,89,13,23,20,56,5,23,68,96,8,3,52,63,26,9,39,26,1,63,90,2024-06-08_Brazil_Poland,1,1.3214285714285714,-0.2647058823529412,0.09615384615384616,-0.5,0.4358974358974359,-0.2647058823529412,0.09615384615384616
2024,2024-06-08,Canada,USA,3,1,25,19,26,28,0,16,25,24,26,0,69,56,5,8,,56,14,45,115,5,13,25,43,8,23,66,97,8,5,58,71,43,14,64,26,0,89,115,2024-06-08_Canada_USA,1,0.9333333333333333,-0.22727272727272727,0.05172413793103448,-0.32,0.453125,-0.22727272727272727,0.05172413793103448
2024,2024-06-08,USA,Canada,1,3,16,25,24,26,0,25,19,26,28,0,62,49,8,5,,49,12,45,106,8,25,26,59,5,21,66,92,9,8,57,74,38,15,56,20,1,79,100,2024-06-08_Canada_USA,0,0.8222222222222222,-0.24242424242424243,0.017543859649122806,-0.6538461538461539,0.4107142857142857,-0.24242424242424243,0.017543859649122806
2024,2024-06-08,Cuba,France,3,2,25,20,23,25,15,18,25,25,22,10,79,60,13,6,,60,15,25,100,13,25,19,57,6,12,90,108,16,7,54,77,20,11,34,25,2,71,98,2024-06-08_Cuba_France,1,1.8,-0.06666666666666667,0.16666666666666666,-0.631578947368421,0.2647058823529412,-0.06666666666666667,0.16666666666666666
2024,2024-06-08,France,Cuba,2,3,18,25,25,22,10,25,20,23,25,15,78,64,7,7,,64,18,33,115,7,22,17,46,7,23,70,100,31,6,59,96,20,15,36,33,1,83,117,2024-06-08_Cuba_France,0,1.393939393939394,-0.22857142857142856,0.423728813559322,-0.8823529411764706,0.1388888888888889,-0.22857142857142856,0.423728813559322
2024,2024-06-08,Türkiye,Iran,3,1,22,25,25,27,0,25,23,23,25,0,69,53,10,6,,53,13,38,104,10,29,30,69,6,17,75,98,12,4,61,77,30,13,48,13,2,90,105,2024-06-08_Iran_Türkiye,1,1.0526315789473684,-0.14666666666666667,0.13114754098360656,-0.6333333333333333,0.3541666666666667,-0.14666666666666667,0.13114754098360656
2024,2024-06-08,Iran,Türkiye,1,3,25,23,23,25,0,22,25,25,27,0,73,59,10,4,,59,19,42,120,10,23,16,49,4,20,73,97,20,6,55,81,35,14,54,17,0,102,119,2024-06-08_Iran_Türkiye,0,0.9523809523809523,-0.2191780821917808,0.2545454545454545,-0.8125,0.3888888888888889,-0.2191780821917808,0.2545454545454545
2024,2024-06-08,Japan,Slovenia,3,1,25,19,26,25,0,23,25,24,21,0,68,55,6,7,,55,22,34,111,6,18,21,45,7,15,72,94,18,4,56,78,36,18,56,26,0,86,112,2024-06-08_Japan_Slovenia,1,0.9705882352941176,-0.1111111111111111,0.25,-0.5714285714285714,0.32142857142857145,-0.1111111111111111,0.25
2024,2024-06-08,Slovenia,Japan,1,3,23,25,24,21,0,25,19,26,25,0,69,52,13,4,,52,17,41,110,13,23,24,60,4,16,74,94,13,7,59,79,30,20,53,33,0,74,107,2024-06-08_Japan_Slovenia,0,0.8536585365853658,-0.16216216216216217,0.1016949152542373,-0.4166666666666667,0.18867924528301888,-0.16216216216216217,0.1016949152542373
2024,2024-06-08,USA,Serbia,3,1,23,25,25,25,0,25,15,23,14,0,70,55,11,4,,55,7,44,106,11,21,24,56,4,13,80,97,20,5,38,63,42,16,63,34,0,70,104,2024-06-08_Serbia_USA,1,1.0909090909090908,-0.1125,0.39473684210526316,-0.4166666666666667,0.4126984126984127,-0.1125,0.39473684210526316
2024,2024-06-08,Serbia,USA,1,3,25,15,23,14,0,23,25,25,25,0,62,52,5,5,,52,21,49,122,5,14,26,45,5,15,58,78,19,4,61,84,35,19,59,20,2,96,118,2024-06-08_Serbia_USA,0,0.6326530612244898,-0.1724137931034483,0.2459016393442623,-0.34615384615384615,0.2711864406779661,-0.1724137931034483,0.2459016393442623
2024,2024-06-09,Argentina,France,2,3,19,17,25,28,9,25,25,22,26,15,73,60,8,5,,60,19,44,123,8,26,19,53,5,18,75,98,19,8,65,92,31,23,56,37,1,81,119,2024-06-09_Argentina_France,0,0.9318181818181818,-0.17333333333333334,0.16923076923076924,-0.9473684210526315,0.14285714285714285,-0.17333333333333334,0.16923076923076924
2024,2024-06-09,France,Argentina,3,2,25,25,22,26,15,19,17,25,28,9,83,66,9,8,,66,11,35,112,9,24,19,52,8,21,84,113,14,5,61,80,31,15,56,32,0,77,109,2024-06-09_Argentina_France,1,1.5714285714285714,-0.15476190476190477,0.14754098360655737,-0.7894736842105263,0.2857142857142857,-0.15476190476190477,0.14754098360655737
2024,2024-06-09,Serbia,Argentina,2,3,26,18,25,25,13,28,25,18,22,15,81,64,13,4,,64,19,36,119,13,20,27,60,4,24,80,108,14,8,69,91,30,17,54,19,0,98,117,2024-06-09_Argentina_Serbia,0,1.25,-0.25,0.08695652173913043,-0.25925925925925924,0.24074074074074073,-0.25,0.08695652173913043
2024,2024-06-09,Argentina,Serbia,3,2,28,25,18,22,15,26,18,25,25,13,79,57,14,8,,57,22,38,117,14,23,21,58,8,16,83,107,18,4,62,84,31,17,53,33,1,81,115,2024-06-09_Argentina_Serbia,1,0.9210526315789473,-0.0963855421686747,0.22580645161290322,-0.42857142857142855,0.2641509433962264,-0.0963855421686747,0.22580645161290322
2024,2024-06-09,Bulgaria,Slovenia,0,3,23,14,21,0,0,25,25,25,0,0,40,33,3,4,,33,13,32,78,3,15,12,30,4,19,37,60,11,6,43,60,20,10,32,29,0,53,82,2024-06-09_Bulgaria_Slovenia,0,0.625,-0.40540540540540543,0.11627906976744186,-1.0,0.3125,-0.40540540540540543,0.11627906976744186
2024,2024-06-09,Slovenia,Bulgaria,3,0,25,25,25,0,0,23,14,21,0,0,51,37,8,6,,37,6,25,68,8,18,13,39,6,13,54,73,9,4,28,41,28,4,34,15,1,53,69,2024-06-09_Bulgaria_Slovenia,1,1.24,-0.12962962962962962,0.17857142857142858,-0.7692307692307693,0.7058823529411765,-0.12962962962962962,0.17857142857142858
2024,2024-06-09,Canada,Serbia,1,3,25,20,18,23,0,21,25,25,25,0,64,54,8,2,,54,13,32,99,8,17,19,44,2,16,70,88,16,11,55,82,18,22,45,25,0,71,96,2024-06-09_Canada_Serbia,0,1.28125,-0.2,0.09090909090909091,-0.47368421052631576,-0.08888888888888889,-0.2,0.09090909090909091
2024,2024-06-09,Serbia,Canada,3,1,21,25,25,25,0,25,20,18,23,0,74,56,7,11,,56,16,28,100,7,22,17,46,11,13,71,95,17,2,53,72,30,10,42,18,1,84,103,2024-06-09_Canada_Serbia,1,1.4285714285714286,-0.028169014084507043,0.2830188679245283,-0.8823529411764706,0.47619047619047616,-0.028169014084507043,0.2830188679245283
2024,2024-06-09,Türkiye,Germany,2,3,22,44,23,25,12,25,42,25,19,15,84,65,16,3,,65,16,59,140,16,32,32,80,3,22,101,126,23,5,69,97,44,20,67,23,1,115,139,2024-06-09_Germany_Türkiye,0,0.8305084745762712,-0.18811881188118812,0.2608695652173913,-0.5,0.3582089552238806,-0.18811881188118812,0.2608695652173913
2024,2024-06-09,Germany,Türkiye,3,2,25,42,25,19,15,22,44,23,25,12,93,81,7,5,,81,26,50,157,7,28,26,61,5,29,92,126,27,3,74,104,52,20,78,36,2,120,158,2024-06-09_Germany_Türkiye,1,1.1,-0.2608695652173913,0.32432432432432434,-0.8076923076923077,0.41025641025641024,-0.2608695652173913,0.32432432432432434
2024,2024-06-09,Italy,Netherlands,3,0,25,25,25,0,0,18,15,21,0,0,52,40,9,3,,40,3,36,79,9,18,22,49,3,13,58,74,4,2,35,41,30,13,48,17,0,58,75,2024-06-09_Italy_Netherlands,1,1.0277777777777777,-0.1724137931034483,0.05714285714285714,-0.4090909090909091,0.3541666666666667,-0.1724137931034483,0.05714285714285714
2024,2024-06-09,Netherlands,Italy,0,3,18,15,21,0,0,25,25,25,0,0,40,36,2,2,,36,16,40,92,2,12,20,34,2,14,39,55,8,3,50,61,22,21,49,17,2,71,90,2024-06-09_Italy_Netherlands,0,0.5,-0.3076923076923077,0.1,-0.5,0.02040816326530612,-0.3076923076923077,0.1
2024,2024-06-18,Slovenia,Argentina,3,0,25,25,29,0,0,23,22,27,0,0,54,49,2,3,,49,16,32,97,2,15,14,31,3,13,62,78,16,1,40,57,34,18,53,21,0,77,98,2024-06-18_Argentina_Slovenia,1,1.03125,-0.16129032258064516,0.375,-0.9285714285714286,0.3018867924528302,-0.16129032258064516,0.375
2024,2024-06-18,Argentina,Slovenia,0,3,23,22,27,0,0,25,25,29,0,0,49,40,8,1,,40,10,34,84,8,20,18,46,1,16,56,73,20,3,42,65,22,9,33,25,0,60,85,2024-06-18_Argentina_Slovenia,0,0.8823529411764706,-0.26785714285714285,0.40476190476190477,-0.6666666666666666,0.3939393939393939,-0.26785714285714285,0.40476190476190477
2024,2024-06-18,Netherlands,Brazil,1,3,26,23,29,20,0,24,25,31,25,0,68,55,4,9,,55,20,41,116,4,9,12,25,9,28,62,99,13,6,67,86,31,18,52,15,0,104,119,2024-06-18_Brazil_Netherlands,0,0.8536585365853658,-0.3064516129032258,0.1044776119402985,-0.4166666666666667,0.25,-0.3064516129032258,0.1044776119402985
2024,2024-06-18,Brazil,Netherlands,3,1,24,25,31,25,0,26,23,29,20,0,68,50,12,6,,50,14,30,94,12,20,21,53,6,18,80,104,18,9,44,71,31,16,50,26,0,72,98,2024-06-18_Brazil_Netherlands,1,1.2,-0.15,0.20454545454545456,-0.38095238095238093,0.3,-0.15,0.20454545454545456
2024,2024-06-18,Bulgaria,Türkiye,3,1,27,25,12,25,0,25,20,25,22,0,61,49,5,7,,49,25,43,117,5,17,22,44,7,18,63,88,17,3,58,78,39,14,58,32,2,85,119,2024-06-18_Bulgaria_Türkiye,1,0.5581395348837209,-0.1746031746031746,0.2413793103448276,-0.5454545454545454,0.43103448275862066,-0.1746031746031746,0.2413793103448276
2024,2024-06-18,Türkiye,Bulgaria,1,3,25,20,25,22,0,27,25,12,25,0,57,43,11,3,,43,14,40,97,11,16,26,53,3,15,75,93,12,7,50,69,37,25,64,16,2,82,100,2024-06-18_Bulgaria_Türkiye,0,0.725,-0.16,0.1,-0.19230769230769232,0.1875,-0.16,0.1
2024,2024-06-18,Canada,Japan,3,2,25,20,25,20,15,21,25,15,25,10,79,61,12,6,,61,11,38,110,12,30,27,69,6,17,82,105,17,8,57,82,26,16,46,31,1,74,106,2024-06-18_Canada_Japan,1,1.3157894736842106,-0.13414634146341464,0.15789473684210525,-0.6666666666666666,0.21739130434782608,-0.13414634146341464,0.15789473684210525
2024,2024-06-18,Japan,Canada,2,3,21,25,15,25,10,25,20,25,20,15,68,57,3,8,,57,21,38,116,3,26,20,49,8,14,74,96,13,6,68,87,31,18,53,19,2,101,122,2024-06-18_Canada_Japan,0,0.9473684210526315,-0.08108108108108109,0.10294117647058823,-1.15,0.24528301886792453,-0.08108108108108109,0.10294117647058823
2024,2024-06-19,Cuba,Serbia,2,3,25,25,16,21,12,22,21,25,25,15,65,52,10,3,,52,19,32,103,10,23,17,50,3,26,71,100,18,9,59,86,23,15,39,28,2,77,107,2024-06-19_Cuba_Serbia,0,1.03125,-0.323943661971831,0.15254237288135594,-0.7647058823529411,0.20512820512820512,-0.323943661971831,0.15254237288135594
2024,2024-06-19,Serbia,Cuba,3,2,22,21,25,25,15,25,25,16,21,12,67,52,6,9,,52,21,27,100,6,19,20,45,9,21,77,107,21,3,50,74,20,18,46,38,0,63,101,2024-06-19_Cuba_Serbia,1,1.1481481481481481,-0.15584415584415584,0.36,-0.65,0.043478260869565216,-0.15584415584415584,0.36
2024,2024-06-19,Germany,France,3,1,25,25,25,25,0,23,27,20,23,0,65,56,3,6,,56,18,61,135,3,21,34,58,6,13,80,99,26,5,44,75,57,22,87,31,2,102,135,2024-06-19_France_Germany,1,0.6229508196721312,-0.0875,0.4772727272727273,-0.5294117647058824,0.40229885057471265,-0.0875,0.4772727272727273
2024,2024-06-19,France,Germany,1,3,23,27,20,23,0,25,25,25,25,0,67,55,7,5,,55,14,63,132,7,29,24,60,5,18,71,94,28,6,52,86,48,13,68,30,2,104,136,2024-06-19_France_Germany,0,0.6507936507936508,-0.18309859154929578,0.4230769230769231,-0.9166666666666666,0.5147058823529411,-0.18309859154929578,0.4230769230769231
2024,2024-06-19,Iran,USA,3,2,26,25,25,26,15,28,23,18,28,13,78,64,9,5,,64,14,57,135,9,25,22,56,5,25,87,117,22,5,59,86,39,12,62,27,1,102,130,2024-06-19_Iran_USA,1,0.8771929824561403,-0.22988505747126436,0.288135593220339,-0.7272727272727273,0.43548387096774194,-0.22988505747126436,0.288135593220339
2024,2024-06-19,USA,Iran,2,3,28,23,18,28,13,26,25,25,26,15,76,65,6,5,,65,21,51,137,6,18,27,51,5,23,82,110,23,5,63,91,43,17,69,35,2,100,137,2024-06-19_Iran_USA,0,0.8627450980392157,-0.21951219512195122,0.2857142857142857,-0.4444444444444444,0.37681159420289856,-0.21951219512195122,0.2857142857142857
2024,2024-06-19,Italy,Poland,0,3,22,21,22,0,0,25,25,25,0,0,38,35,2,1,,35,11,18,64,2,21,16,39,1,17,49,67,10,2,40,52,18,13,35,19,1,47,67,2024-06-19_Italy_Poland,0,1.3333333333333333,-0.32653061224489793,0.2,-1.1875,0.14285714285714285,-0.32653061224489793,0.2
2024,2024-06-19,Poland,Italy,3,0,25,25,25,0,0,22,21,22,0,0,53,43,8,2,,43,6,23,72,8,16,7,31,2,22,50,74,8,1,41,50,21,12,35,20,0,53,73,2024-06-19_Italy_Poland,1,1.608695652173913,-0.4,0.17073170731707318,-1.1428571428571428,0.2571428571428571,-0.4,0.17073170731707318
2024,2024-06-20,Türkiye,Argentina,0,3,17,18,20,0,0,25,25,25,0,0,38,29,7,2,,29,16,41,86,7,18,22,47,2,11,44,57,8,5,49,62,24,11,38,13,3,75,91,2024-06-20_Argentina_Türkiye,0,0.3170731707317073,-0.20454545454545456,0.061224489795918366,-0.5,0.34210526315789475,-0.20454545454545456,0.061224489795918366
2024,2024-06-20,Argentina,Türkiye,3,0,25,25,25,0,0,17,18,20,0,0,53,39,9,5,,39,13,34,86,9,15,22,46,5,11,58,74,12,2,32,46,33,10,46,21,0,66,87,2024-06-20_Argentina_Türkiye,1,0.7647058823529411,-0.10344827586206896,0.3125,-0.2727272727272727,0.5,-0.10344827586206896,0.3125
2024,2024-06-20,Brazil,USA,2,3,21,25,21,25,9,25,18,25,22,15,76,64,5,7,,64,19,46,129,5,16,19,40,7,17,78,102,6,8,73,87,47,17,65,28,3,100,131,2024-06-20_Brazil_USA,0,0.9782608695652174,-0.1282051282051282,-0.0273972602739726,-0.5789473684210527,0.46153846153846156,-0.1282051282051282,-0.0273972602739726
2024,2024-06-20,USA,Brazil,3,2,25,18,25,22,15,21,25,21,25,9,72,56,8,8,,56,11,48,115,8,31,21,60,8,17,80,105,18,7,59,84,36,11,53,41,1,72,114,2024-06-20_Brazil_USA,1,0.9375,-0.1125,0.1864406779661017,-1.0952380952380953,0.4716981132075472,-0.1125,0.1864406779661017
2024,2024-06-20,Bulgaria,Italy,0,3,25,20,21,0,0,27,25,25,0,0,41,34,5,2,,34,13,27,74,5,10,12,27,2,22,44,68,12,5,43,60,14,17,32,22,0,49,71,2024-06-20_Bulgaria_Italy,0,0.7777777777777778,-0.45454545454545453,0.16279069767441862,-0.4166666666666667,-0.09375,-0.45454545454545453,0.16279069767441862
2024,2024-06-20,Italy,Bulgaria,3,0,27,25,25,0,0,25,20,21,0,0,47,37,5,5,,37,9,17,63,5,16,14,35,5,15,55,75,11,2,33,46,18,15,35,15,2,50,67,2024-06-20_Bulgaria_Italy,1,1.6470588235294117,-0.18181818181818182,0.2727272727272727,-0.7857142857142857,0.08571428571428572,-0.18181818181818182,0.2727272727272727
2024,2024-06-20,Germany,Canada,0,3,19,18,21,0,0,25,25,25,0,0,37,31,3,3,,31,14,30,75,3,17,11,31,3,12,45,60,9,4,45,58,16,12,32,11,1,61,73,2024-06-20_Canada_Germany,0,0.5666666666666667,-0.2,0.1111111111111111,-1.2727272727272727,0.125,-0.2,0.1111111111111111
2024,2024-06-20,Canada,Germany,3,0,25,25,25,0,0,19,18,21,0,0,56,44,8,4,,44,8,20,72,8,9,14,31,4,15,54,73,7,3,38,48,27,13,42,16,0,53,69,2024-06-20_Canada_Germany,1,1.8,-0.2037037037037037,0.10526315789473684,-0.07142857142857142,0.3333333333333333,-0.2037037037037037,0.10526315789473684
2024,2024-06-20,Cuba,Slovenia,2,3,22,25,21,31,8,25,20,25,29,15,77,59,13,5,,59,16,35,110,13,26,15,54,5,25,77,107,23,8,63,94,25,17,47,27,3,86,116,2024-06-20_Cuba_Slovenia,0,1.2285714285714286,-0.2597402597402597,0.23809523809523808,-0.8666666666666667,0.1702127659574468,-0.2597402597402597,0.23809523809523808
2024,2024-06-20,Slovenia,Cuba,3,2,25,20,25,29,15,22,25,21,31,8,78,61,9,8,,61,22,33,116,9,26,18,53,8,20,86,114,31,5,46,82,31,17,54,35,0,80,115,2024-06-20_Cuba_Slovenia,1,1.1818181818181819,-0.13953488372093023,0.5652173913043478,-0.9444444444444444,0.25925925925925924,-0.13953488372093023,0.5652173913043478
2024,2024-06-20,Iran,Netherlands,3,2,25,22,25,20,15,22,25,21,25,10,84,69,13,2,,69,18,34,121,13,24,16,53,2,13,92,107,21,13,55,89,35,11,49,25,0,92,117,2024-06-20_Iran_Netherlands,1,1.5,-0.11956521739130435,0.14545454545454545,-0.6875,0.4897959183673469,-0.11956521739130435,0.14545454545454545
2024,2024-06-20,Netherlands,Iran,2,3,22,25,21,25,10,25,22,25,20,15,78,59,6,13,,59,20,37,116,6,26,16,48,13,14,76,103,15,2,77,94,24,20,46,15,1,100,116,2024-06-20_Iran_Netherlands,0,1.054054054054054,-0.013157894736842105,0.16883116883116883,-1.25,0.08695652173913043,-0.013157894736842105,0.16883116883116883
2024,2024-06-21,Argentina,Poland,0,3,19,18,22,0,0,25,25,25,0,0,45,36,4,5,,36,14,23,73,4,18,12,34,5,14,42,61,8,3,51,62,15,12,33,27,2,47,76,2024-06-21_Argentina_Poland,0,0.9565217391304348,-0.21428571428571427,0.09803921568627451,-1.1666666666666667,0.09090909090909091,-0.21428571428571427,0.09803921568627451
2024,2024-06-21,Poland,Argentina,3,0,25,25,25,0,0,19,18,22,0,0,50,41,6,3,,41,5,22,68,6,18,9,33,3,11,59,73,8,5,34,47,22,13,39,22,0,46,68,2024-06-21_Argentina_Poland,1,1.6363636363636365,-0.13559322033898305,0.08823529411764706,-1.3333333333333333,0.23076923076923078,-0.13559322033898305,0.08823529411764706
2024,2024-06-21,Canada,Brazil,3,0,26,25,26,0,0,24,19,24,0,0,57,46,5,6,,46,6,30,82,5,14,8,27,6,19,50,75,6,4,48,58,25,5,34,15,0,71,86,2024-06-21_Brazil_Canada,1,1.3333333333333333,-0.26,0.041666666666666664,-1.125,0.5882352941176471,-0.26,0.041666666666666664
2024,2024-06-21,Brazil,Canada,0,3,24,19,24,0,0,26,25,26,0,0,42,37,1,4,,37,14,29,80,1,12,15,28,4,11,54,69,12,6,38,56,26,13,41,17,0,62,79,2024-06-21_Brazil_Canada,0,0.7931034482758621,-0.12962962962962962,0.15789473684210525,-0.7333333333333333,0.3170731707317073,-0.12962962962962962,0.15789473684210525
2024,2024-06-21,Bulgaria,Cuba,0,3,18,20,18,0,0,25,25,25,0,0,40,33,4,3,,33,8,28,69,4,19,12,35,3,15,39,57,18,1,42,61,10,21,35,29,1,39,69,2024-06-21_Bulgaria_Cuba,0,0.8928571428571429,-0.3076923076923077,0.40476190476190477,-1.25,-0.3142857142857143,-0.3076923076923077,0.40476190476190477
2024,2024-06-21,Cuba,Bulgaria,3,0,25,25,25,0,0,18,20,18,0,0,54,50,3,1,,50,6,16,72,3,17,16,36,1,13,60,74,13,3,26,42,27,6,37,19,0,52,71,2024-06-21_Bulgaria_Cuba,1,2.75,-0.2,0.38461538461538464,-0.875,0.5675675675675675,-0.2,0.38461538461538464
2024,2024-06-21,Iran,France,0,3,21,17,20,0,0,25,25,25,0,0,41,34,5,2,,34,14,30,78,5,15,10,30,2,9,49,60,14,4,43,61,26,8,34,16,4,62,82,2024-06-21_France_Iran,0,0.6666666666666666,-0.14285714285714285,0.23255813953488372,-1.0,0.5294117647058824,-0.14285714285714285,0.23255813953488372
2024,2024-06-21,France,Iran,3,0,25,25,25,0,0,21,17,20,0,0,51,41,6,4,,41,9,29,79,6,13,10,29,4,11,58,73,24,2,25,51,25,11,39,23,2,54,79,2024-06-21_France_Iran,1,1.103448275862069,-0.1206896551724138,0.88,-0.7,0.358974358974359,-0.1206896551724138,0.88
2024,2024-06-21,Netherlands,Japan,0,3,18,19,20,0,0,25,25,25,0,0,42,32,4,6,,32,15,34,81,4,9,15,28,6,13,39,58,12,6,44,62,19,7,30,25,1,56,82,2024-06-21_Japan_Netherlands,0,0.5,-0.1794871794871795,0.13636363636363635,-0.3333333333333333,0.4,-0.1794871794871795,0.13636363636363635
2024,2024-06-21,Japan,Netherlands,3,0,25,25,25,0,0,18,19,20,0,0,53,40,7,6,,40,7,27,74,7,9,20,36,6,11,57,74,9,6,29,44,27,7,39,16,1,55,72,2024-06-21_Japan_Netherlands,1,1.2222222222222223,-0.08771929824561403,0.10344827586206896,-0.1,0.5128205128205128,-0.08771929824561403,0.10344827586206896
2024,2024-06-21,Türkiye,Serbia,1,3,25,19,23,21,0,20,25,25,25,0,60,50,4,6,,50,12,34,96,4,23,15,42,6,11,72,89,11,11,53,75,25,12,41,16,0,74,90,2024-06-21_Serbia_Türkiye,0,1.1176470588235294,-0.06944444444444445,0.0,-1.2666666666666666,0.3170731707317073,-0.06944444444444445,0.0
2024,2024-06-21,Serbia,Türkiye,3,1,20,25,25,25,0,25,19,23,21,0,79,60,8,11,,60,12,28,100,8,23,21,52,11,17,64,92,19,6,53,78,22,11,39,32,3,62,97,2024-06-21_Serbia_Türkiye,1,1.7142857142857142,-0.09375,0.24528301886792453,-0.7142857142857143,0.28205128205128205,-0.09375,0.24528301886792453
2024,2024-06-22,Bulgaria,Argentina,0,3,22,17,20,0,0,25,25,25,0,0,41,31,7,3,,31,15,25,71,7,12,12,31,3,14,43,60,12,7,41,60,18,10,30,10,0,58,68,2024-06-22_Argentina_Bulgaria,0,0.64,-0.2558139534883721,0.12195121951219512,-0.4166666666666667,0.26666666666666666,-0.2558139534883721,0.12195121951219512
2024,2024-06-22,Argentina,Bulgaria,3,0,25,25,25,0,0,22,17,20,0,0,58,39,12,7,,39,11,18,68,12,15,16,43,7,14,53,74,18,3,25,46,24,7,34,19,0,47,66,2024-06-22_Argentina_Bulgaria,1,1.5555555555555556,-0.1320754716981132,0.6,-0.1875,0.5,-0.1320754716981132,0.6
2024,2024-06-22,Canada,Netherlands,3,2,21,25,28,14,15,25,22,26,25,9,73,55,11,7,,55,23,50,128,11,18,36,65,7,17,79,103,30,9,45,84,44,16,65,21,1,103,125,2024-06-22_Canada_Netherlands,1,0.64,-0.12658227848101267,0.4666666666666667,-0.19444444444444445,0.4307692307692308,-0.12658227848101267,0.4666666666666667
2024,2024-06-22,Netherlands,Canada,2,3,25,22,26,25,9,21,25,28,14,15,80,57,14,9,,57,18,57,132,14,19,22,55,9,23,75,107,20,7,59,86,36,16,58,18,0,114,132,2024-06-22_Canada_Netherlands,0,0.6842105263157895,-0.18666666666666668,0.22033898305084745,-0.22727272727272727,0.3448275862068966,-0.18666666666666668,0.22033898305084745
2024,2024-06-22,France,Japan,2,3,25,25,16,23,10,17,19,25,25,15,72,58,12,2,,58,13,48,119,12,28,23,63,2,18,80,100,18,5,63,86,36,15,58,25,1,91,117,2024-06-22_France_Japan,0,0.9375,-0.2,0.20634920634920634,-0.6956521739130435,0.3620689655172414,-0.2,0.20634920634920634
2024,2024-06-22,Japan,France,3,2,17,19,25,25,15,25,25,16,23,10,72,62,5,5,,62,23,52,137,5,18,16,39,5,14,81,100,7,2,73,82,48,10,62,28,0,108,136,2024-06-22_France_Japan,1,0.75,-0.1111111111111111,0.0684931506849315,-0.8125,0.6129032258064516,-0.1111111111111111,0.0684931506849315
2024,2024-06-22,Germany,USA,1,3,23,25,24,23,0,25,21,26,25,0,65,52,5,8,,52,19,51,122,5,13,26,44,8,19,70,97,12,5,62,79,40,17,64,28,0,91,119,2024-06-22_Germany_USA,0,0.6470588235294118,-0.15714285714285714,0.11290322580645161,-0.3076923076923077,0.359375,-0.15714285714285714,0.11290322580645161
2024,2024-06-22,USA,Germany,3,1,25,21,26,25,0,23,25,24,23,0,69,54,10,5,,54,17,53,124,10,15,26,51,5,17,74,96,8,8,62,78,44,12,61,31,0,89,120,2024-06-22_Germany_USA,1,0.6981132075471698,-0.16216216216216217,0.0,-0.19230769230769232,0.5245901639344263,-0.16216216216216217,0.0
2024,2024-06-22,Slovenia,Italy,3,0,25,25,25,0,0,19,21,19,0,0,47,32,7,8,,32,9,19,60,7,16,18,41,8,15,51,74,9,1,31,41,20,7,30,12,2,48,62,2024-06-22_Italy_Slovenia,1,1.2105263157894737,-0.13725490196078433,0.25806451612903225,-0.5,0.43333333333333335,-0.13725490196078433,0.25806451612903225
2024,2024-06-22,Italy,Slovenia,0,3,19,21,19,0,0,25,25,25,0,0,36,31,4,1,,31,14,24,69,4,19,8,31,1,19,40,60,10,8,41,59,14,6,25,15,1,51,67,2024-06-22_Italy_Slovenia,0,0.7083333333333334,-0.45,0.04878048780487805,-1.875,0.32,-0.45,0.04878048780487805
2024,2024-06-22,Serbia,Poland,2,3,21,25,18,25,11,25,21,25,22,15,62,53,7,2,,53,15,36,104,7,15,22,44,2,18,80,100,29,10,43,82,25,25,53,40,2,64,106,2024-06-22_Poland_Serbia,0,1.0555555555555556,-0.2,0.4418604651162791,-0.36363636363636365,0.0,-0.2,0.4418604651162791
2024,2024-06-22,Poland,Serbia,3,2,25,21,25,22,15,21,25,18,25,11,82,63,9,10,,63,19,30,112,9,17,20,46,10,25,73,108,24,2,56,82,24,14,43,41,1,71,113,2024-06-22_Poland_Serbia,1,1.4666666666666666,-0.2054794520547945,0.39285714285714285,-0.4,0.23255813953488372,-0.2054794520547945,0.39285714285714285
2024,2024-06-23,France,Brazil,3,2,25,27,13,25,18,23,29,25,19,16,76,60,7,9,,60,28,44,132,7,14,19,40,9,27,72,108,22,3,72,97,36,10,49,22,2,105,129,2024-06-23_Brazil_France,1,0.7272727272727273,-0.25,0.2638888888888889,-0.3684210526315789,0.5306122448979592,-0.25,0.2638888888888889
2024,2024-06-23,Brazil,France,2,3,23,29,25,19,16,25,27,13,25,18,71,51,17,3,,51,22,45,118,17,19,25,61,3,15,94,112,11,9,61,81,39,13,55,24,0,92,116,2024-06-23_Brazil_France,0,0.6444444444444445,-0.1276595744680851,0.03278688524590164,-0.08,0.4727272727272727,-0.1276595744680851,0.03278688524590164
2024,2024-06-23,Cuba,Poland,0,3,17,20,20,0,0,25,25,25,0,0,38,31,3,4,,31,12,25,68,3,13,10,26,4,17,38,59,13,3,38,54,17,9,28,8,2,60,70,2024-06-23_Cuba_Poland,0,0.76,-0.34210526315789475,0.2631578947368421,-1.0,0.2857142857142857,-0.34210526315789475,0.2631578947368421
2024,2024-06-23,Poland,Cuba,3,0,25,25,25,0,0,17,20,20,0,0,52,41,8,3,,41,3,19,63,8,12,11,31,3,19,51,73,15,4,23,42,21,7,32,22,0,44,66,2024-06-23_Cuba_Poland,1,2.0,-0.3137254901960784,0.4782608695652174,-0.36363636363636365,0.4375,-0.3137254901960784,0.4782608695652174
2024,2024-06-23,Germany,Iran,3,0,25,25,25,0,0,20,23,20,0,0,46,37,5,4,,37,14,33,84,5,12,18,35,4,10,59,73,11,0,41,52,30,8,42,17,0,67,84,2024-06-23_Germany_Iran,1,0.696969696969697,-0.1016949152542373,0.2682926829268293,-0.3888888888888889,0.5238095238095238,-0.1016949152542373,0.2682926829268293
2024,2024-06-23,Iran,Germany,0,3,20,23,20,0,0,25,25,25,0,0,47,39,8,0,,39,12,36,87,8,21,23,52,0,13,52,65,16,4,43,63,28,10,41,15,6,69,90,2024-06-23_Germany_Iran,0,0.75,-0.25,0.27906976744186046,-0.5652173913043478,0.43902439024390244,-0.25,0.27906976744186046
2024,2024-06-23,Türkiye,Italy,1,3,21,26,19,21,0,25,24,25,25,0,64,49,6,9,,49,16,39,104,6,16,19,41,9,12,67,88,16,10,56,82,31,19,52,22,0,79,101,2024-06-23_Italy_Türkiye,0,0.8461538461538461,-0.04477611940298507,0.10714285714285714,-0.5263157894736842,0.23076923076923078,-0.04477611940298507,0.10714285714285714
2024,2024-06-23,Italy,Türkiye,3,1,25,24,25,25,0,21,26,19,21,0,78,61,7,10,,61,12,38,111,7,12,11,30,10,16,72,98,9,9,58,76,32,15,56,27,1,82,110,2024-06-23_Italy_Türkiye,1,1.2894736842105263,-0.08333333333333333,0.0,-0.45454545454545453,0.30357142857142855,-0.08333333333333333,0.0
2024,2024-06-23,Japan,USA,3,0,25,25,25,0,0,20,23,19,0,0,56,41,3,12,,41,15,38,94,3,11,22,36,12,13,48,73,9,3,44,56,34,17,56,14,0,81,95,2024-06-23_Japan_USA,1,0.6842105263157895,-0.020833333333333332,0.13636363636363635,-0.36363636363636365,0.30357142857142855,-0.020833333333333332,0.13636363636363635
2024,2024-06-23,USA,Japan,0,3,20,23,19,0,0,25,25,25,0,0,44,31,10,3,,31,11,44,86,10,20,24,54,3,9,53,65,7,12,40,59,29,19,50,22,2,60,84,2024-06-23_Japan_USA,0,0.45454545454545453,-0.11320754716981132,-0.125,-0.4166666666666667,0.2,-0.11320754716981132,-0.125
2024,2024-06-23,Serbia,Slovenia,2,3,13,27,14,25,12,25,25,25,22,15,69,58,8,3,,58,19,28,105,8,18,20,46,3,22,66,91,22,16,58,96,23,16,46,12,0,94,106,2024-06-23_Serbia_Slovenia,0,1.3928571428571428,-0.2878787878787879,0.10344827586206896,-0.5,0.15217391304347827,-0.2878787878787879,0.10344827586206896
2024,2024-06-23,Slovenia,Serbia,3,2,25,25,25,22,15,13,27,14,25,12,81,55,10,16,,55,14,33,102,10,36,14,60,16,16,80,112,27,3,39,69,33,14,52,34,0,67,101,2024-06-23_Serbia_Slovenia,1,1.2424242424242424,0.0,0.6153846153846154,-1.8571428571428572,0.36538461538461536,0.0,0.6153846153846154
2024,2024-06-27,Poland,Brazil,3,1,18,25,25,25,0,25,23,22,16,0,65,50,8,7,,50,11,32,93,8,22,12,42,7,19,66,92,12,7,51,70,29,15,50,30,1,66,97,2024-06-27_Brazil_Poland,1,1.21875,-0.18181818181818182,0.09803921568627451,-1.1666666666666667,0.28,-0.18181818181818182,0.09803921568627451
2024,2024-06-27,Brazil,Poland,1,3,25,23,22,16,0,18,25,25,25,0,63,48,8,7,,48,14,31,93,8,25,14,47,7,17,63,87,11,7,55,73,26,15,46,24,2,66,92,2024-06-27_Brazil_Poland,0,1.096774193548387,-0.15873015873015872,0.07272727272727272,-1.2142857142857142,0.2391304347826087,-0.15873015873015872,0.07272727272727272
2024,2024-06-27,Japan,Canada,3,0,26,25,26,0,0,24,18,24,0,0,56,42,7,7,,42,12,29,83,7,15,15,37,7,10,59,76,6,5,44,55,27,15,47,12,0,72,84,2024-06-27_Canada_Japan,1,1.0344827586206897,-0.05084745762711865,0.022727272727272728,-0.5333333333333333,0.2553191489361702,-0.05084745762711865,0.022727272727272728
2024,2024-06-27,Canada,Japan,0,3,24,18,24,0,0,26,25,26,0,0,52,39,8,5,,39,16,31,86,8,17,19,44,5,12,50,67,9,7,50,66,20,14,41,22,0,65,87,2024-06-27_Canada_Japan,0,0.7419354838709677,-0.14,0.04,-0.47368421052631576,0.14634146341463414,-0.14,0.04
2024,2024-06-28,Slovenia,Argentina,3,2,19,25,17,29,15,25,17,25,27,7,78,66,8,4,,66,20,43,129,8,19,25,52,4,15,86,105,15,6,63,84,44,18,66,22,2,104,128,2024-06-28_Argentina_Slovenia,1,1.069767441860465,-0.12790697674418605,0.14285714285714285,-0.44,0.3939393939393939,-0.12790697674418605,0.14285714285714285
2024,2024-06-28,Argentina,Slovenia,2,3,25,17,25,27,7,19,25,17,29,15,77,58,13,6,,58,16,45,119,13,37,20,70,6,18,78,102,11,4,75,90,32,17,55,38,1,82,121,2024-06-28_Argentina_Slovenia,0,0.9333333333333333,-0.15384615384615385,0.09333333333333334,-1.2,0.2727272727272727,-0.15384615384615385,0.09333333333333334
2024,2024-06-28,Italy,France,2,3,25,20,25,22,11,19,25,22,25,15,77,69,5,3,,69,19,42,130,5,28,29,62,3,19,81,103,19,4,66,89,42,22,71,39,0,93,132,2024-06-28_France_Italy,0,1.1904761904761905,-0.19753086419753085,0.22727272727272727,-0.7931034482758621,0.28169014084507044,-0.19753086419753085,0.22727272727272727
2024,2024-06-28,France,Italy,3,2,25,20,25,22,11,19,25,22,25,15,81,64,13,4,,64,11,55,130,13,28,22,63,4,17,85,106,14,3,67,84,43,25,72,33,2,96,131,2024-06-28_France_Italy,1,0.9636363636363636,-0.15294117647058825,0.16417910447761194,-0.6818181818181818,0.25,-0.15294117647058825,0.16417910447761194
2024,2024-06-29,Poland,France,2,3,25,22,23,25,16,22,25,25,20,18,69,52,14,3,,52,12,39,103,14,27,20,61,3,26,83,112,12,5,62,79,31,26,58,34,0,72,106,2024-06-29_France_Poland,0,1.0256410256410255,-0.27710843373493976,0.11290322580645161,-0.65,0.08620689655172414,-0.27710843373493976,0.11290322580645161
2024,2024-06-29,France,Poland,3,2,22,25,25,20,18,25,22,23,25,16,81,66,10,5,,66,24,34,124,10,23,15,48,5,30,74,109,13,3,70,86,33,17,55,35,0,88,123,2024-06-29_France_Poland,1,1.2352941176470589,-0.33783783783783783,0.14285714285714285,-0.8666666666666667,0.2909090909090909,-0.33783783783783783,0.14285714285714285
2024,2024-06-29,Slovenia,Japan,0,3,21,25,29,0,0,25,27,31,0,0,56,43,7,6,,43,10,41,94,7,18,13,38,6,16,54,76,21,6,42,69,30,15,48,19,3,73,95,2024-06-29_Japan_Slovenia,0,0.8048780487804879,-0.18518518518518517,0.35714285714285715,-0.8461538461538461,0.3125,-0.18518518518518517,0.35714285714285715
2024,2024-06-29,Japan,Slovenia,3,0,25,27,31,0,0,21,25,29,0,0,58,48,4,6,,48,13,34,95,4,10,20,34,6,13,63,82,12,6,42,60,38,14,56,15,0,80,95,2024-06-29_Japan_Slovenia,1,1.0294117647058822,-0.1111111111111111,0.14285714285714285,-0.3,0.42857142857142855,-0.1111111111111111,0.14285714285714285
2024,2024-06-30,Japan,France,1,3,23,25,23,23,0,25,18,25,25,0,65,58,5,2,,58,19,42,119,5,22,15,42,2,14,79,95,13,2,57,72,33,19,53,27,2,86,115,2024-06-30_France_Japan,0,0.9285714285714286,-0.1518987341772152,0.19298245614035087,-1.1333333333333333,0.2641509433962264,-0.1518987341772152,0.19298245614035087
2024,2024-06-30,France,Japan,3,1,25,18,25,25,0,23,25,23,23,0,68,55,11,2,,55,12,32,99,11,24,25,60,2,20,70,92,14,2,65,81,23,27,52,31,0,70,101,2024-06-30_France_Japan,1,1.34375,-0.2571428571428571,0.18461538461538463,-0.52,-0.07692307692307693,-0.2571428571428571,0.18461538461538463
2024,2024-06-30,Slovenia,Poland,0,3,24,16,17,0,0,26,25,25,0,0,42,34,4,4,,34,23,24,81,4,9,22,35,4,8,46,58,15,8,41,64,24,13,42,28,4,53,85,2024-06-30_Poland_Slovenia,0,0.4583333333333333,-0.08695652173913043,0.17073170731707318,-0.22727272727272727,0.2619047619047619,-0.08695652173913043,0.17073170731707318
2024,2024-06-30,Poland,Slovenia,3,0,26,25,25,0,0,24,16,17,0,0,56,33,15,8,,33,8,32,73,15,18,10,43,8,11,56,75,7,4,39,50,18,9,34,18,0,56,74,2024-06-30_Poland_Slovenia,1,0.78125,-0.05357142857142857,0.07692307692307693,-0.3,0.2647058823529412,-0.05357142857142857,0.07692307692307693
2025,2025-06-11,Argentina,France,3,1,25,13,25,25,0,22,25,22,19,0,51,41,8,2,-,41,18,46,105,8,15,17,40,2,18,67,87,14,4,44,62,37,8,57,27,2,72,101,2025-06-11_Argentina_France,1,0.5,-0.23880597014925373,0.22727272727272727,-0.4117647058823529,0.5087719298245614,-0.23880597014925373,0.22727272727272727
2025,2025-06-11,France,Argentina,1,3,22,25,22,19,0,25,13,25,25,0,56,46,6,4,-,46,15,41,102,6,18,20,44,4,27,58,89,22,2,45,69,29,11,57,25,0,78,103,2025-06-11_Argentina_France,0,0.7560975609756098,-0.39655172413793105,0.4444444444444444,-0.6,0.3157894736842105,-0.39655172413793105,0.4444444444444444
2025,2025-06-11,Brazil,Iran,3,0,25,25,25,0,0,19,16,18,0,0,50,37,10,3,-,37,8,18,63,10,15,9,34,3,10,61,74,12,1,26,39,17,9,38,23,0,39,62,2025-06-11_Brazil_Iran,1,1.6111111111111112,-0.11475409836065574,0.4230769230769231,-0.5555555555555556,0.21052631578947367,-0.11475409836065574,0.4230769230769231
2025,2025-06-11,Iran,Brazil,0,3,19,16,18,0,0,25,25,25,0,0,38,32,5,1,-,32,18,22,72,5,13,5,23,1,15,38,54,19,3,42,64,12,11,32,29,1,46,76,2025-06-11_Brazil_Iran,0,0.6363636363636364,-0.3684210526315789,0.38095238095238093,-1.6,0.03125,-0.3684210526315789,0.38095238095238093
2025,2025-06-11,Bulgaria,Italy,1,3,16,25,19,19,0,25,22,25,25,0,55,43,6,6,-,43,17,51,111,6,25,26,57,6,19,55,80,17,6,54,77,22,14,64,23,1,85,109,2025-06-11_Bulgaria_Italy,0,0.5098039215686274,-0.23636363636363636,0.2037037037037037,-0.7307692307692307,0.125,-0.23636363636363636,0.2037037037037037
2025,2025-06-11,Italy,Bulgaria,3,1,25,22,25,25,0,16,25,19,19,0,71,54,11,6,-,54,10,41,105,11,13,30,54,6,19,71,96,11,6,44,61,27,10,64,32,1,68,101,2025-06-11_Bulgaria_Italy,1,1.0731707317073171,-0.18309859154929578,0.11363636363636363,-0.06666666666666667,0.265625,-0.18309859154929578,0.11363636363636363
2025,2025-06-11,China,Japan,0,3,23,14,22,0,0,25,25,25,0,0,44,38,5,1,-,38,9,26,73,5,16,15,36,1,12,48,61,16,6,41,63,13,12,38,26,3,50,79,2025-06-11_China_Japan,0,1.1153846153846154,-0.22916666666666666,0.24390243902439024,-0.7333333333333333,0.02631578947368421,-0.22916666666666666,0.24390243902439024
2025,2025-06-11,Japan,China,3,0,25,25,25,0,0,23,14,22,0,0,51,42,3,6,-,42,8,29,79,3,19,13,35,6,10,58,74,21,1,26,48,22,4,45,24,2,53,79,2025-06-11_China_Japan,1,1.1724137931034482,-0.06896551724137931,0.7692307692307693,-1.2307692307692308,0.4,-0.06896551724137931,0.7692307692307693
2025,2025-06-11,Poland,Netherlands,3,1,25,22,25,25,0,22,25,22,22,0,69,57,6,6,-,57,17,43,117,6,20,24,50,6,17,73,96,20,2,52,74,31,18,72,34,1,85,120,2025-06-11_Netherlands_Poland,1,0.9302325581395349,-0.1506849315068493,0.34615384615384615,-0.5833333333333334,0.18055555555555555,-0.1506849315068493,0.34615384615384615
2025,2025-06-11,Netherlands,Poland,1,3,22,25,22,22,0,25,22,25,25,0,67,54,11,2,-,54,15,57,126,11,16,15,42,2,18,72,92,19,6,54,79,31,21,81,34,1,91,126,2025-06-11_Netherlands_Poland,0,0.6842105263157895,-0.2222222222222222,0.24074074074074073,-0.3333333333333333,0.12345679012345678,-0.2222222222222222,0.24074074074074073
2025,2025-06-11,Serbia,Türkiye,3,1,12,25,25,25,0,25,22,23,23,0,65,54,10,1,-,54,12,48,114,10,19,19,48,1,23,62,86,11,9,59,79,36,18,69,33,2,78,113,2025-06-11_Serbia_Türkiye,1,0.875,-0.3548387096774194,0.03389830508474576,-0.47368421052631576,0.2608695652173913,-0.3548387096774194,0.03389830508474576
2025,2025-06-11,Türkiye,Serbia,1,3,25,22,23,23,0,12,25,25,25,0,61,44,8,9,-,44,16,47,107,8,27,22,57,9,14,71,94,12,1,50,63,39,14,66,29,1,74,104,2025-06-11_Serbia_Türkiye,0,0.5957446808510638,-0.07042253521126761,0.22,-0.8636363636363636,0.3787878787878788,-0.07042253521126761,0.22
2025,2025-06-11,Ukraine,USA,3,0,25,25,25,0,0,22,20,23,0,0,51,40,6,5,-,40,13,32,85,6,16,14,36,5,16,53,74,6,3,43,52,22,8,41,23,0,56,79,2025-06-11_USA_Ukraine,1,0.84375,-0.20754716981132076,0.06976744186046512,-0.7142857142857143,0.34146341463414637,-0.20754716981132076,0.06976744186046512
2025,2025-06-11,USA,Ukraine,0,3,22,20,23,0,0,25,25,25,0,0,44,33,8,3,-,33,16,27,76,8,11,16,35,3,14,49,66,4,5,49,58,21,10,45,10,0,67,77,2025-06-11_USA_Ukraine,0,0.6296296296296297,-0.22448979591836735,-0.02040816326530612,-0.1875,0.24444444444444444,-0.22448979591836735,-0.02040816326530612
2025,2025-06-12,Brazil,Cuba,2,3,25,24,25,25,13,27,26,21,20,15,77,60,10,7,-,60,17,47,124,10,32,17,59,7,17,88,112,26,3,56,85,36,20,69,40,0,82,122,2025-06-12_Brazil_Cuba,0,0.9148936170212766,-0.11363636363636363,0.4107142857142857,-1.2941176470588236,0.2318840579710145,-0.11363636363636363,0.4107142857142857
2025,2025-06-12,Cuba,Brazil,3,2,27,26,21,20,15,25,24,25,25,13,81,68,10,3,-,68,18,36,122,10,28,20,58,3,25,82,110,23,7,65,95,34,13,62,17,0,106,123,2025-06-12_Brazil_Cuba,1,1.3888888888888888,-0.2682926829268293,0.24615384615384617,-0.9,0.3387096774193548,-0.2682926829268293,0.24615384615384617
2025,2025-06-12,Germany,Canada,2,3,25,19,25,23,11,23,25,21,25,15,69,58,8,3,-,58,22,42,122,8,11,16,35,3,28,72,103,19,8,63,90,35,13,65,31,0,92,123,2025-06-12_Canada_Germany,0,0.8571428571428571,-0.3472222222222222,0.1746031746031746,-0.1875,0.3384615384615385,-0.3472222222222222,0.1746031746031746
2025,2025-06-12,Canada,Germany,3,2,23,25,21,25,15,25,19,25,23,11,71,49,14,8,-,49,17,48,114,14,19,13,46,8,19,82,109,18,3,54,75,33,18,66,34,2,79,115,2025-06-12_Canada_Germany,1,0.6666666666666666,-0.13414634146341464,0.2777777777777778,-0.38461538461538464,0.22727272727272727,-0.13414634146341464,0.2777777777777778
2025,2025-06-12,China,Serbia,3,0,25,25,25,0,0,23,23,20,0,0,54,38,13,3,-,38,13,38,89,13,13,10,36,3,11,59,73,13,1,41,55,18,8,51,39,2,48,89,2025-06-12_China_Serbia,1,0.6578947368421053,-0.13559322033898305,0.2926829268292683,0.0,0.19607843137254902,-0.13559322033898305,0.2926829268292683
2025,2025-06-12,Serbia,China,0,3,23,23,20,0,0,25,25,25,0,0,51,39,11,1,-,39,20,27,86,11,11,25,47,1,13,54,68,12,3,47,62,18,10,41,21,1,66,88,2025-06-12_China_Serbia,0,0.7037037037037037,-0.2222222222222222,0.19148936170212766,0.0,0.1951219512195122,-0.2222222222222222,0.19148936170212766
2025,2025-06-12,Slovenia,Cuba,3,1,25,21,25,25,0,22,25,18,15,0,68,51,12,5,-,51,17,30,98,12,13,7,32,5,15,75,95,13,3,50,66,32,12,63,24,0,75,99,2025-06-12_Cuba_Slovenia,1,1.1333333333333333,-0.13333333333333333,0.2,-0.14285714285714285,0.31746031746031744,-0.13333333333333333,0.2
2025,2025-06-12,Cuba,Slovenia,1,3,22,25,18,15,0,25,21,25,25,0,59,44,12,3,-,44,23,37,104,12,24,12,48,3,15,63,81,13,5,62,80,21,14,49,16,0,77,93,2025-06-12_Cuba_Slovenia,0,0.5675675675675675,-0.19047619047619047,0.12903225806451613,-1.0,0.14285714285714285,-0.19047619047619047,0.12903225806451613
2025,2025-06-12,Germany,Italy,2,3,25,25,19,23,11,21,20,25,25,15,72,58,7,7,-,58,23,52,133,7,24,30,61,7,23,74,104,17,2,64,83,38,18,75,17,0,113,130,2025-06-12_Germany_Italy,0,0.6730769230769231,-0.21621621621621623,0.234375,-0.5666666666666667,0.26666666666666666,-0.21621621621621623,0.234375
2025,2025-06-12,Italy,Germany,3,2,21,20,25,25,15,25,25,19,23,11,74,58,14,2,-,58,14,53,125,14,25,28,67,2,22,81,105,11,7,63,81,39,14,79,15,1,111,127,2025-06-12_Germany_Italy,1,0.8301886792452831,-0.24691358024691357,0.06349206349206349,-0.39285714285714285,0.31645569620253167,-0.24691358024691357,0.06349206349206349
2025,2025-06-12,Poland,Japan,3,1,27,25,18,39,0,25,22,25,37,0,80,66,14,0,-,66,7,47,120,14,24,19,57,0,27,81,108,24,6,61,91,32,19,66,49,0,76,125,2025-06-12_Japan_Poland,1,1.2553191489361701,-0.3333333333333333,0.29508196721311475,-0.5263157894736842,0.19696969696969696,-0.3333333333333333,0.29508196721311475
2025,2025-06-12,Japan,Poland,1,3,25,22,25,37,0,27,25,18,39,0,76,67,3,6,-,67,21,42,130,3,19,24,46,6,19,85,110,24,0,57,81,40,23,82,58,2,72,132,2025-06-12_Japan_Poland,0,1.0952380952380953,-0.15294117647058825,0.42105263157894735,-0.6666666666666666,0.2073170731707317,-0.15294117647058825,0.42105263157894735
2025,2025-06-13,Bulgaria,Argentina,3,0,25,25,28,0,0,21,20,26,0,0,51,40,6,5,-,40,10,26,76,6,13,14,33,5,18,54,77,9,4,34,47,20,9,46,16,1,56,73,2025-06-13_Argentina_Bulgaria,1,1.1538461538461537,-0.24074074074074073,0.14705882352941177,-0.5,0.2391304347826087,-0.24074074074074073,0.14705882352941177
2025,2025-06-13,Argentina,Bulgaria,0,3,21,20,26,0,0,25,25,28,0,0,42,33,5,4,-,33,11,29,73,5,13,12,30,4,21,43,68,2,5,52,59,16,7,35,20,0,51,71,2025-06-13_Argentina_Bulgaria,0,0.7586206896551724,-0.3953488372093023,-0.057692307692307696,-0.6666666666666666,0.2571428571428571,-0.3953488372093023,-0.057692307692307696
2025,2025-06-13,Argentina,Canada,3,2,25,21,14,25,15,22,25,25,22,8,75,59,6,10,-,59,17,57,133,6,15,20,41,10,22,67,99,9,4,74,87,39,25,89,22,1,113,136,2025-06-13_Argentina_Canada,1,0.7368421052631579,-0.1791044776119403,0.06756756756756757,-0.45,0.15730337078651685,-0.1791044776119403,0.06756756756756757
2025,2025-06-13,Canada,Argentina,2,3,22,25,25,22,8,25,21,14,25,15,71,58,9,4,-,58,14,48,120,9,15,28,52,4,16,83,103,17,10,50,77,40,18,75,26,0,89,115,2025-06-13_Argentina_Canada,0,0.9166666666666666,-0.14457831325301204,0.14,-0.21428571428571427,0.29333333333333333,-0.14457831325301204,0.14
2025,2025-06-13,Ukraine,Cuba,3,2,25,20,25,17,15,22,25,20,25,12,73,51,17,5,-,51,22,48,121,17,24,19,60,5,22,75,102,19,8,62,89,17,13,62,25,1,92,118,2025-06-13_Cuba_Ukraine,1,0.6041666666666666,-0.22666666666666666,0.1774193548387097,-0.3684210526315789,0.06451612903225806,-0.22666666666666666,0.1774193548387097
2025,2025-06-13,Cuba,Ukraine,2,3,22,25,20,25,12,25,20,25,17,15,69,50,11,8,-,50,24,41,115,11,28,18,57,8,15,81,104,18,5,57,80,17,13,60,23,2,87,112,2025-06-13_Cuba_Ukraine,0,0.6341463414634146,-0.08641975308641975,0.22807017543859648,-0.9444444444444444,0.06666666666666667,-0.08641975308641975,0.22807017543859648
2025,2025-06-13,USA,Iran,3,2,19,21,25,25,17,25,25,21,23,15,76,58,14,4,-,58,15,38,111,14,20,22,56,4,26,76,106,16,9,62,87,27,8,44,23,0,85,108,2025-06-13_Iran_USA,1,1.131578947368421,-0.2894736842105263,0.11290322580645161,-0.2727272727272727,0.4318181818181818,-0.2894736842105263,0.11290322580645161
2025,2025-06-13,Iran,USA,2,3,25,25,21,23,15,19,21,25,25,17,70,56,5,9,-,56,19,42,117,5,23,13,41,9,24,78,111,9,4,67,80,29,15,66,20,1,96,117,2025-06-13_Iran_USA,0,0.8809523809523809,-0.19230769230769232,0.07462686567164178,-1.3846153846153846,0.21212121212121213,-0.19230769230769232,0.07462686567164178
2025,2025-06-13,Japan,Serbia,3,0,25,25,26,0,0,20,23,24,0,0,54,41,7,6,-,41,14,20,75,7,13,9,29,6,11,57,74,18,1,32,51,15,7,35,21,0,52,73,2025-06-13_Japan_Serbia,1,1.35,-0.08771929824561403,0.53125,-0.6666666666666666,0.22857142857142856,-0.08771929824561403,0.53125
2025,2025-06-13,Serbia,Japan,0,3,20,23,24,0,0,25,25,26,0,0,52,41,10,1,-,41,10,19,70,10,20,11,41,1,18,50,69,15,6,42,63,8,11,30,23,0,45,68,2025-06-13_Japan_Serbia,0,1.631578947368421,-0.34,0.21428571428571427,-0.9090909090909091,-0.1,-0.34,0.21428571428571427
2025,2025-06-13,Netherlands,Türkiye,3,1,21,25,25,25,0,25,23,22,23,0,72,56,12,4,-,56,13,44,113,12,16,19,47,4,19,72,95,17,2,57,76,37,21,70,39,0,72,111,2025-06-13_Netherlands_Türkiye,1,0.9772727272727273,-0.20833333333333334,0.2631578947368421,-0.21052631578947367,0.22857142857142856,-0.20833333333333334,0.2631578947368421
2025,2025-06-13,Türkiye,Netherlands,1,3,25,23,22,23,0,21,25,25,25,0,72,59,11,2,-,59,17,37,113,11,25,19,55,2,18,74,94,16,4,56,76,41,18,72,48,1,68,117,2025-06-13_Netherlands_Türkiye,0,1.135135135135135,-0.21621621621621623,0.21428571428571427,-0.7368421052631579,0.3194444444444444,-0.21621621621621623,0.21428571428571427
2025,2025-06-14,Ukraine,Brazil,2,3,25,25,22,23,10,19,14,25,25,15,84,64,11,9,-,64,10,52,126,11,21,20,52,9,20,77,106,17,5,66,88,28,15,71,32,1,86,119,2025-06-14_Brazil_Ukraine,0,1.0384615384615385,-0.14285714285714285,0.18181818181818182,-0.5,0.18309859154929578,-0.14285714285714285,0.18181818181818182
2025,2025-06-14,Brazil,Ukraine,3,2,19,14,25,25,15,25,25,22,23,10,70,62,3,5,-,62,20,48,130,3,26,20,49,5,9,83,97,12,9,65,86,33,19,86,43,1,84,128,2025-06-14_Brazil_Ukraine,1,0.875,-0.04819277108433735,0.046153846153846156,-1.15,0.16279069767441862,-0.04819277108433735,0.046153846153846156
2025,2025-06-14,Canada,France,2,3,22,27,29,25,6,25,29,27,21,15,76,67,4,5,-,67,16,42,125,4,25,25,54,5,26,78,109,32,2,64,98,23,27,69,51,1,76,128,2025-06-14_Canada_France,0,1.2142857142857142,-0.2692307692307692,0.46875,-0.84,-0.057971014492753624,-0.2692307692307692,0.46875
2025,2025-06-14,France,Canada,3,2,25,29,27,21,15,22,27,29,25,6,82,72,8,2,-,72,10,43,125,8,24,15,47,2,20,96,118,27,5,51,83,31,20,76,38,5,81,124,2025-06-14_Canada_France,1,1.441860465116279,-0.1875,0.43137254901960786,-1.0666666666666667,0.14473684210526316,-0.1875,0.43137254901960786
2025,2025-06-14,China,Netherlands,3,1,25,25,13,25,0,19,20,25,17,0,60,47,6,7,-,47,13,29,89,6,20,17,43,7,10,70,87,18,2,41,61,25,15,58,21,1,71,93,2025-06-14_China_Netherlands,1,1.1724137931034482,-0.04285714285714286,0.3902439024390244,-0.8235294117647058,0.1724137931034483,-0.04285714285714286,0.3902439024390244
2025,2025-06-14,Netherlands,China,1,3,19,20,25,17,0,25,25,13,25,0,61,55,4,2,-,55,11,37,103,4,19,10,33,2,21,59,82,24,7,46,77,26,10,51,22,1,81,104,2025-06-14_China_Netherlands,0,1.1891891891891893,-0.3220338983050847,0.3695652173913043,-1.5,0.3137254901960784,-0.3220338983050847,0.3695652173913043
2025,2025-06-14,France,Italy,3,1,25,25,19,26,0,18,22,25,24,0,70,53,10,7,-,53,17,38,108,10,18,10,38,7,14,73,94,16,6,53,75,25,9,49,25,0,77,102,2025-06-14_France_Italy,1,0.9473684210526315,-0.0958904109589041,0.18867924528301888,-0.8,0.32653061224489793,-0.0958904109589041,0.18867924528301888
2025,2025-06-14,Italy,France,1,3,18,22,25,24,0,25,25,19,26,0,64,51,7,6,-,51,18,30,99,7,18,18,43,6,15,69,90,18,7,55,80,32,12,52,30,2,69,101,2025-06-14_France_Italy,0,1.1,-0.13043478260869565,0.2,-0.6111111111111112,0.38461538461538464,-0.13043478260869565,0.2
2025,2025-06-14,Iran,Slovenia,2,3,25,23,18,25,12,17,25,25,18,15,69,48,12,9,-,48,19,47,114,12,25,18,55,9,17,77,103,9,9,59,77,37,14,69,19,1,94,114,2025-06-14_Iran_Slovenia,0,0.6170212765957447,-0.1038961038961039,0.0,-0.7222222222222222,0.3333333333333333,-0.1038961038961039,0.0
2025,2025-06-14,Slovenia,Iran,3,2,17,25,25,18,15,25,23,18,25,12,72,53,10,9,-,53,20,43,116,10,19,22,51,9,23,68,100,18,9,59,86,36,11,64,26,1,92,119,2025-06-14_Iran_Slovenia,1,0.7674418604651163,-0.20588235294117646,0.15254237288135594,-0.4090909090909091,0.390625,-0.20588235294117646,0.15254237288135594
2025,2025-06-14,Türkiye,Poland,0,3,26,23,21,0,0,28,25,25,0,0,48,41,5,2,-,41,13,24,78,5,15,17,37,2,21,48,71,13,5,45,63,15,18,42,21,0,56,77,2025-06-14_Poland_Türkiye,0,1.1666666666666667,-0.3958333333333333,0.17777777777777778,-0.5882352941176471,-0.07142857142857142,-0.3958333333333333,0.17777777777777778
2025,2025-06-14,Poland,Türkiye,3,0,28,25,25,0,0,26,23,21,0,0,45,35,5,5,-,35,11,27,73,5,16,16,37,5,13,59,77,10,2,38,50,24,13,43,22,3,51,76,2025-06-14_Poland_Türkiye,1,0.8888888888888888,-0.13559322033898305,0.21052631578947367,-0.6875,0.2558139534883721,-0.13559322033898305,0.21052631578947367
2025,2025-06-14,USA,Slovenia,1,3,22,25,25,23,0,25,27,20,25,0,70,54,13,3,-,54,13,67,134,13,23,29,65,3,20,74,97,9,8,67,84,30,22,87,24,1,108,133,2025-06-14_Slovenia_USA,0,0.6119402985074627,-0.22972972972972974,0.014925373134328358,-0.3448275862068966,0.09195402298850575,-0.22972972972972974,0.014925373134328358
2025,2025-06-14,Slovenia,USA,3,1,25,27,20,25,0,22,25,25,23,0,66,54,4,8,-,54,23,47,124,4,28,40,72,8,12,76,96,9,3,65,77,34,17,78,32,1,94,127,2025-06-14_Slovenia_USA,1,0.6595744680851063,-0.05263157894736842,0.09230769230769231,-0.6,0.21794871794871795,-0.05263157894736842,0.09230769230769231
2025,2025-06-15,Argentina,Italy,1,3,23,25,35,21,0,25,17,37,25,0,74,60,11,3,-,60,21,52,133,11,18,22,51,3,23,79,105,15,2,66,83,34,21,83,22,1,108,131,2025-06-15_Argentina_Italy,0,0.75,-0.25316455696202533,0.19696969696969696,-0.3181818181818182,0.1566265060240964,-0.25316455696202533,0.19696969696969696
2025,2025-06-15,Italy,Argentina,3,1,25,17,37,25,0,23,25,35,21,0,72,57,13,2,-,57,20,45,122,13,29,32,74,2,20,81,103,23,3,56,82,38,12,66,31,0,90,121,2025-06-15_Argentina_Italy,1,0.8222222222222222,-0.2222222222222222,0.35714285714285715,-0.5,0.3939393939393939,-0.2222222222222222,0.35714285714285715
2025,2025-06-15,Brazil,Slovenia,3,0,25,29,25,0,0,19,27,19,0,0,61,49,7,5,-,49,8,27,84,7,16,12,35,5,10,62,77,16,1,37,54,18,10,45,29,1,57,87,2025-06-15_Brazil_Slovenia,1,1.5185185185185186,-0.08064516129032258,0.40540540540540543,-0.75,0.17777777777777778,-0.08064516129032258,0.40540540540540543
2025,2025-06-15,Slovenia,Brazil,0,3,19,27,19,0,0,25,29,25,0,0,49,45,3,1,-,45,11,25,81,3,17,8,28,1,13,53,67,20,5,42,67,11,13,39,25,1,55,81,2025-06-15_Brazil_Slovenia,0,1.36,-0.22641509433962265,0.35714285714285715,-1.75,-0.05128205128205128,-0.22641509433962265,0.35714285714285715
2025,2025-06-15,Bulgaria,Canada,0,3,24,23,19,0,0,26,25,25,0,0,52,41,6,5,-,41,17,31,89,6,7,14,27,5,18,45,68,15,6,44,65,20,10,45,24,0,65,89,2025-06-15_Bulgaria_Canada,0,0.7741935483870968,-0.28888888888888886,0.20454545454545456,-0.07142857142857142,0.2222222222222222,-0.28888888888888886,0.20454545454545456
2025,2025-06-15,Canada,Bulgaria,3,0,26,25,25,0,0,24,23,19,0,0,52,35,11,6,-,35,11,24,70,11,17,14,42,6,9,59,74,10,5,35,50,25,7,43,20,0,49,69,2025-06-15_Bulgaria_Canada,1,1.0,-0.05084745762711865,0.14285714285714285,-0.42857142857142855,0.4186046511627907,-0.05084745762711865,0.14285714285714285
2025,2025-06-15,Bulgaria,Germany,3,2,25,22,25,23,15,22,25,19,25,12,78,61,14,3,-,61,9,44,114,14,21,24,59,3,31,76,110,14,7,56,77,27,19,74,25,0,85,110,2025-06-15_Bulgaria_Germany,1,1.1818181818181819,-0.3684210526315789,0.125,-0.2916666666666667,0.10810810810810811,-0.3684210526315789,0.125
2025,2025-06-15,Germany,Bulgaria,2,3,22,25,19,25,12,25,22,25,23,15,65,53,5,7,-,53,19,46,118,5,15,21,41,7,26,70,103,12,3,64,79,25,21,74,22,0,90,112,2025-06-15_Bulgaria_Germany,0,0.7391304347826086,-0.2714285714285714,0.140625,-0.47619047619047616,0.05405405405405406,-0.2714285714285714,0.140625
2025,2025-06-15,China,Türkiye,0,3,22,21,20,0,0,25,25,25,0,0,42,37,4,1,-,37,14,36,87,4,12,12,28,1,15,49,65,9,6,43,58,28,13,57,23,0,67,90,2025-06-15_China_Türkiye,0,0.6388888888888888,-0.2857142857142857,0.06976744186046512,-0.6666666666666666,0.2631578947368421,-0.2857142857142857,0.06976744186046512
2025,2025-06-15,Türkiye,China,3,0,25,25,25,0,0,22,21,20,0,0,54,39,9,6,-,39,10,30,79,9,16,20,45,6,14,53,73,7,1,42,50,28,12,51,23,0,59,82,2025-06-15_China_Türkiye,1,0.9666666666666667,-0.1509433962264151,0.14285714285714285,-0.35,0.3137254901960784,-0.1509433962264151,0.14285714285714285
2025,2025-06-15,Cuba,USA,1,3,22,18,25,23,0,25,25,18,25,0,65,48,13,4,-,48,21,35,104,13,15,26,54,4,17,68,89,21,7,50,78,31,13,56,40,1,65,106,2025-06-15_Cuba_USA,0,0.7714285714285715,-0.19117647058823528,0.28,-0.07692307692307693,0.32142857142857145,-0.19117647058823528,0.28
2025,2025-06-15,USA,Cuba,3,1,25,25,18,25,0,22,18,25,23,0,65,47,11,7,-,47,19,39,105,11,17,15,43,7,14,71,92,19,4,49,72,23,13,62,46,1,59,106,2025-06-15_Cuba_USA,1,0.717948717948718,-0.09859154929577464,0.30612244897959184,-0.4,0.16129032258064516,-0.09859154929577464,0.30612244897959184
2025,2025-06-15,Germany,France,3,1,23,25,29,29,0,25,19,27,27,0,69,53,14,2,-,53,23,57,133,14,23,31,68,2,18,85,105,21,2,51,74,50,14,78,41,0,94,135,2025-06-15_France_Germany,1,0.5263157894736842,-0.18823529411764706,0.37254901960784315,-0.2903225806451613,0.46153846153846156,-0.18823529411764706,0.37254901960784315
2025,2025-06-15,France,Germany,1,3,25,19,27,27,0,23,25,29,29,0,70,54,14,2,-,54,24,59,137,14,21,27,62,2,25,72,99,23,2,62,87,41,11,76,36,0,107,143,2025-06-15_France_Germany,0,0.5084745762711864,-0.3194444444444444,0.3387096774193548,-0.25925925925925924,0.39473684210526316,-0.3194444444444444,0.3387096774193548
2025,2025-06-15,Ukraine,Iran,2,3,30,20,25,21,9,28,25,22,25,15,82,62,14,6,-,62,19,45,126,14,27,18,59,6,23,77,106,25,6,68,99,33,9,50,30,0,99,129,2025-06-15_Iran_Ukraine,0,0.9555555555555556,-0.22077922077922077,0.27941176470588236,-0.7222222222222222,0.48,-0.22077922077922077,0.27941176470588236
2025,2025-06-15,Iran,Ukraine,3,2,28,25,22,25,15,30,20,25,21,9,80,66,8,6,-,66,18,34,118,8,23,16,47,6,15,93,114,21,6,56,83,40,11,64,37,2,81,120,2025-06-15_Iran_Ukraine,1,1.411764705882353,-0.0967741935483871,0.26785714285714285,-0.9375,0.453125,-0.0967741935483871,0.26785714285714285
2025,2025-06-15,Netherlands,Japan,0,3,18,23,18,0,0,25,25,25,0,0,46,37,9,0,-,37,15,28,80,9,8,11,28,0,14,47,61,26,3,34,63,17,13,36,24,0,55,79,2025-06-15_Japan_Netherlands,0,0.7857142857142857,-0.2978723404255319,0.6764705882352942,0.09090909090909091,0.1111111111111111,-0.2978723404255319,0.6764705882352942
2025,2025-06-15,Japan,Netherlands,3,0,25,25,25,0,0,18,23,18,0,0,51,42,6,3,-,42,11,26,79,6,18,13,37,3,10,60,73,14,0,33,47,21,9,42,31,0,45,76,2025-06-15_Japan_Netherlands,1,1.1923076923076923,-0.11666666666666667,0.42424242424242425,-0.9230769230769231,0.2857142857142857,-0.11666666666666667,0.42424242424242425
2025,2025-06-15,Poland,Serbia,3,0,25,25,25,0,0,21,20,23,0,0,54,43,8,3,-,43,7,25,75,8,18,14,40,3,12,58,73,14,4,34,52,23,8,43,24,2,54,80,2025-06-15_Poland_Serbia,1,1.44,-0.15517241379310345,0.29411764705882354,-0.7142857142857143,0.3488372093023256,-0.15517241379310345,0.29411764705882354
2025,2025-06-15,Serbia,Poland,0,3,21,20,23,0,0,25,25,25,0,0,44,37,3,4,-,37,14,30,81,3,17,14,34,4,14,48,66,15,3,43,61,19,17,46,19,1,63,83,2025-06-15_Poland_Serbia,0,0.7666666666666667,-0.20833333333333334,0.27906976744186046,-1.0,0.043478260869565216,-0.20833333333333334,0.27906976744186046
2025,2025-06-25,Netherlands,Argentina,0,3,20,14,22,0,0,25,25,25,0,0,41,34,4,3,-,34,16,28,78,4,11,14,29,3,14,41,58,19,4,40,63,14,12,39,23,0,59,82,2025-06-25_Argentina_Netherlands,0,0.6428571428571429,-0.2682926829268293,0.375,-0.5,0.05128205128205128,-0.2682926829268293,0.375
2025,2025-06-25,Argentina,Netherlands,3,0,25,25,25,0,0,20,14,22,0,0,54,41,9,4,-,41,7,20,68,9,10,16,35,4,10,59,73,15,3,26,44,21,15,50,32,0,37,69,2025-06-25_Argentina_Netherlands,1,1.7,-0.1016949152542373,0.46153846153846156,-0.0625,0.12,-0.1016949152542373,0.46153846153846156
2025,2025-06-25,Canada,Brazil,0,3,22,17,17,0,0,25,25,25,0,0,39,36,2,1,-,36,15,20,71,2,18,9,29,1,20,37,58,12,4,44,60,12,11,33,22,0,49,71,2025-06-25_Brazil_Canada,0,1.05,-0.5135135135135135,0.18181818181818182,-1.7777777777777777,0.030303030303030304,-0.5135135135135135,0.18181818181818182
2025,2025-06-25,Brazil,Canada,3,0,25,25,25,0,0,22,17,17,0,0,49,35,10,4,-,35,6,18,59,10,10,11,31,4,13,56,73,11,1,26,38,16,13,40,25,0,33,58,2025-06-25_Brazil_Canada,1,1.6111111111111112,-0.16071428571428573,0.38461538461538464,0.0,0.075,-0.16071428571428573,0.38461538461538464
2025,2025-06-25,Bulgaria,Japan,3,0,27,25,25,0,0,25,23,19,0,0,58,42,9,7,-,42,12,25,79,9,16,20,45,7,15,54,76,9,3,41,53,22,7,37,15,0,61,76,2025-06-25_Bulgaria_Japan,1,1.2,-0.14814814814814814,0.14634146341463414,-0.35,0.40540540540540543,-0.14814814814814814,0.14634146341463414
2025,2025-06-25,Japan,Bulgaria,0,3,25,23,19,0,0,27,25,25,0,0,46,37,6,3,-,37,12,30,79,6,15,12,33,3,15,50,68,17,7,36,60,13,6,43,16,0,66,82,2025-06-25_Bulgaria_Japan,0,0.8333333333333334,-0.24,0.2777777777777778,-0.75,0.16279069767441862,-0.24,0.2777777777777778
2025,2025-06-25,Germany,Cuba,1,3,25,18,22,21,0,19,25,25,25,0,61,49,10,2,-,49,14,54,117,10,24,27,61,2,20,66,88,17,7,55,79,32,7,61,34,1,79,114,2025-06-25_Cuba_Germany,0,0.6481481481481481,-0.2727272727272727,0.18181818181818182,-0.5185185185185185,0.4098360655737705,-0.2727272727272727,0.18181818181818182
2025,2025-06-25,Cuba,Germany,3,1,19,25,25,25,0,25,18,22,21,0,66,51,8,7,-,51,21,43,115,8,19,36,63,7,14,72,93,11,2,55,68,37,13,68,27,0,85,112,2025-06-25_Cuba_Germany,1,0.6976744186046512,-0.09722222222222222,0.16363636363636364,-0.3055555555555556,0.35294117647058826,-0.09722222222222222,0.16363636363636364
2025,2025-06-25,Ukraine,France,0,3,23,21,17,0,0,25,25,25,0,0,45,36,7,2,-,36,14,30,80,7,17,15,39,2,9,52,63,9,9,45,63,18,11,50,37,0,43,80,2025-06-25_France_Ukraine,0,0.7333333333333333,-0.1346153846153846,0.0,-0.6666666666666666,0.14,-0.1346153846153846,0.0
2025,2025-06-25,France,Ukraine,3,0,25,25,25,0,0,23,21,17,0,0,61,43,9,9,-,43,11,32,86,9,14,15,38,9,10,54,73,16,2,36,54,25,10,50,38,1,45,84,2025-06-25_France_Ukraine,1,1.0,-0.018518518518518517,0.3888888888888889,-0.3333333333333333,0.3,-0.018518518518518517,0.3888888888888889
2025,2025-06-25,Serbia,Iran,1,3,21,19,25,23,0,25,25,23,25,0,66,47,15,4,-,47,18,21,86,15,25,16,56,4,14,71,89,9,9,62,80,23,2,32,13,0,79,92,2025-06-25_Iran_Serbia,0,1.380952380952381,-0.14084507042253522,0.0,-0.625,0.65625,-0.14084507042253522,0.0
2025,2025-06-25,Iran,Serbia,3,1,25,25,23,25,0,21,19,25,23,0,76,56,11,9,-,56,20,33,109,11,17,5,33,9,17,71,97,23,4,48,75,35,7,51,23,0,88,111,2025-06-25_Iran_Serbia,1,1.0909090909090908,-0.11267605633802817,0.3958333333333333,-1.2,0.5490196078431373,-0.11267605633802817,0.3958333333333333
2025,2025-06-25,Italy,Poland,3,2,25,23,21,25,15,17,25,25,20,11,89,63,17,9,-,63,16,63,142,17,27,23,67,9,13,86,108,28,4,55,87,38,14,79,62,0,80,142,2025-06-25_Italy_Poland,1,0.746031746031746,-0.046511627906976744,0.43636363636363634,-0.43478260869565216,0.3037974683544304,-0.046511627906976744,0.43636363636363634
2025,2025-06-25,Poland,Italy,2,3,17,25,25,20,11,25,23,21,25,15,77,63,10,4,-,63,24,56,143,10,20,35,65,4,12,83,99,22,9,64,95,39,18,83,39,1,105,145,2025-06-25_Italy_Poland,0,0.6964285714285714,-0.0963855421686747,0.203125,-0.2857142857142857,0.25301204819277107,-0.0963855421686747,0.203125
2025,2025-06-25,Türkiye,Slovenia,0,3,16,22,18,0,0,25,25,25,0,0,40,32,6,2,-,32,13,42,87,6,17,9,32,2,13,42,57,15,5,40,60,30,12,59,6,0,86,92,2025-06-25_Slovenia_Türkiye,0,0.4523809523809524,-0.2619047619047619,0.25,-1.2222222222222223,0.3050847457627119,-0.2619047619047619,0.25
2025,2025-06-25,Slovenia,Türkiye,3,0,25,25,25,0,0,16,22,18,0,0,50,40,5,5,-,40,8,32,80,5,15,22,42,5,14,55,74,12,2,30,44,36,7,53,15,0,67,82,2025-06-25_Slovenia_Türkiye,1,1.0,-0.16363636363636364,0.3333333333333333,-0.45454545454545453,0.5471698113207547,-0.16363636363636364,0.3333333333333333
2025,2025-06-26,Brazil,China,3,0,25,25,25,0,0,22,16,23,0,0,62,48,8,6,-,48,9,25,82,8,15,19,42,6,10,58,74,11,2,42,55,9,21,54,41,0,40,81,2025-06-26_Brazil_China,1,1.56,-0.06896551724137931,0.21428571428571427,-0.3684210526315789,-0.2222222222222222,-0.06896551724137931,0.21428571428571427
2025,2025-06-26,China,Brazil,0,3,22,16,23,0,0,25,25,25,0,0,44,39,3,2,-,39,13,36,88,3,14,10,27,2,7,53,62,4,6,54,64,14,28,67,29,1,62,92,2025-06-26_Brazil_China,0,0.7222222222222222,-0.09433962264150944,-0.037037037037037035,-1.1,-0.208955223880597,-0.09433962264150944,-0.037037037037037035
2025,2025-06-26,China,USA,2,3,22,25,25,16,11,25,21,19,25,15,71,52,16,3,-,52,19,54,125,16,26,23,65,3,15,84,102,17,3,68,88,19,29,86,23,0,112,135,2025-06-26_China_USA,0,0.6111111111111112,-0.14285714285714285,0.20588235294117646,-0.43478260869565216,-0.11627906976744186,-0.14285714285714285,0.20588235294117646
2025,2025-06-26,USA,China,3,2,25,21,19,25,15,22,25,25,16,11,80,65,12,3,-,65,28,44,137,12,22,28,62,3,16,85,104,15,3,69,87,17,25,82,37,0,97,134,2025-06-26_China_USA,1,0.8409090909090909,-0.15294117647058825,0.17391304347826086,-0.35714285714285715,-0.0975609756097561,-0.15294117647058825,0.17391304347826086
2025,2025-06-26,Serbia,Cuba,1,3,25,22,16,16,0,22,25,25,25,0,50,43,4,3,-,43,26,36,105,4,24,22,50,3,12,65,80,25,10,42,77,29,11,61,42,0,69,111,2025-06-26_Cuba_Serbia,0,0.4722222222222222,-0.13846153846153847,0.35714285714285715,-0.9090909090909091,0.29508196721311475,-0.13846153846153847,0.35714285714285715
2025,2025-06-26,Cuba,Serbia,3,1,22,25,25,25,0,25,22,16,16,0,73,45,18,10,-,45,11,46,102,18,19,16,53,10,19,67,96,24,3,41,68,23,9,55,34,2,68,104,2025-06-26_Cuba_Serbia,1,0.7391304347826086,-0.13432835820895522,0.5121951219512195,-0.0625,0.2545454545454545,-0.13432835820895522,0.5121951219512195
2025,2025-06-26,France,Japan,2,3,22,25,25,20,11,25,19,22,25,15,80,67,11,2,-,67,9,51,127,11,23,31,65,2,28,74,104,26,9,54,89,40,20,74,57,0,66,123,2025-06-26_France_Japan,0,1.1372549019607843,-0.35135135135135137,0.3148148148148148,-0.3870967741935484,0.2702702702702703,-0.35135135135135137,0.3148148148148148
2025,2025-06-26,Japan,France,3,2,25,19,22,25,15,22,25,25,20,11,71,59,3,9,-,59,17,50,126,3,19,23,45,9,16,80,105,13,2,61,76,42,23,95,40,0,91,131,2025-06-26_France_Japan,1,0.84,-0.0875,0.18032786885245902,-0.6956521739130435,0.2,-0.0875,0.18032786885245902
2025,2025-06-26,Netherlands,Germany,1,3,26,22,21,24,0,24,25,25,26,0,66,49,9,8,-,49,24,54,127,9,23,28,60,8,18,68,94,20,4,60,84,32,18,76,25,0,100,125,2025-06-26_Germany_Netherlands,0,0.46296296296296297,-0.14705882352941177,0.26666666666666666,-0.5,0.18421052631578946,-0.14705882352941177,0.26666666666666666
2025,2025-06-26,Germany,Netherlands,3,1,24,25,25,26,0,26,22,21,24,0,68,52,12,4,-,52,20,48,120,12,22,34,68,4,15,80,99,17,8,51,76,43,17,74,36,0,80,116,2025-06-26_Germany_Netherlands,1,0.6666666666666666,-0.1375,0.17647058823529413,-0.29411764705882354,0.35135135135135137,-0.1375,0.17647058823529413
2025,2025-06-26,Türkiye,Ukraine,0,3,11,22,21,0,0,25,25,25,0,0,42,36,6,0,-,36,18,27,81,6,17,12,35,0,9,47,56,9,3,52,64,13,16,47,25,1,54,80,2025-06-26_Türkiye_Ukraine,0,0.6666666666666666,-0.19148936170212766,0.11538461538461539,-0.9166666666666666,-0.06382978723404255,-0.19148936170212766,0.11538461538461539
2025,2025-06-26,Ukraine,Türkiye,3,0,25,25,25,0,0,11,22,21,0,0,55,42,10,3,-,42,7,27,76,10,17,14,41,3,10,61,74,6,0,41,47,19,7,41,22,1,52,75,2025-06-26_Türkiye_Ukraine,1,1.2962962962962963,-0.11475409836065574,0.14634146341463414,-0.5,0.2926829268292683,-0.11475409836065574,0.14634146341463414
2025,2025-06-27,Argentina,Iran,1,3,21,25,22,22,0,25,22,25,25,0,63,50,9,4,-,50,14,36,100,9,19,13,41,4,23,64,91,13,7,57,77,26,14,49,40,1,59,100,2025-06-27_Argentina_Iran,0,1.0,-0.296875,0.10526315789473684,-0.7692307692307693,0.24489795918367346,-0.296875,0.10526315789473684
2025,2025-06-27,Iran,Argentina,3,1,25,22,25,25,0,21,25,22,22,0,67,51,9,7,-,51,16,30,97,9,18,24,51,7,19,70,96,28,4,36,68,29,14,50,39,1,57,97,2025-06-27_Argentina_Iran,1,1.1666666666666667,-0.17142857142857143,0.6666666666666666,-0.375,0.3,-0.17142857142857143,0.6666666666666666
2025,2025-06-27,Bulgaria,Slovenia,3,1,18,25,25,25,0,25,23,21,22,0,59,41,11,7,-,41,14,44,99,11,23,24,58,7,22,63,92,10,6,54,70,22,6,49,19,1,78,98,2025-06-27_Bulgaria_Slovenia,1,0.6136363636363636,-0.23809523809523808,0.07407407407407407,-0.5,0.32653061224489793,-0.23809523809523808,0.07407407407407407
2025,2025-06-27,Slovenia,Bulgaria,1,3,25,23,21,22,0,18,25,25,25,0,61,47,8,6,-,47,20,43,110,8,12,23,43,6,22,64,92,11,7,52,70,25,10,65,31,1,80,112,2025-06-27_Bulgaria_Slovenia,0,0.627906976744186,-0.25,0.07692307692307693,-0.17391304347826086,0.23076923076923078,-0.25,0.07692307692307693
2025,2025-06-27,Canada,USA,0,3,23,22,28,0,0,25,25,30,0,0,50,41,7,2,-,41,11,34,86,7,23,16,46,2,20,54,76,13,6,42,61,14,17,49,20,0,63,83,2025-06-27_Canada_USA,0,0.8823529411764706,-0.3333333333333333,0.16666666666666666,-1.0,-0.061224489795918366,-0.3333333333333333,0.16666666666666666
2025,2025-06-27,USA,Canada,3,0,25,25,30,0,0,23,22,28,0,0,50,41,3,6,-,41,10,30,81,3,9,19,31,6,17,55,78,8,2,46,56,12,26,63,12,3,71,86,2025-06-27_Canada_USA,1,1.0333333333333334,-0.2,0.13043478260869565,-0.3157894736842105,-0.2222222222222222,-0.2,0.13043478260869565
2025,2025-06-27,China,Italy,0,3,18,15,19,0,0,25,25,25,0,0,35,32,3,0,-,32,16,35,83,3,11,9,23,0,8,45,53,10,8,46,64,19,19,51,15,0,66,81,2025-06-27_China_Italy,0,0.45714285714285713,-0.17777777777777778,0.043478260869565216,-0.8888888888888888,0.0,-0.17777777777777778,0.043478260869565216
2025,2025-06-27,Italy,China,3,0,25,25,25,0,0,18,15,19,0,0,58,42,8,8,-,42,9,23,74,8,18,13,39,8,10,56,74,8,0,37,45,27,11,43,30,0,43,73,2025-06-27_China_Italy,1,1.434782608695652,-0.03571428571428571,0.21621621621621623,-0.7692307692307693,0.37209302325581395,-0.03571428571428571,0.21621621621621623
2025,2025-06-27,Netherlands,Cuba,1,3,25,18,21,28,0,21,25,25,30,0,65,57,6,2,-,57,21,39,117,6,20,22,48,2,13,78,93,25,3,53,81,31,15,62,26,0,94,120,2025-06-27_Cuba_Netherlands,0,0.9230769230769231,-0.14102564102564102,0.41509433962264153,-0.6363636363636364,0.25806451612903225,-0.14102564102564102,0.41509433962264153
2025,2025-06-27,Cuba,Netherlands,3,1,21,25,25,30,0,25,18,21,28,0,80,64,13,3,-,64,13,35,112,13,24,26,63,3,20,78,101,23,2,55,80,29,13,51,27,0,85,112,2025-06-27_Cuba_Netherlands,1,1.457142857142857,-0.21794871794871795,0.38181818181818183,-0.4230769230769231,0.3137254901960784,-0.21794871794871795,0.38181818181818183
2025,2025-06-27,Ukraine,Japan,3,2,24,25,25,22,15,26,17,18,25,13,78,58,12,8,-,58,10,51,119,12,25,33,70,8,24,79,111,20,4,53,77,29,18,73,28,1,85,114,2025-06-27_Japan_Ukraine,1,0.9411764705882353,-0.20253164556962025,0.3018867924528302,-0.3939393939393939,0.1506849315068493,-0.20253164556962025,0.3018867924528302
2025,2025-06-27,Japan,Ukraine,2,3,26,17,18,25,13,24,25,25,22,15,66,57,5,4,-,57,21,62,140,5,16,17,38,4,21,74,99,19,8,60,87,34,18,91,28,2,106,136,2025-06-27_Japan_Ukraine,0,0.5806451612903226,-0.22972972972972974,0.18333333333333332,-0.6470588235294118,0.17582417582417584,-0.22972972972972974,0.18333333333333332
2025,2025-06-28,Serbia,Argentina,1,3,25,18,23,12,0,18,25,25,25,0,50,38,9,3,-,38,17,39,94,9,17,18,44,3,15,61,79,23,7,45,75,19,20,58,11,0,83,94,2025-06-28_Argentina_Serbia,0,0.5384615384615384,-0.19672131147540983,0.35555555555555557,-0.4444444444444444,-0.017241379310344827,-0.19672131147540983,0.35555555555555557
2025,2025-06-28,Argentina,Serbia,3,1,18,25,25,25,0,25,18,23,12,0,70,54,9,7,-,54,18,35,107,9,19,20,48,7,17,68,92,26,3,35,64,28,5,59,40,1,66,107,2025-06-28_Argentina_Serbia,1,1.0285714285714285,-0.14705882352941177,0.6571428571428571,-0.5,0.3898305084745763,-0.14705882352941177,0.6571428571428571
2025,2025-06-28,Brazil,Italy,3,2,25,21,33,17,15,22,25,31,25,13,84,69,8,7,-,69,17,56,142,8,27,37,72,7,20,83,110,13,9,80,102,16,37,99,47,1,94,142,2025-06-28_Brazil_Italy,1,0.9285714285714286,-0.1566265060240964,0.05,-0.5135135135135135,-0.21212121212121213,-0.1566265060240964,0.05
2025,2025-06-28,Italy,Brazil,2,3,22,25,31,25,13,25,21,33,17,15,82,67,6,9,-,67,17,57,141,6,32,25,63,9,15,93,117,17,7,66,90,18,36,104,31,1,111,143,2025-06-28_Brazil_Italy,0,0.8771929824561403,-0.06451612903225806,0.15151515151515152,-1.04,-0.17307692307692307,-0.06451612903225806,0.15151515151515152
2025,2025-06-28,Bulgaria,Türkiye,0,3,20,20,21,0,0,25,25,25,0,0,45,35,9,1,-,35,14,33,82,9,13,15,37,1,14,48,63,6,9,48,63,13,7,40,33,1,45,79,2025-06-28_Bulgaria_Türkiye,0,0.6363636363636364,-0.2708333333333333,-0.0625,-0.26666666666666666,0.15,-0.2708333333333333,-0.0625
2025,2025-06-28,Türkiye,Bulgaria,3,0,25,25,25,0,0,20,20,21,0,0,50,36,5,9,-,36,14,25,75,5,15,18,38,9,10,54,73,11,1,36,48,21,11,49,25,0,51,76,2025-06-28_Bulgaria_Türkiye,1,0.88,-0.018518518518518517,0.2777777777777778,-0.5555555555555556,0.20408163265306123,-0.018518518518518517,0.2777777777777778
2025,2025-06-28,Canada,Poland,2,3,32,25,17,23,13,30,14,25,25,15,76,57,8,11,-,57,19,54,130,8,23,30,61,11,24,75,110,22,6,63,91,22,34,88,34,0,97,131,2025-06-28_Canada_Poland,0,0.7037037037037037,-0.17333333333333334,0.25396825396825395,-0.5,-0.13636363636363635,-0.17333333333333334,0.25396825396825395
2025,2025-06-28,Poland,Canada,3,2,30,14,25,25,15,32,25,17,23,13,78,60,12,6,-,60,20,48,128,12,22,29,63,6,18,85,109,12,11,63,86,22,31,94,25,1,105,131,2025-06-28_Canada_Poland,1,0.8333333333333334,-0.1411764705882353,0.015873015873015872,-0.3448275862068966,-0.09574468085106383,-0.1411764705882353,0.015873015873015872
2025,2025-06-28,Slovenia,France,0,3,23,27,23,0,0,25,29,25,0,0,47,37,7,3,-,37,13,40,90,7,15,23,45,3,16,55,74,13,7,41,61,20,10,63,27,1,65,93,2025-06-28_France_Slovenia,0,0.6,-0.23636363636363636,0.14634146341463414,-0.34782608695652173,0.15873015873015872,-0.23636363636363636,0.14634146341463414
2025,2025-06-28,France,Slovenia,3,0,25,29,25,0,0,23,27,23,0,0,59,42,10,7,-,42,15,43,100,10,20,24,54,7,17,54,78,25,3,30,58,33,10,56,37,0,59,96,2025-06-28_France_Slovenia,1,0.627906976744186,-0.18518518518518517,0.7333333333333333,-0.4166666666666667,0.4107142857142857,-0.18518518518518517,0.7333333333333333
2025,2025-06-28,Germany,Iran,3,1,25,23,26,25,0,22,25,24,22,0,66,57,3,6,-,57,12,35,104,3,24,18,45,6,19,73,98,26,1,48,75,26,14,55,23,0,81,104,2025-06-28_Germany_Iran,1,1.2857142857142858,-0.1780821917808219,0.5208333333333334,-1.1666666666666667,0.21818181818181817,-0.1780821917808219,0.5208333333333334
2025,2025-06-28,Iran,Germany,1,3,22,25,24,22,0,25,23,26,25,0,70,60,9,1,-,60,13,37,110,9,28,18,55,1,20,74,95,22,6,51,79,27,6,46,21,3,84,108,2025-06-28_Germany_Iran,0,1.2702702702702702,-0.25675675675675674,0.3137254901960784,-1.0555555555555556,0.45652173913043476,-0.25675675675675674,0.3137254901960784
2025,2025-06-29,Cuba,Argentina,2,3,25,23,21,25,11,23,25,25,21,15,74,59,8,7,-,59,17,38,114,8,30,26,64,7,23,75,105,15,5,65,85,28,14,58,32,0,85,117,2025-06-29_Argentina_Cuba,0,1.105263157894737,-0.21333333333333335,0.15384615384615385,-0.8461538461538461,0.2413793103448276,-0.21333333333333335,0.15384615384615385
2025,2025-06-29,Argentina,Cuba,3,2,23,25,25,21,15,25,23,21,25,11,76,62,9,5,-,62,14,44,120,9,28,21,58,5,24,80,109,25,7,50,82,36,12,62,48,1,73,122,2025-06-29_Argentina_Cuba,1,1.0909090909090908,-0.2375,0.36,-0.9047619047619048,0.3870967741935484,-0.2375,0.36
2025,2025-06-29,Brazil,Poland,3,1,25,25,21,28,0,21,21,25,26,0,76,65,8,3,-,65,24,45,134,8,23,26,57,3,15,80,98,13,3,61,77,23,25,92,49,0,86,135,2025-06-29_Brazil_Poland,1,0.9111111111111111,-0.15,0.16393442622950818,-0.5769230769230769,-0.021739130434782608,-0.15,0.16393442622950818
2025,2025-06-29,Poland,Brazil,1,3,21,21,25,26,0,25,25,21,28,0,66,49,14,3,-,49,13,57,119,14,25,23,62,3,17,74,94,15,3,65,83,17,37,88,39,0,80,119,2025-06-29_Brazil_Poland,0,0.631578947368421,-0.1891891891891892,0.18461538461538463,-0.4782608695652174,-0.22727272727272727,-0.1891891891891892,0.18461538461538463
2025,2025-06-29,Bulgaria,Ukraine,1,3,25,19,24,22,0,20,25,26,25,0,65,50,10,5,-,50,17,45,112,10,23,28,61,5,15,71,91,15,5,59,79,34,5,51,32,0,79,111,2025-06-29_Bulgaria_Ukraine,0,0.7333333333333333,-0.14084507042253522,0.1694915254237288,-0.4642857142857143,0.5686274509803921,-0.14084507042253522,0.1694915254237288
2025,2025-06-29,Ukraine,Bulgaria,3,1,20,25,26,25,0,25,19,24,22,0,74,58,11,5,-,58,17,50,125,11,19,20,50,5,16,74,95,12,5,59,76,42,10,75,45,0,79,124,2025-06-29_Bulgaria_Ukraine,1,0.82,-0.14864864864864866,0.11864406779661017,-0.4,0.4266666666666667,-0.14864864864864866,0.11864406779661017
2025,2025-06-29,China,Canada,0,3,23,20,23,0,0,25,25,25,0,0,43,34,4,5,-,34,14,28,76,4,15,18,37,5,6,57,68,17,9,37,63,19,6,37,15,0,62,77,2025-06-29_Canada_China,0,0.7142857142857143,-0.017543859649122806,0.21621621621621623,-0.6111111111111112,0.35135135135135137,-0.017543859649122806,0.21621621621621623
2025,2025-06-29,Canada,China,3,0,25,25,25,0,0,23,20,23,0,0,60,44,7,9,-,44,15,29,88,7,10,15,32,9,12,54,75,22,5,35,62,19,13,52,16,0,71,87,2025-06-29_Canada_China,1,1.0,-0.05555555555555555,0.4857142857142857,-0.2,0.11538461538461539,-0.05555555555555555,0.4857142857142857
2025,2025-06-29,Türkiye,France,0,3,20,18,19,0,0,25,25,25,0,0,34,26,6,2,-,26,14,36,76,6,16,15,37,2,12,45,59,4,8,47,59,23,5,38,14,0,70,84,2025-06-29_France_Türkiye,0,0.3333333333333333,-0.2222222222222222,-0.0851063829787234,-0.6666666666666666,0.47368421052631576,-0.2222222222222222,-0.0851063829787234
2025,2025-06-29,France,Türkiye,3,0,25,25,25,0,0,20,18,19,0,0,54,40,6,8,-,40,11,31,82,6,12,15,33,8,15,51,74,13,2,32,47,30,3,44,15,1,65,81,2025-06-29_France_Türkiye,1,0.9354838709677419,-0.13725490196078433,0.34375,-0.4,0.6136363636363636,-0.13725490196078433,0.34375
2025,2025-06-29,Germany,Serbia,3,1,25,25,23,25,0,20,21,25,17,0,74,61,7,6,-,61,11,30,102,7,17,18,42,6,15,76,97,19,5,46,70,31,17,55,44,0,54,98,2025-06-29_Germany_Serbia,1,1.6666666666666667,-0.11842105263157894,0.30434782608695654,-0.5555555555555556,0.2545454545454545,-0.11842105263157894,0.30434782608695654
2025,2025-06-29,Serbia,Germany,1,3,20,21,25,17,0,25,25,23,25,0,60,49,6,5,-,49,15,33,97,6,24,13,43,5,14,66,85,17,6,59,82,23,15,50,34,1,68,103,2025-06-29_Germany_Serbia,0,1.0303030303030303,-0.13636363636363635,0.1864406779661017,-1.3846153846153846,0.16,-0.13636363636363635,0.1864406779661017
2025,2025-06-29,Iran,Netherlands,3,2,25,22,21,25,15,19,25,25,19,9,73,62,7,4,-,62,20,31,113,7,22,23,52,4,13,91,108,21,4,49,74,37,19,77,37,0,79,116,2025-06-29_Iran_Netherlands,1,1.3548387096774193,-0.0989010989010989,0.3469387755102041,-0.6521739130434783,0.23376623376623376,-0.0989010989010989,0.3469387755102041
2025,2025-06-29,Netherlands,Iran,2,3,19,25,25,19,9,25,22,21,25,15,74,57,13,4,-,57,19,53,129,13,22,14,49,4,23,70,97,32,4,59,95,32,24,74,56,0,75,131,2025-06-29_Iran_Netherlands,0,0.7169811320754716,-0.2714285714285714,0.4745762711864407,-0.6428571428571429,0.10810810810810811,-0.2714285714285714,0.4745762711864407
2025,2025-06-29,Slovenia,Japan,0,3,25,15,16,0,0,27,25,25,0,0,43,33,7,3,-,33,13,45,91,7,20,22,49,3,9,46,58,15,6,43,64,16,13,55,38,1,55,94,2025-06-29_Japan_Slovenia,0,0.4444444444444444,-0.13043478260869565,0.20930232558139536,-0.5909090909090909,0.05454545454545454,-0.13043478260869565,0.20930232558139536
2025,2025-06-29,Japan,Slovenia,3,0,27,25,25,0,0,25,15,16,0,0,58,48,4,6,-,48,8,33,89,4,7,24,35,6,11,58,75,16,3,30,49,26,5,55,29,1,57,87,2025-06-29_Japan_Slovenia,1,1.2121212121212122,-0.08620689655172414,0.43333333333333335,-0.125,0.38181818181818183,-0.08620689655172414,0.43333333333333335
2025,2025-06-29,USA,Poland,0,3,20,21,22,0,0,25,25,25,0,0,49,36,6,7,-,36,17,22,75,6,9,7,22,7,13,45,65,19,5,39,63,9,24,45,20,0,55,75,2025-06-29_Poland_USA,0,0.8636363636363636,-0.13333333333333333,0.358974358974359,-0.42857142857142855,-0.3333333333333333,-0.13333333333333333,0.358974358974359
2025,2025-06-29,Poland,USA,3,0,25,25,25,0,0,20,21,22,0,0,52,40,7,5,-,40,10,20,70,7,11,10,28,5,10,58,73,14,7,31,52,15,17,48,22,0,49,71,2025-06-29_Poland_USA,1,1.5,-0.08620689655172414,0.22580645161290322,-0.4,-0.041666666666666664,-0.08620689655172414,0.22580645161290322
2025,2025-06-30,USA,Italy,0,3,21,22,18,0,0,25,25,25,0,0,43,40,2,1,-,40,11,24,75,2,18,14,34,1,17,44,62,14,8,37,59,17,12,38,30,0,42,72,2025-06-30_Italy_USA,0,1.2083333333333333,-0.36363636363636365,0.16216216216216217,-1.1428571428571428,0.13157894736842105,-0.36363636363636365,0.16216216216216217
2025,2025-06-30,Italy,USA,3,0,25,25,25,0,0,21,22,18,0,0,52,38,6,8,-,38,5,27,70,6,9,12,27,8,15,51,74,13,1,31,45,15,9,41,30,0,43,73,2025-06-30_Italy_USA,1,1.2222222222222223,-0.13725490196078433,0.3870967741935484,-0.25,0.14634146341463414,-0.13725490196078433,0.3870967741935484
2025,2025-07-16,Argentina,Brazil,1,3,21,23,26,18,0,25,25,24,25,0,62,51,8,3,-,51,17,44,112,8,26,20,54,3,20,66,89,22,4,56,82,28,11,55,45,0,71,116,2025-07-16_Argentina_Brazil,0,0.7727272727272727,-0.25757575757575757,0.32142857142857145,-0.9,0.3090909090909091,-0.25757575757575757,0.32142857142857145
2025,2025-07-16,Brazil,Argentina,3,1,25,25,24,25,0,21,23,26,18,0,69,57,8,4,-,57,16,39,112,8,23,23,54,4,16,78,98,19,3,47,69,35,13,66,52,0,63,115,2025-07-16_Argentina_Brazil,1,1.0512820512820513,-0.15384615384615385,0.3404255319148936,-0.6521739130434783,0.3333333333333333,-0.15384615384615385,0.3404255319148936
2025,2025-07-16,Bulgaria,Cuba,2,3,25,16,25,25,13,23,25,23,27,15,70,53,11,6,-,53,27,38,118,11,24,28,63,6,16,83,105,22,4,59,85,29,12,60,34,0,83,117,2025-07-16_Bulgaria_Cuba,0,0.6842105263157895,-0.12048192771084337,0.3050847457627119,-0.4642857142857143,0.2833333333333333,-0.12048192771084337,0.3050847457627119
2025,2025-07-16,Cuba,Bulgaria,3,2,23,25,23,27,15,25,16,25,25,13,87,64,19,4,-,64,17,48,129,19,20,15,54,4,27,81,112,18,6,65,89,27,8,64,30,1,92,123,2025-07-16_Bulgaria_Cuba,1,0.9791666666666666,-0.2839506172839506,0.18461538461538463,-0.06666666666666667,0.296875,-0.2839506172839506,0.18461538461538463
2025,2025-07-16,Canada,Slovenia,1,3,25,21,19,21,0,21,25,25,25,0,58,44,10,4,-,44,15,57,116,10,21,28,59,4,22,61,87,10,6,59,75,18,26,83,31,2,89,122,2025-07-16_Canada_Slovenia,0,0.5087719298245614,-0.29508196721311475,0.06779661016949153,-0.39285714285714285,-0.0963855421686747,-0.29508196721311475,0.06779661016949153
2025,2025-07-16,Slovenia,Canada,3,1,21,25,25,25,0,25,21,19,21,0,63,51,6,6,-,51,15,46,112,6,22,36,64,6,21,69,96,13,4,48,65,20,19,75,28,1,81,110,2025-07-16_Canada_Slovenia,1,0.782608695652174,-0.21739130434782608,0.1875,-0.4444444444444444,0.013333333333333334,-0.21739130434782608,0.1875
2025,2025-07-16,China,France,1,3,25,22,23,17,0,22,25,25,25,0,51,43,5,3,-,43,10,43,96,5,18,21,44,3,13,72,88,18,6,48,72,21,15,60,38,2,66,106,2025-07-16_China_France,0,0.7674418604651163,-0.1388888888888889,0.25,-0.6190476190476191,0.1,-0.1388888888888889,0.25
2025,2025-07-16,France,China,3,1,22,25,25,25,0,25,22,23,17,0,71,62,3,6,-,62,16,35,113,3,22,18,43,6,23,66,95,25,3,47,75,29,10,59,71,0,41,112,2025-07-16_China_France,1,1.3142857142857143,-0.25757575757575757,0.46808510638297873,-1.0555555555555556,0.3220338983050847,-0.25757575757575757,0.46808510638297873
2025,2025-07-16,Germany,Japan,1,3,25,20,23,20,0,21,25,25,25,0,67,60,5,2,-,60,12,40,112,5,32,17,54,2,8,79,89,16,4,60,80,22,10,50,22,0,86,108,2025-07-16_Germany_Japan,0,1.2,-0.0759493670886076,0.2,-1.588235294117647,0.24,-0.0759493670886076,0.2
2025,2025-07-16,Japan,Germany,3,1,21,25,25,25,0,25,20,23,20,0,79,72,3,4,-,72,10,37,119,3,21,19,43,4,15,76,95,13,2,66,81,28,20,70,14,0,104,118,2025-07-16_Germany_Japan,1,1.6756756756756757,-0.14473684210526316,0.16666666666666666,-0.9473684210526315,0.11428571428571428,-0.14473684210526316,0.16666666666666666
2025,2025-07-16,Iran,Poland,2,3,19,25,18,25,8,25,23,25,21,15,67,52,10,5,-,52,15,55,122,10,24,25,59,5,19,71,95,22,12,55,89,35,16,71,57,1,69,127,2025-07-16_Iran_Poland,0,0.6727272727272727,-0.19718309859154928,0.18181818181818182,-0.56,0.2676056338028169,-0.19718309859154928,0.18181818181818182
2025,2025-07-16,Poland,Iran,3,2,25,23,25,21,15,19,25,18,25,8,80,61,7,12,-,61,15,44,120,7,23,25,55,12,20,77,109,16,5,55,76,43,15,76,38,1,86,125,2025-07-16_Iran_Poland,1,1.0454545454545454,-0.1038961038961039,0.2,-0.64,0.3684210526315789,-0.1038961038961039,0.2
2025,2025-07-16,Serbia,Italy,0,3,15,14,16,0,0,25,25,25,0,0,30,28,2,0,-,28,15,27,70,2,11,4,17,0,10,36,46,9,9,43,61,15,19,45,27,0,42,69,2025-07-16_Italy_Serbia,0,0.48148148148148145,-0.2777777777777778,0.0,-2.25,-0.08888888888888889,-0.2777777777777778,0.0
2025,2025-07-16,Italy,Serbia,3,0,25,25,25,0,0,15,14,16,0,0,61,40,12,9,-,40,3,15,58,12,16,10,38,9,13,52,74,9,0,27,36,15,4,29,29,0,27,56,2025-07-16_Italy_Serbia,1,2.466666666666667,-0.07692307692307693,0.3333333333333333,-0.4,0.3793103448275862,-0.07692307692307693,0.3333333333333333
2025,2025-07-16,Ukraine,Netherlands,3,2,25,20,20,26,15,21,25,25,24,13,71,60,6,5,-,60,16,39,115,6,30,17,53,5,18,83,106,9,8,70,87,26,17,65,37,1,78,116,2025-07-16_Netherlands_Ukraine,1,1.1282051282051282,-0.1566265060240964,0.014285714285714285,-1.411764705882353,0.13846153846153847,-0.1566265060240964,0.014285714285714285
2025,2025-07-16,Netherlands,Ukraine,2,3,21,25,25,24,13,25,20,20,26,15,81,65,8,8,-,65,18,42,125,8,21,15,44,8,22,79,109,21,5,62,88,31,17,70,26,1,99,126,2025-07-16_Netherlands_Ukraine,0,1.119047619047619,-0.17721518987341772,0.25806451612903225,-0.8666666666666667,0.2,-0.17721518987341772,0.25806451612903225
2025,2025-07-16,Türkiye,USA,0,3,24,21,27,0,0,26,25,29,0,0,46,40,5,1,-,40,10,43,93,5,16,12,33,1,19,54,74,7,5,46,58,26,11,54,26,0,63,89,2025-07-16_Türkiye_USA,0,0.6976744186046512,-0.3333333333333333,0.043478260869565216,-0.9166666666666666,0.2777777777777778,-0.3333333333333333,0.043478260869565216
2025,2025-07-16,USA,Türkiye,3,0,26,25,29,0,0,24,21,27,0,0,55,45,5,5,-,45,10,34,89,5,11,21,37,5,20,53,78,12,1,42,55,28,14,56,29,0,60,89,2025-07-16_Türkiye_USA,1,1.0294117647058822,-0.2830188679245283,0.2619047619047619,-0.2857142857142857,0.25,-0.2830188679245283,0.2619047619047619
2025,2025-07-17,Argentina,Japan,2,3,25,25,21,23,13,23,23,25,25,15,76,59,16,1,-,59,12,50,121,16,32,18,66,1,30,77,108,23,3,67,93,16,21,58,50,0,73,123,2025-07-17_Argentina_Japan,0,0.94,-0.37662337662337664,0.29850746268656714,-0.8888888888888888,-0.08620689655172414,-0.37662337662337664,0.29850746268656714
2025,2025-07-17,Japan,Argentina,3,2,23,23,25,25,15,25,25,21,23,13,74,65,6,3,-,65,22,34,121,6,18,15,39,3,17,90,110,22,1,55,78,29,23,80,30,4,92,126,2025-07-17_Argentina_Japan,1,1.2647058823529411,-0.15555555555555556,0.38181818181818183,-0.8,0.075,-0.15555555555555556,0.38181818181818183
2025,2025-07-17,China,Iran,0,3,26,21,17,0,0,28,25,25,0,0,42,30,7,5,-,30,15,28,73,7,17,9,33,5,13,46,64,19,7,41,67,9,12,42,38,1,44,83,2025-07-17_China_Iran,0,0.5357142857142857,-0.17391304347826086,0.2926829268292683,-1.1111111111111112,-0.07142857142857142,-0.17391304347826086,0.2926829268292683
2025,2025-07-17,Iran,China,3,0,28,25,25,0,0,26,21,17,0,0,55,40,8,7,-,40,17,23,80,8,13,17,38,7,10,60,77,11,5,35,51,22,9,42,32,0,43,75,2025-07-17_China_Iran,1,1.0,-0.05,0.17142857142857143,-0.29411764705882354,0.30952380952380953,-0.05,0.17142857142857143
2025,2025-07-17,Cuba,Poland,3,1,22,25,25,26,0,25,19,21,24,0,73,55,10,8,-,55,16,32,103,10,14,19,43,8,25,64,97,16,4,48,68,24,12,58,39,0,64,103,2025-07-17_Cuba_Poland,1,1.21875,-0.265625,0.25,-0.21052631578947367,0.20689655172413793,-0.265625,0.25
2025,2025-07-17,Poland,Cuba,1,3,25,19,21,24,0,22,25,25,26,0,53,43,6,4,-,43,13,32,88,6,19,20,45,4,22,64,90,19,8,45,72,18,14,50,29,0,63,92,2025-07-17_Cuba_Poland,0,0.9375,-0.28125,0.24444444444444444,-0.65,0.08,-0.28125,0.24444444444444444
2025,2025-07-17,Türkiye,Germany,3,1,29,25,18,30,0,27,22,25,28,0,78,62,8,8,-,62,15,38,115,8,17,11,36,8,15,78,101,11,5,71,87,18,15,52,17,0,94,111,2025-07-17_Germany_Türkiye,1,1.236842105263158,-0.08974358974358974,0.08450704225352113,-0.8181818181818182,0.057692307692307696,-0.08974358974358974,0.08450704225352113
2025,2025-07-17,Germany,Türkiye,1,3,27,22,25,28,0,29,25,18,30,0,78,66,7,5,-,66,14,28,108,7,17,13,37,5,16,82,103,15,8,63,86,22,29,69,26,0,81,107,2025-07-17_Germany_Türkiye,0,1.8571428571428572,-0.13414634146341464,0.1111111111111111,-0.7692307692307693,-0.10144927536231885,-0.13414634146341464,0.1111111111111111
2025,2025-07-17,Ukraine,Italy,2,3,15,20,25,25,10,25,25,16,23,15,71,56,9,6,-,56,24,44,124,9,15,22,46,6,21,70,97,7,5,78,90,34,13,70,26,2,98,126,2025-07-17_Italy_Ukraine,0,0.7272727272727273,-0.21428571428571427,0.02564102564102564,-0.2727272727272727,0.3,-0.21428571428571427,0.02564102564102564
2025,2025-07-17,Italy,Ukraine,3,2,25,25,16,23,15,15,20,25,25,10,66,50,11,5,-,50,18,53,121,11,23,16,50,5,13,85,103,12,6,58,76,39,18,76,34,0,82,116,2025-07-17_Italy_Ukraine,1,0.6037735849056604,-0.09411764705882353,0.10344827586206896,-0.75,0.27631578947368424,-0.09411764705882353,0.10344827586206896
2025,2025-07-17,Netherlands,Slovenia,0,3,18,19,21,0,0,25,25,25,0,0,40,30,5,5,-,30,14,41,85,5,13,8,26,5,16,38,59,18,3,41,62,8,25,60,26,1,61,88,2025-07-17_Netherlands_Slovenia,0,0.3902439024390244,-0.2894736842105263,0.36585365853658536,-1.0,-0.2833333333333333,-0.2894736842105263,0.36585365853658536
2025,2025-07-17,Slovenia,Netherlands,3,0,25,25,25,0,0,18,19,21,0,0,48,41,4,3,-,41,10,23,74,4,7,23,34,3,12,59,74,9,5,29,43,19,23,61,33,0,42,75,2025-07-17_Netherlands_Slovenia,1,1.3478260869565217,-0.15254237288135594,0.13793103448275862,-0.13043478260869565,-0.06557377049180328,-0.15254237288135594,0.13793103448275862
2025,2025-07-18,Argentina,USA,1,3,23,25,20,23,0,25,20,25,25,0,70,59,8,3,-,59,12,54,125,8,16,19,43,3,20,69,92,16,6,60,82,39,17,78,36,1,89,126,2025-07-18_Argentina_USA,0,0.8703703703703703,-0.2463768115942029,0.16666666666666666,-0.42105263157894735,0.28205128205128205,-0.2463768115942029,0.16666666666666666
2025,2025-07-18,USA,Argentina,3,1,25,20,25,25,0,23,25,20,23,0,67,55,6,6,-,55,17,45,117,6,24,24,54,6,12,76,94,21,3,48,72,40,17,72,28,0,89,117,2025-07-18_Argentina_USA,1,0.8444444444444444,-0.07894736842105263,0.375,-0.75,0.3194444444444444,-0.07894736842105263,0.375
2025,2025-07-18,Brazil,Japan,3,0,25,25,28,0,0,21,23,26,0,0,52,40,11,1,-,40,12,31,83,11,19,23,53,1,12,64,77,13,3,37,53,23,7,45,35,0,48,83,2025-07-18_Brazil_Japan,1,0.9032258064516129,-0.171875,0.2702702702702703,-0.34782608695652173,0.35555555555555557,-0.171875,0.2702702702702703
2025,2025-07-18,Japan,Brazil,0,3,21,23,26,0,0,25,25,28,0,0,49,42,4,3,-,42,17,37,96,4,13,12,29,3,18,50,71,13,1,51,65,19,7,46,28,1,67,96,2025-07-18_Brazil_Japan,0,0.6756756756756757,-0.3,0.23529411764705882,-0.75,0.2608695652173913,-0.3,0.23529411764705882
2025,2025-07-18,China,Bulgaria,0,3,23,16,24,0,0,25,25,26,0,0,46,37,5,4,-,37,17,36,90,5,18,18,41,4,10,50,64,13,6,45,64,28,10,51,35,1,58,94,2025-07-18_Bulgaria_China,0,0.5555555555555556,-0.12,0.15555555555555556,-0.7222222222222222,0.35294117647058826,-0.12,0.15555555555555556
2025,2025-07-18,Bulgaria,China,3,0,25,25,26,0,0,23,16,24,0,0,56,41,9,6,-,41,8,37,86,9,16,17,42,6,11,58,75,11,4,39,54,29,11,55,36,1,50,87,2025-07-18_Bulgaria_China,1,0.8918918918918919,-0.08620689655172414,0.1794871794871795,-0.4117647058823529,0.32727272727272727,-0.08620689655172414,0.1794871794871795
2025,2025-07-18,Netherlands,Canada,0,3,22,20,15,0,0,25,25,25,0,0,36,35,1,0,-,35,11,33,79,1,16,11,28,0,17,42,59,15,2,40,57,9,23,54,28,1,50,79,2025-07-18_Canada_Netherlands,0,0.7272727272727273,-0.40476190476190477,0.325,-1.3636363636363635,-0.25925925925925924,-0.40476190476190477,0.325
2025,2025-07-18,Canada,Netherlands,3,0,25,25,25,0,0,22,20,15,0,0,50,43,5,2,-,43,6,21,70,5,13,21,39,2,16,55,73,10,0,32,42,17,21,54,33,0,36,69,2025-07-18_Canada_Netherlands,1,1.7619047619047619,-0.2545454545454545,0.3125,-0.38095238095238093,-0.07407407407407407,-0.2545454545454545,0.3125
2025,2025-07-18,Cuba,France,2,3,25,15,25,21,9,20,25,23,25,15,63,46,10,7,-,46,12,40,98,10,19,14,43,7,21,68,96,16,11,58,85,21,19,59,33,1,65,99,2025-07-18_Cuba_France,0,0.85,-0.20588235294117646,0.08620689655172414,-0.6428571428571429,0.03389830508474576,-0.20588235294117646,0.08620689655172414
2025,2025-07-18,France,Cuba,3,2,20,25,23,25,15,25,15,25,21,9,79,61,7,11,-,61,19,38,118,7,18,17,42,11,22,74,107,25,7,43,75,42,9,61,48,0,68,116,2025-07-18_Cuba_France,1,1.105263157894737,-0.14864864864864866,0.4186046511627907,-0.6470588235294118,0.5409836065573771,-0.14864864864864866,0.4186046511627907
2025,2025-07-18,Ukraine,Serbia,0,3,22,19,17,0,0,25,25,25,0,0,47,39,7,1,-,39,22,35,96,7,6,19,32,1,10,48,59,16,3,50,69,19,13,48,41,0,56,97,2025-07-18_Serbia_Ukraine,0,0.4857142857142857,-0.1875,0.26,0.05263157894736842,0.125,-0.1875,0.26
2025,2025-07-18,Serbia,Ukraine,3,0,25,25,25,0,0,22,19,17,0,0,58,40,15,3,-,40,11,35,86,15,14,19,48,3,5,66,74,12,1,36,49,24,9,55,38,1,50,89,2025-07-18_Serbia_Ukraine,1,0.8285714285714286,-0.030303030303030304,0.3055555555555556,0.05263157894736842,0.2727272727272727,-0.030303030303030304,0.3055555555555556
2025,2025-07-19,Türkiye,Brazil,1,3,22,24,25,22,0,25,26,22,25,0,64,48,8,8,-,48,15,54,117,8,21,31,60,8,15,71,94,15,10,53,78,44,12,68,22,0,96,118,2025-07-19_Brazil_Türkiye,0,0.6111111111111112,-0.09859154929577464,0.09433962264150944,-0.41935483870967744,0.47058823529411764,-0.09859154929577464,0.09433962264150944
2025,2025-07-19,Brazil,Türkiye,3,1,25,26,22,25,0,22,24,25,22,0,74,58,6,10,-,58,14,52,124,6,15,22,43,10,19,68,97,23,8,48,79,46,18,83,43,1,82,126,2025-07-19_Brazil_Türkiye,1,0.8461538461538461,-0.1323529411764706,0.3125,-0.4090909090909091,0.3373493975903614,-0.1323529411764706,0.3125
2025,2025-07-19,Bulgaria,Poland,3,2,17,25,25,27,15,25,22,23,29,11,77,59,10,8,-,59,18,35,112,10,27,15,52,8,23,78,109,18,3,65,86,19,12,52,44,1,71,116,2025-07-19_Bulgaria_Poland,1,1.1714285714285715,-0.19230769230769232,0.23076923076923078,-1.1333333333333333,0.1346153846153846,-0.19230769230769232,0.23076923076923078
2025,2025-07-19,Poland,Bulgaria,2,3,25,22,23,29,11,17,25,25,27,15,72,59,10,3,-,59,15,31,105,10,35,17,62,3,23,84,110,24,8,54,86,22,7,44,30,1,77,108,2025-07-19_Bulgaria_Poland,0,1.4193548387096775,-0.23809523809523808,0.2962962962962963,-1.4705882352941178,0.3409090909090909,-0.23809523809523808,0.2962962962962963
2025,2025-07-19,Serbia,Canada,3,1,15,25,25,25,0,25,22,18,22,0,61,53,4,4,-,53,16,30,99,4,19,21,44,4,18,67,89,16,3,48,67,32,15,62,38,0,66,104,2025-07-19_Canada_Serbia,1,1.2333333333333334,-0.208955223880597,0.2708333333333333,-0.7142857142857143,0.27419354838709675,-0.208955223880597,0.2708333333333333
2025,2025-07-19,Canada,Serbia,1,3,25,22,18,22,0,15,25,25,25,0,61,50,8,3,-,50,9,41,100,8,20,12,40,3,21,64,88,16,4,51,71,17,13,51,44,1,53,98,2025-07-19_Canada_Serbia,0,1.0,-0.28125,0.23529411764705882,-1.0,0.0784313725490196,-0.28125,0.23529411764705882
2025,2025-07-19,Iran,France,0,3,24,16,24,0,0,26,25,26,0,0,45,37,4,4,-,37,11,29,77,4,23,15,42,4,11,50,65,14,6,40,60,22,11,41,33,0,45,78,2025-07-19_France_Iran,0,0.896551724137931,-0.14,0.2,-1.2666666666666666,0.2682926829268293,-0.14,0.2
2025,2025-07-19,France,Iran,3,0,26,25,26,0,0,24,16,24,0,0,61,48,7,6,-,48,7,30,85,7,18,13,38,6,16,54,76,14,4,36,54,31,13,53,34,0,51,85,2025-07-19_France_Iran,1,1.3666666666666667,-0.18518518518518517,0.2777777777777778,-0.8461538461538461,0.33962264150943394,-0.18518518518518517,0.2777777777777778
2025,2025-07-19,Germany,USA,3,2,25,22,17,25,15,22,25,25,15,12,73,56,9,8,-,56,15,54,125,9,19,34,62,8,27,69,104,20,3,54,77,32,17,79,48,0,82,130,2025-07-19_Germany_USA,1,0.7592592592592593,-0.2753623188405797,0.3148148148148148,-0.29411764705882354,0.189873417721519,-0.2753623188405797,0.3148148148148148
2025,2025-07-19,USA,Germany,2,3,22,25,25,15,12,25,22,17,25,15,64,53,8,3,-,53,16,57,126,8,19,26,53,3,22,74,99,17,8,52,77,36,17,86,38,1,89,128,2025-07-19_Germany_USA,0,0.6491228070175439,-0.25675675675675674,0.17307692307692307,-0.4230769230769231,0.22093023255813954,-0.25675675675675674,0.17307692307692307
2025,2025-07-19,Slovenia,Italy,0,3,22,20,23,0,0,25,25,25,0,0,41,34,4,3,-,34,19,35,88,4,9,15,28,3,14,49,66,9,7,41,57,14,21,66,31,0,59,90,2025-07-19_Italy_Slovenia,0,0.42857142857142855,-0.22448979591836735,0.04878048780487805,-0.3333333333333333,-0.10606060606060606,-0.22448979591836735,0.04878048780487805
2025,2025-07-19,Italy,Slovenia,3,0,25,25,25,0,0,22,20,23,0,0,52,35,10,7,-,35,10,36,81,10,19,19,48,7,17,50,74,17,3,32,52,16,13,52,25,1,55,81,2025-07-19_Italy_Slovenia,1,0.6944444444444444,-0.2,0.4375,-0.47368421052631576,0.057692307692307696,-0.2,0.4375
2025,2025-07-20,Türkiye,Argentina,2,3,25,21,19,25,15,18,25,25,17,17,76,58,11,7,-,58,19,55,132,11,30,32,73,7,15,83,105,18,8,55,81,37,23,84,45,0,86,131,2025-07-20_Argentina_Türkiye,0,0.7090909090909091,-0.0963855421686747,0.18181818181818182,-0.59375,0.16666666666666666,-0.0963855421686747,0.18181818181818182
2025,2025-07-20,Argentina,Türkiye,3,2,18,25,25,17,17,25,21,19,25,15,74,59,7,8,-,59,15,59,133,7,28,18,53,8,21,73,102,18,7,65,90,31,29,95,34,1,99,134,2025-07-20_Argentina_Türkiye,1,0.7457627118644068,-0.1780821917808219,0.16923076923076924,-1.1666666666666667,0.021052631578947368,-0.1780821917808219,0.16923076923076924
2025,2025-07-20,Germany,Brazil,1,3,25,23,20,21,0,21,25,25,25,0,62,55,6,1,-,55,15,44,114,6,14,17,37,1,21,68,90,12,8,57,77,27,15,69,12,1,100,113,2025-07-20_Brazil_Germany,0,0.9090909090909091,-0.29411764705882354,0.07017543859649122,-0.47058823529411764,0.17391304347826086,-0.29411764705882354,0.07017543859649122
2025,2025-07-20,Brazil,Germany,3,1,21,25,25,25,0,25,23,20,21,0,67,51,8,8,-,51,14,43,108,8,20,24,52,8,18,69,95,14,1,54,69,29,15,64,17,0,90,107,2025-07-20_Brazil_Germany,1,0.8604651162790697,-0.14492753623188406,0.24074074074074073,-0.5,0.21875,-0.14492753623188406,0.24074074074074073
2025,2025-07-20,Bulgaria,Iran,0,3,17,17,16,0,0,25,25,25,0,0,33,30,2,1,-,30,16,26,72,2,15,8,25,1,11,40,52,13,8,41,62,17,9,37,18,0,55,73,2025-07-20_Bulgaria_Iran,0,0.5384615384615384,-0.25,0.12195121951219512,-1.625,0.21621621621621623,-0.25,0.12195121951219512
2025,2025-07-20,Iran,Bulgaria,3,0,25,25,25,0,0,17,17,16,0,0,58,40,10,8,-,40,5,26,71,10,11,11,32,8,11,54,73,11,1,28,40,25,10,41,25,0,43,68,2025-07-20_Bulgaria_Iran,1,1.3461538461538463,-0.05555555555555555,0.35714285714285715,-0.09090909090909091,0.36585365853658536,-0.05555555555555555,0.35714285714285715
2025,2025-07-20,Ukraine,Canada,1,3,21,27,29,21,0,25,25,31,25,0,71,61,6,4,-,61,13,39,113,6,27,19,52,4,20,75,99,17,6,59,82,26,17,60,35,0,75,110,2025-07-20_Canada_Ukraine,0,1.2307692307692308,-0.21333333333333335,0.1864406779661017,-1.105263157894737,0.15,-0.21333333333333335,0.1864406779661017
2025,2025-07-20,Canada,Ukraine,3,1,25,25,31,25,0,21,27,29,21,0,79,64,9,6,-,64,10,36,110,9,25,22,56,6,23,76,105,10,4,65,79,32,19,71,47,0,68,115,2025-07-20_Canada_Ukraine,1,1.5,-0.2236842105263158,0.09230769230769231,-0.7272727272727273,0.18309859154929578,-0.2236842105263158,0.09230769230769231
2025,2025-07-20,China,Cuba,3,2,20,25,15,25,19,25,23,25,22,17,67,51,10,6,-,51,21,48,120,10,18,13,41,6,18,79,103,16,3,66,85,38,19,70,42,1,80,123,2025-07-20_China_Cuba,1,0.625,-0.1518987341772152,0.19696969696969696,-0.6153846153846154,0.2714285714285714,-0.1518987341772152,0.19696969696969696
2025,2025-07-20,Cuba,China,2,3,25,23,25,22,17,20,25,15,25,19,83,69,11,3,-,69,17,28,114,11,24,22,57,3,28,82,113,12,6,66,84,39,14,64,46,0,69,115,2025-07-20_China_Cuba,0,1.8571428571428572,-0.3048780487804878,0.09090909090909091,-0.5909090909090909,0.390625,-0.3048780487804878,0.09090909090909091
2025,2025-07-20,France,Poland,2,3,30,25,20,25,12,32,20,25,23,15,80,64,5,11,-,64,20,32,116,5,26,20,51,11,27,74,112,30,6,56,92,27,19,61,60,1,61,122,2025-07-20_France_Poland,0,1.375,-0.21621621621621623,0.42857142857142855,-1.05,0.13114754098360656,-0.21621621621621623,0.42857142857142855
2025,2025-07-20,Poland,France,3,2,32,20,25,23,15,30,25,20,25,12,77,58,13,6,-,58,12,43,113,13,23,20,56,6,23,86,115,18,11,56,85,28,14,56,42,0,74,116,2025-07-20_France_Poland,1,1.069767441860465,-0.19767441860465115,0.125,-0.5,0.25,-0.19767441860465115,0.125
2025,2025-07-20,Netherlands,Italy,0,3,13,22,19,0,0,25,25,25,0,0,37,29,6,2,-,29,14,33,76,6,8,6,20,2,18,36,56,13,4,42,59,17,13,40,38,0,38,76,2025-07-20_Italy_Netherlands,0,0.45454545454545453,-0.4444444444444444,0.21428571428571427,-0.3333333333333333,0.1,-0.4444444444444444,0.21428571428571427
2025,2025-07-20,Italy,Netherlands,3,0,25,25,25,0,0,13,22,19,0,0,51,39,8,4,-,39,9,19,67,8,15,18,41,4,14,55,73,10,2,26,38,28,8,42,34,0,33,67,2025-07-20_Italy_Netherlands,1,1.5789473684210527,-0.18181818181818182,0.3076923076923077,-0.3888888888888889,0.47619047619047616,-0.18181818181818182,0.3076923076923077
2025,2025-07-20,USA,Japan,0,3,21,19,23,0,0,25,25,25,0,0,44,38,4,2,-,38,10,29,77,4,17,18,39,2,16,47,65,20,4,36,60,15,9,34,32,0,45,77,2025-07-20_Japan_USA,0,0.9655172413793104,-0.2978723404255319,0.4444444444444444,-0.7222222222222222,0.17647058823529413,-0.2978723404255319,0.4444444444444444
2025,2025-07-20,Japan,USA,3,0,25,25,25,0,0,21,19,23,0,0,52,44,4,4,-,44,10,30,84,4,14,12,30,4,13,56,73,15,2,32,49,24,7,52,33,0,52,85,2025-07-20_Japan_USA,1,1.1333333333333333,-0.16071428571428573,0.40625,-0.8333333333333334,0.3269230769230769,-0.16071428571428573,0.40625
2025,2025-07-20,Serbia,Slovenia,2,3,21,25,25,18,15,25,23,23,25,17,76,63,7,6,-,63,16,60,139,7,27,37,71,6,26,73,105,21,4,72,97,28,28,101,37,1,112,150,2025-07-20_Serbia_Slovenia,0,0.7833333333333333,-0.273972602739726,0.2361111111111111,-0.5405405405405406,0.0,-0.273972602739726,0.2361111111111111
2025,2025-07-20,Slovenia,Serbia,3,2,25,23,23,25,17,21,25,25,18,15,79,65,10,4,-,65,15,61,141,10,31,31,72,4,16,93,113,24,6,49,79,40,29,106,54,3,83,140,2025-07-20_Serbia_Slovenia,1,0.819672131147541,-0.12903225806451613,0.3673469387755102,-0.6774193548387096,0.10377358490566038,-0.12903225806451613,0.3673469387755102
2025,2025-07-30,Brazil,China,3,1,29,25,25,25,0,31,19,16,21,0,68,54,8,6,-,54,22,33,109,8,16,30,54,6,15,82,103,21,4,45,70,41,10,66,50,1,61,112,2025-07-30_Brazil_China,1,0.9696969696969697,-0.10975609756097561,0.37777777777777777,-0.26666666666666666,0.4696969696969697,-0.10975609756097561,0.37777777777777777
2025,2025-07-30,China,Brazil,1,3,31,19,16,21,0,29,25,25,25,0,60,45,11,4,-,45,22,58,125,11,14,14,39,4,19,66,89,17,6,65,88,34,20,71,24,2,99,125,2025-07-30_Brazil_China,0,0.39655172413793105,-0.22727272727272727,0.16923076923076924,-0.21428571428571427,0.19718309859154928,-0.22727272727272727,0.16923076923076924
2025,2025-07-30,Italy,Cuba,3,1,25,25,20,25,0,18,19,25,21,0,58,42,9,7,-,42,13,53,108,9,18,13,40,7,12,75,94,21,3,40,64,24,17,65,27,0,73,100,2025-07-30_Cuba_Italy,1,0.5471698113207547,-0.06666666666666667,0.45,-0.6923076923076923,0.1076923076923077,-0.06666666666666667,0.45
2025,2025-07-30,Cuba,Italy,1,3,18,19,25,21,0,25,25,20,25,0,64,55,6,3,-,55,22,32,109,6,13,36,55,3,20,61,84,20,7,55,82,33,7,54,26,4,85,115,2025-07-30_Cuba_Italy,0,1.03125,-0.2786885245901639,0.23636363636363636,-0.19444444444444445,0.48148148148148145,-0.2786885245901639,0.23636363636363636
2025,2025-07-31,France,Slovenia,1,3,22,25,19,18,0,25,15,25,25,0,67,56,4,7,-,56,20,31,107,4,16,17,37,7,28,51,86,19,2,55,76,15,17,58,38,0,69,107,2025-07-31_France_Slovenia,0,1.1612903225806452,-0.4117647058823529,0.3090909090909091,-0.7058823529411765,-0.034482758620689655,-0.4117647058823529,0.3090909090909091
2025,2025-07-31,Slovenia,France,3,1,25,15,25,25,0,22,25,19,18,0,49,38,9,2,-,38,7,32,77,9,18,17,44,2,14,74,90,11,7,40,58,15,24,60,33,0,42,75,2025-07-31_France_Slovenia,1,0.96875,-0.16216216216216217,0.1,-0.5294117647058824,-0.15,-0.16216216216216217,0.1
2025,2025-07-31,Japan,Poland,0,3,23,24,12,0,0,25,26,25,0,0,43,36,3,4,-,36,20,35,91,3,10,10,23,4,17,39,60,13,4,45,62,18,9,48,27,1,65,93,2025-07-31_Japan_Poland,0,0.45714285714285713,-0.3333333333333333,0.2,-0.7,0.1875,-0.3333333333333333,0.2
2025,2025-07-31,Poland,Japan,3,0,25,26,25,0,0,23,24,12,0,0,52,34,14,4,-,34,6,20,60,14,13,23,50,4,13,58,75,15,4,24,43,16,10,38,26,0,34,60,2025-07-31_Japan_Poland,1,1.4,-0.15517241379310345,0.4583333333333333,0.043478260869565216,0.15789473684210525,-0.15517241379310345,0.4583333333333333
2025,2025-08-02,Brazil,Poland,0,3,26,19,21,0,0,28,25,25,0,0,45,32,7,6,-,32,17,19,68,7,14,10,31,6,11,50,67,7,7,49,63,15,10,29,31,1,38,70,2025-08-02_Brazil_Poland,0,0.7894736842105263,-0.1,0.0,-0.7,0.1724137931034483,-0.1,0.0
2025,2025-08-02,Poland,Brazil,3,0,28,25,25,0,0,26,19,21,0,0,54,41,6,7,-,41,13,18,72,6,10,8,24,7,14,56,77,10,6,40,56,15,11,34,21,0,49,70,2025-08-02_Brazil_Poland,1,1.5555555555555556,-0.125,0.1,-0.5,0.11764705882352941,-0.125,0.1
2025,2025-08-02,Italy,Slovenia,3,1,25,22,25,25,0,22,25,21,18,0,81,62,10,9,-,62,14,37,113,10,18,20,48,9,17,70,96,16,2,61,79,32,16,57,42,0,70,112,2025-08-02_Italy_Slovenia,1,1.2972972972972974,-0.11428571428571428,0.22950819672131148,-0.4,0.2807017543859649,-0.11428571428571428,0.22950819672131148
2025,2025-08-02,Slovenia,Italy,1,3,22,25,21,18,0,25,22,25,25,0,63,52,9,2,-,52,17,36,105,9,22,18,49,2,8,77,87,12,9,58,79,30,21,64,34,1,71,106,2025-08-02_Italy_Slovenia,0,0.9722222222222222,-0.07792207792207792,0.05172413793103448,-0.7222222222222222,0.140625,-0.07792207792207792,0.05172413793103448
2025,2025-08-03,Brazil,Slovenia,3,1,23,25,25,25,0,25,20,23,19,0,64,48,11,5,-,48,17,44,109,11,24,32,67,5,17,75,97,16,2,50,68,36,8,60,39,0,71,110,2025-08-03_Brazil_Slovenia,1,0.7045454545454546,-0.16,0.28,-0.40625,0.4666666666666667,-0.16,0.28
2025,2025-08-03,Slovenia,Brazil,1,3,25,20,23,19,0,23,25,25,25,0,58,49,7,2,-,49,24,51,124,7,12,24,43,2,20,66,88,26,5,49,80,34,10,68,31,0,91,122,2025-08-03_Brazil_Slovenia,0,0.49019607843137253,-0.2727272727272727,0.42857142857142855,-0.20833333333333334,0.35294117647058826,-0.2727272727272727,0.42857142857142855
2025,2025-08-03,Poland,Italy,3,0,25,25,25,0,0,22,19,14,0,0,50,37,10,3,-,37,12,33,82,10,12,15,37,3,10,60,73,8,4,31,43,36,8,55,22,1,57,80,2025-08-03_Italy_Poland,1,0.7575757575757576,-0.11666666666666667,0.12903225806451613,-0.13333333333333333,0.509090909090909,-0.11666666666666667,0.12903225806451613
2025,2025-08-03,Italy,Poland,0,3,22,19,14,0,0,25,25,25,0,0,37,27,6,4,-,27,17,37,81,6,14,14,34,4,14,39,57,12,3,47,62,24,11,46,28,1,52,81,2025-08-03_Italy_Poland,0,0.2702702702702703,-0.2564102564102564,0.19148936170212766,-0.5714285714285714,0.2826086956521739,-0.2564102564102564,0.19148936170212766
