Match_ID,Y/M/D,Team,VS_Team,Won,Prior_Win_Rate,Recent_Form,Prior_ATTACK_Efficiency,Prior_SERVE_Efficiency,Prior_RECEPTION_Efficiency,Prior_BLOCK_Efficiency,Prior_DIG_Error_Rate,Prior_SET_Error_Rate,VS_Prior_Win_Rate,VS_Recent_Form,VS_Prior_ATTACK_Efficiency,VS_Prior_SERVE_Efficiency,VS_Prior_RECEPTION_Efficiency,VS_Prior_BLOCK_Efficiency,VS_Prior_DIG_Error_Rate,VS_Prior_SET_Error_Rate,Prior_Win_Rate_Diff,Recent_Form_Diff,Prior_ATTACK_Efficiency_Diff,Prior_SERVE_Efficiency_Diff,Prior_RECEPTION_Efficiency_Diff,Prior_BLOCK_Efficiency_Diff,Prior_DIG_Error_Rate_Diff,Prior_SET_Error_Rate_Diff
2021-05-29_Argentina_Canada,2021-05-29,Argentina,Canada,0,0.0,0.0,0.925925925925926,-0.2307692307692307,0.2608695652173913,-1.0,0.4090909090909091,0.038461538461538464,0.0,0.0,0.4117647058823529,-0.1176470588235294,0.3513513513513513,-0.3636363636363636,0.3055555555555556,0.03278688524590164,0.0,0.0,0.5141612200435731,-0.1131221719457013,-0.09048178613396002,-0.6363636363636365,0.10353535353535354,0.005674653215636823
2021-05-29_Argentina_Canada,2021-05-29,Canada,Argentina,1,0.0,0.0,0.4117647058823529,-0.1176470588235294,0.3513513513513513,-0.3636363636363636,0.3055555555555556,0.03278688524590164,0.0,0.0,0.925925925925926,-0.2307692307692307,0.2608695652173913,-1.0,0.4090909090909091,0.038461538461538464,0.0,0.0,-0.5141612200435731,0.1131221719457013,0.09048178613396002,0.6363636363636365,-0.10353535353535354,-0.005674653215636823
2021-05-29_Australia_Bulgaria,2021-05-29,Australia,Bulgaria,0,0.0,0.0,0.7916666666666666,-0.375,0.2285714285714285,-2.8333333333333335,0.7857142857142857,0.07142857142857142,0.0,0.0,0.84,-0.26,0.6,-1.0,0.0,0.0,0.0,0.0,-0.04833333333333334,-0.11499999999999999,-0.37142857142857144,-1.8333333333333335,0.7857142857142857,0.07142857142857142
2021-05-29_Australia_Bulgaria,2021-05-29,Bulgaria,Australia,1,0.0,0.0,0.84,-0.26,0.6,-1.0,0.0,0.0,0.0,0.0,0.7916666666666666,-0.375,0.2285714285714285,-2.8333333333333335,0.7857142857142857,0.07142857142857142,0.0,0.0,0.04833333333333334,0.11499999999999999,0.37142857142857144,1.8333333333333335,-0.7857142857142857,-0.07142857142857142
2021-05-29_Brazil_United States,2021-05-29,Brazil,United States,1,1.0,1.0,1.1904761904761905,-0.0307692307692307,0.8846153846153846,-1.75,0.3548387096774194,0.0,1.0,1.0,0.7380952380952381,-0.2222222222222222,0.5,-0.375,0.275,0.0,0.0,0.0,0.45238095238095233,0.1914529914529915,0.3846153846153846,-1.375,0.07983870967741935,0.0
2021-05-29_Brazil_United States,2021-05-29,United States,Brazil,0,1.0,1.0,0.7380952380952381,-0.2222222222222222,0.5,-0.375,0.275,0.0,1.0,1.0,1.1904761904761905,-0.0307692307692307,0.8846153846153846,-1.75,0.3548387096774194,0.0,0.0,0.0,-0.45238095238095233,-0.1914529914529915,-0.3846153846153846,1.375,-0.07983870967741935,0.0
2021-05-29_France_Germany,2021-05-29,France,Germany,1,1.0,1.0,1.0333333333333334,-0.2884615384615384,0.7692307692307693,3.0,0.0,0.014285714285714285,1.0,1.0,1.6363636363636365,-0.2916666666666667,0.5384615384615384,-1.4285714285714286,0.06666666666666667,0.0,0.0,0.0,-0.603030303030303,0.0032051282051283048,0.23076923076923084,4.428571428571429,-0.06666666666666667,0.014285714285714285
2021-05-29_France_Germany,2021-05-29,Germany,France,0,1.0,1.0,1.6363636363636365,-0.2916666666666667,0.5384615384615384,-1.4285714285714286,0.06666666666666667,0.0,1.0,1.0,1.0333333333333334,-0.2884615384615384,0.7692307692307693,3.0,0.0,0.014285714285714285,0.0,0.0,0.603030303030303,-0.0032051282051283048,-0.23076923076923084,-4.428571428571429,0.06666666666666667,-0.014285714285714285
2021-05-29_Italy_Slovenia,2021-05-29,Italy,Slovenia,0,0.0,0.0,0.525,-0.3409090909090909,0.05,-0.3333333333333333,0.2857142857142857,0.0,0.0,0.0,0.8648648648648649,-0.1733333333333333,0.3898305084745763,-0.7142857142857143,1.0,0.015151515151515152,0.0,0.0,-0.3398648648648649,-0.16757575757575757,-0.3398305084745763,0.380952380952381,-0.7142857142857143,-0.015151515151515152
2021-05-29_Italy_Slovenia,2021-05-29,Slovenia,Italy,1,0.0,0.0,0.8648648648648649,-0.1733333333333333,0.3898305084745763,-0.7142857142857143,1.0,0.015151515151515152,0.0,0.0,0.525,-0.3409090909090909,0.05,-0.3333333333333333,0.2857142857142857,0.0,0.0,0.0,0.3398648648648649,0.16757575757575757,0.3398305084745763,-0.380952380952381,0.7142857142857143,0.015151515151515152
2021-05-29_Japan_Netherlands,2021-05-29,Japan,Netherlands,1,1.0,1.0,0.8888888888888888,-0.0757575757575757,1.0,2.0,0.0,0.011235955056179775,0.0,0.0,1.3461538461538465,-0.1904761904761904,0.1020408163265306,-1.0,0.2727272727272727,0.0,1.0,1.0,-0.45726495726495764,0.1147186147186147,0.8979591836734694,3.0,-0.2727272727272727,0.011235955056179775
2021-05-29_Japan_Netherlands,2021-05-29,Netherlands,Japan,0,0.0,0.0,1.3461538461538465,-0.1904761904761904,0.1020408163265306,-1.0,0.2727272727272727,0.0,1.0,1.0,0.8888888888888888,-0.0757575757575757,1.0,2.0,0.0,0.011235955056179775,-1.0,-1.0,0.45726495726495764,-0.1147186147186147,-0.8979591836734694,-3.0,0.2727272727272727,-0.011235955056179775
2021-05-30_Argentina_United States,2021-05-30,Argentina,United States,0,0.0,0.0,0.622962962962963,-0.2995951417004048,0.2971014492753623,-2.0,0.5203349282296651,0.029034690799396683,0.5,0.5,0.6663449163449164,-0.22813238770685576,0.5833333333333333,3.8125,0.1375,0.0,-0.5,-0.5,-0.043381953381953386,-0.07146275399354904,-0.28623188405797095,-5.8125,0.3828349282296651,0.029034690799396683
2021-05-30_Argentina_United States,2021-05-30,United States,Argentina,1,0.5,0.5,0.6663449163449164,-0.22813238770685576,0.5833333333333333,3.8125,0.1375,0.0,0.0,0.0,0.622962962962963,-0.2995951417004048,0.2971014492753623,-2.0,0.5203349282296651,0.029034690799396683,0.5,0.5,0.043381953381953386,0.07146275399354904,0.28623188405797095,5.8125,-0.3828349282296651,-0.029034690799396683
2021-05-30_Australia_France,2021-05-30,Australia,France,0,0.0,0.0,0.5922619047619047,-0.2875,0.06741071428571425,-1.9166666666666667,0.6328571428571428,0.04464285714285714,1.0,1.0,1.1166666666666667,-0.2314400715563506,0.8188259109311742,1.2307692307692308,0.22972972972972974,0.007142857142857143,-1.0,-1.0,-0.524404761904762,-0.056059928443649376,-0.75141519664546,-3.147435897435898,0.40312741312741307,0.03749999999999999
2021-05-30_Australia_France,2021-05-30,France,Australia,1,1.0,1.0,1.1166666666666667,-0.2314400715563506,0.8188259109311742,1.2307692307692308,0.22972972972972974,0.007142857142857143,0.0,0.0,0.5922619047619047,-0.2875,0.06741071428571425,-1.9166666666666667,0.6328571428571428,0.04464285714285714,1.0,1.0,0.524404761904762,0.056059928443649376,0.75141519664546,3.147435897435898,-0.40312741312741307,-0.03749999999999999
2021-05-30_Brazil_Canada,2021-05-30,Brazil,Canada,1,1.0,1.0,1.1137566137566137,-0.06002747252747245,0.6358560794044665,0.375,0.1774193548387097,0.0,0.5,0.5,0.8725490196078431,-0.13918067226890754,0.5328185328185329,-0.6103896103896104,0.3800505050505051,0.029551337359792925,0.5,0.5,0.24120759414877058,0.07915319974143509,0.10303754658593367,0.9853896103896104,-0.2026311502117954,-0.029551337359792925
2021-05-30_Brazil_Canada,2021-05-30,Canada,Brazil,0,0.5,0.5,0.8725490196078431,-0.13918067226890754,0.5328185328185329,-0.6103896103896104,0.3800505050505051,0.029551337359792925,1.0,1.0,1.1137566137566137,-0.06002747252747245,0.6358560794044665,0.375,0.1774193548387097,0.0,-0.5,-0.5,-0.24120759414877058,-0.07915319974143509,-0.10303754658593367,-0.9853896103896104,0.2026311502117954,0.029551337359792925
2021-05-30_Bulgaria_Germany,2021-05-30,Bulgaria,Germany,0,0.5,0.5,0.8046153846153846,-0.2014285714285714,0.5903225806451613,-1.0,0.06521739130434782,0.01,0.5,0.5,1.2969052224371374,-0.2576754385964912,0.5792307692307692,-1.3392857142857144,0.17619047619047618,0.0,0.0,0.0,-0.49228983782175273,0.05624686716791982,0.011091811414392083,0.3392857142857144,-0.11097308488612835,0.01
2021-05-30_Bulgaria_Germany,2021-05-30,Germany,Bulgaria,1,0.5,0.5,1.2969052224371374,-0.2576754385964912,0.5792307692307692,-1.3392857142857144,0.17619047619047618,0.0,0.5,0.5,0.8046153846153846,-0.2014285714285714,0.5903225806451613,-1.0,0.06521739130434782,0.01,0.0,0.0,0.49228983782175273,-0.05624686716791982,-0.011091811414392083,-0.3392857142857144,0.11097308488612835,-0.01
2021-05-30_Iran_Netherlands,2021-05-30,Iran,Netherlands,1,0.0,0.0,0.892741935483871,-0.28017986855759247,0.6756493506493506,-1.105263157894737,0.08974358974358974,0.013333333333333334,0.0,0.0,1.2257085020242917,-0.21167645140247876,0.3490973312401884,-1.4,0.40719696969696967,0.018518518518518517,0.0,0.0,-0.33296656654042067,-0.06850341715511371,0.32655201940916223,0.29473684210526296,-0.3174533799533799,-0.005185185185185183
2021-05-30_Iran_Netherlands,2021-05-30,Netherlands,Iran,0,0.0,0.0,1.2257085020242917,-0.21167645140247876,0.3490973312401884,-1.4,0.40719696969696967,0.018518518518518517,0.0,0.0,0.892741935483871,-0.28017986855759247,0.6756493506493506,-1.105263157894737,0.08974358974358974,0.013333333333333334,0.0,0.0,0.33296656654042067,0.06850341715511371,-0.32655201940916223,-0.29473684210526296,0.3174533799533799,0.005185185185185183
2021-05-30_Italy_Serbia,2021-05-30,Italy,Serbia,0,0.0,0.0,0.5263888888888889,-0.27045454545454545,0.23467741935483868,0.8333333333333334,0.14285714285714285,0.008928571428571428,0.5,0.5,1.1027777777777779,-0.1655462184873949,0.2920573634859349,-2.625,0.2338345864661654,0.0,-0.5,-0.5,-0.576388888888889,-0.10490832696715055,-0.05737994413109623,3.4583333333333335,-0.09097744360902255,0.008928571428571428
2021-05-30_Italy_Serbia,2021-05-30,Serbia,Italy,1,0.5,0.5,1.1027777777777779,-0.1655462184873949,0.2920573634859349,-2.625,0.2338345864661654,0.0,0.0,0.0,0.5263888888888889,-0.27045454545454545,0.23467741935483868,0.8333333333333334,0.14285714285714285,0.008928571428571428,0.5,0.5,0.576388888888889,0.10490832696715055,0.05737994413109623,-3.4583333333333335,0.09097744360902255,-0.008928571428571428
2021-05-30_Japan_Russia,2021-05-30,Japan,Russia,1,1.0,1.0,1.2777777777777777,-0.15552584670231726,0.9857142857142858,0.6428571428571428,0.21052631578947367,0.0056179775280898875,1.0,1.0,1.3674242424242424,-0.1610915492957746,0.3996328029375764,-0.95,0.33306451612903226,0.0,0.0,0.0,-0.08964646464646475,0.0055657025934573445,0.5860814827767094,1.5928571428571427,-0.12253820033955859,0.0056179775280898875
2021-05-30_Japan_Russia,2021-05-30,Russia,Japan,0,1.0,1.0,1.3674242424242424,-0.1610915492957746,0.3996328029375764,-0.95,0.33306451612903226,0.0,1.0,1.0,1.2777777777777777,-0.15552584670231726,0.9857142857142858,0.6428571428571428,0.21052631578947367,0.0056179775280898875,0.0,0.0,0.08964646464646475,-0.0055657025934573445,-0.5860814827767094,-1.5928571428571427,0.12253820033955859,-0.0056179775280898875
2021-05-30_Poland_Slovenia,2021-05-30,Poland,Slovenia,0,1.0,1.0,0.9833333333333334,-0.0646394150880691,0.9078947368421053,-0.6736111111111112,0.2144396551724138,0.0,0.5,0.5,0.9054054054054055,-0.1443589743589743,0.5282485875706214,-0.7142857142857143,0.5,0.007575757575757576,0.5,0.5,0.07792792792792791,0.0797195592709052,0.3796461492714839,0.04067460317460314,-0.2855603448275862,-0.007575757575757576
2021-05-30_Poland_Slovenia,2021-05-30,Slovenia,Poland,1,0.5,0.5,0.9054054054054055,-0.1443589743589743,0.5282485875706214,-0.7142857142857143,0.5,0.007575757575757576,1.0,1.0,0.9833333333333334,-0.0646394150880691,0.9078947368421053,-0.6736111111111112,0.2144396551724138,0.0,-0.5,-0.5,-0.07792792792792791,-0.0797195592709052,-0.3796461492714839,-0.04067460317460314,0.2855603448275862,0.007575757575757576
2021-06-03_Argentina_Germany,2021-06-03,Argentina,Germany,1,0.0,0.0,0.5343562610229277,-0.27152496626180833,0.2647342995169082,-1.5555555555555556,0.48974709501025293,0.019356460532931122,0.6666666666666666,0.6666666666666666,1.0918762088974854,-0.22663594640609963,0.48230769230769227,-0.9943064182194618,0.2167510976021614,0.0,-0.6666666666666666,-0.6666666666666666,-0.5575199478745577,-0.0448890198557087,-0.21757339279078408,-0.5612491373360938,0.27299599740809155,0.019356460532931122
2021-06-03_Argentina_Germany,2021-06-03,Germany,Argentina,0,0.6666666666666666,0.6666666666666666,1.0918762088974854,-0.22663594640609963,0.48230769230769227,-0.9943064182194618,0.2167510976021614,0.0,0.0,0.0,0.5343562610229277,-0.27152496626180833,0.2647342995169082,-1.5555555555555556,0.48974709501025293,0.019356460532931122,0.6666666666666666,0.6666666666666666,0.5575199478745577,0.0448890198557087,0.21757339279078408,0.5612491373360938,-0.27299599740809155,-0.019356460532931122
2021-06-03_Australia_Poland,2021-06-03,Australia,Poland,0,0.0,0.0,0.6049861973775017,-0.2839743589743589,0.16299603174603172,-1.5353535353535355,0.46735930735930725,0.03877091377091377,0.6666666666666666,0.6666666666666666,0.8419962335216572,-0.07818066269029167,0.8354218880534671,-1.0324074074074074,0.36962643678160917,0.005813953488372093,-0.6666666666666666,-0.6666666666666666,-0.2370100361441555,-0.20579369628406724,-0.6724258563074353,-0.502946127946128,0.09773287057769808,0.03295696028254168
2021-06-03_Australia_Poland,2021-06-03,Poland,Australia,1,0.6666666666666666,0.6666666666666666,0.8419962335216572,-0.07818066269029167,0.8354218880534671,-1.0324074074074074,0.36962643678160917,0.005813953488372093,0.0,0.0,0.6049861973775017,-0.2839743589743589,0.16299603174603172,-1.5353535353535355,0.46735930735930725,0.03877091377091377,0.6666666666666666,0.6666666666666666,0.2370100361441555,0.20579369628406724,0.6724258563074353,0.502946127946128,-0.09773287057769808,-0.03295696028254168
2021-06-03_Brazil_France,2021-06-03,Brazil,France,0,1.0,1.0,1.0839678238052222,-0.06501831501831497,0.609950564564218,0.02777777777777779,0.21457586618876942,0.00784313725490196,1.0,1.0,1.0046070460704606,-0.205219306963493,0.6931707623262091,0.6465997770345596,0.23251823251823253,0.0047619047619047615,0.0,0.0,0.07936077773476158,0.14020099194517804,-0.08322019776199108,-0.6188219992567818,-0.01794236632946311,0.003081232492997199
2021-06-03_Brazil_France,2021-06-03,France,Brazil,1,1.0,1.0,1.0046070460704606,-0.205219306963493,0.6931707623262091,0.6465997770345596,0.23251823251823253,0.0047619047619047615,1.0,1.0,1.0839678238052222,-0.06501831501831497,0.609950564564218,0.02777777777777779,0.21457586618876942,0.00784313725490196,0.0,0.0,-0.07936077773476158,-0.14020099194517804,0.08322019776199108,0.6188219992567818,0.01794236632946311,-0.003081232492997199
2021-06-03_Bulgaria_Italy,2021-06-03,Bulgaria,Italy,0,0.3333333333333333,0.3333333333333333,0.7682943143812709,-0.19489177489177487,0.4844574780058651,-0.8666666666666667,0.09774182676103808,0.006666666666666667,0.0,0.0,0.5414021164021164,-0.24974747474747472,0.29120338595287115,0.3968253968253969,0.23708206686930092,0.005952380952380952,0.3333333333333333,0.3333333333333333,0.2268921979791545,0.05485569985569985,0.19325409205299393,-1.2634920634920637,-0.13934024010826285,0.000714285714285715
2021-06-03_Bulgaria_Italy,2021-06-03,Italy,Bulgaria,1,0.0,0.0,0.5414021164021164,-0.24974747474747472,0.29120338595287115,0.3968253968253969,0.23708206686930092,0.005952380952380952,0.3333333333333333,0.3333333333333333,0.7682943143812709,-0.19489177489177487,0.4844574780058651,-0.8666666666666667,0.09774182676103808,0.006666666666666667,-0.3333333333333333,-0.3333333333333333,-0.2268921979791545,-0.05485569985569985,-0.19325409205299393,1.2634920634920637,0.13934024010826285,-0.000714285714285715
2021-06-03_Canada_Iran,2021-06-03,Canada,Iran,0,0.3333333333333333,0.3333333333333333,0.8620023767082591,-0.16525088296188037,0.4962379962379963,-0.5351315351315351,0.4343193843193844,0.023816117910643846,0.3333333333333333,0.3333333333333333,1.178494623655914,-0.2717538992998329,0.5876878023936847,-0.6954887218045114,0.2403846153846154,0.006666666666666667,0.0,0.0,-0.3164922469476549,0.10650301633795253,-0.09144980615568837,0.16035718667297627,0.193934768934769,0.01714945124397718
2021-06-03_Canada_Iran,2021-06-03,Iran,Canada,1,0.3333333333333333,0.3333333333333333,1.178494623655914,-0.2717538992998329,0.5876878023936847,-0.6954887218045114,0.2403846153846154,0.006666666666666667,0.3333333333333333,0.3333333333333333,0.8620023767082591,-0.16525088296188037,0.4962379962379963,-0.5351315351315351,0.4343193843193844,0.023816117910643846,0.0,0.0,0.3164922469476549,-0.10650301633795253,0.09144980615568837,-0.16035718667297627,-0.193934768934769,-0.01714945124397718
2021-06-03_Japan_Serbia,2021-06-03,Japan,Serbia,0,1.0,1.0,1.234830575256107,-0.1703505644682115,0.762962962962963,0.1861471861471861,0.35188933873144396,0.003745318352059925,0.6666666666666666,0.6666666666666666,1.0485185185185186,-0.196078431372549,0.3544271312128455,-1.8333333333333333,0.261950330371383,0.0070921985815602835,0.33333333333333337,0.33333333333333337,0.18631205673758844,0.025727866904337482,0.40853583175011743,2.019480519480519,0.08993900836006097,-0.0033468802295003584
2021-06-03_Japan_Serbia,2021-06-03,Serbia,Japan,1,0.6666666666666666,0.6666666666666666,1.0485185185185186,-0.196078431372549,0.3544271312128455,-1.8333333333333333,0.261950330371383,0.0070921985815602835,1.0,1.0,1.234830575256107,-0.1703505644682115,0.762962962962963,0.1861471861471861,0.35188933873144396,0.003745318352059925,-0.33333333333333337,-0.33333333333333337,-0.18631205673758844,-0.025727866904337482,-0.40853583175011743,-2.019480519480519,-0.08993900836006097,0.0033468802295003584
2021-06-03_Netherlands_Slovenia,2021-06-03,Netherlands,Slovenia,0,0.0,0.0,1.0191592033697299,-0.19143209967712418,0.285363133107494,-1.6476190476190478,0.4004969045291626,0.012345679012345678,0.6666666666666666,0.6666666666666666,0.8343728343728344,-0.1444849302744039,0.6271657250470809,-2.357142857142857,0.5,0.012541141754624901,-0.6666666666666666,-0.6666666666666666,0.1847863689968955,-0.046947169402720285,-0.3418025919395869,0.7095238095238094,-0.09950309547083741,-0.00019546274227922288
2021-06-03_Netherlands_Slovenia,2021-06-03,Slovenia,Netherlands,1,0.6666666666666666,0.6666666666666666,0.8343728343728344,-0.1444849302744039,0.6271657250470809,-2.357142857142857,0.5,0.012541141754624901,0.0,0.0,1.0191592033697299,-0.19143209967712418,0.285363133107494,-1.6476190476190478,0.4004969045291626,0.012345679012345678,0.6666666666666666,0.6666666666666666,-0.1847863689968955,0.046947169402720285,0.3418025919395869,-0.7095238095238094,0.09950309547083741,0.00019546274227922288
2021-06-03_Russia_United States,2021-06-03,Russia,United States,1,0.6666666666666666,0.6666666666666666,1.2766955266955267,-0.14813510693792378,0.4701255723287547,-0.8614035087719297,0.3571781458878233,0.0,0.6666666666666666,0.6666666666666666,0.8061347061347061,-0.24804785443083313,0.665079365079365,2.408333333333333,0.21388888888888888,0.0,0.0,0.0,0.4705608205608206,0.09991274749290935,-0.19495379275061037,-3.269736842105263,0.14328925699893444,0.0
2021-06-03_Russia_United States,2021-06-03,United States,Russia,0,0.6666666666666666,0.6666666666666666,0.8061347061347061,-0.24804785443083313,0.665079365079365,2.408333333333333,0.21388888888888888,0.0,0.6666666666666666,0.6666666666666666,1.2766955266955267,-0.14813510693792378,0.4701255723287547,-0.8614035087719297,0.3571781458878233,0.0,0.0,0.0,-0.4705608205608206,-0.09991274749290935,0.19495379275061037,3.269736842105263,-0.14328925699893444,0.0
2021-06-04_Argentina_Slovenia,2021-06-04,Argentina,Slovenia,0,0.25,0.25,0.6768088624338624,-0.28156580261843417,0.3435507246376811,-1.4523809523809526,0.4261338506694544,0.019893689485719845,0.75,0.75,0.9736057127361475,-0.13029352226720642,0.6787076271186441,-1.673992673992674,0.44396551724137934,0.01802654597114109,-0.5,-0.5,-0.2967968503022851,-0.15127228035122775,-0.33515690248096297,0.2216117216117215,-0.01783166657192492,0.0018671435145787563
2021-06-04_Argentina_Slovenia,2021-06-04,Slovenia,Argentina,1,0.75,0.75,0.9736057127361475,-0.13029352226720642,0.6787076271186441,-1.673992673992674,0.44396551724137934,0.01802654597114109,0.25,0.25,0.6768088624338624,-0.28156580261843417,0.3435507246376811,-1.4523809523809526,0.4261338506694544,0.019893689485719845,0.5,0.5,0.2967968503022851,0.15127228035122775,0.33515690248096297,-0.2216117216117215,0.01783166657192492,-0.0018671435145787563
2021-06-04_Australia_Russia,2021-06-04,Australia,Russia,0,0.0,0.0,0.4537396480331263,-0.29333791208791204,0.2055803571428571,-2.4015151515151514,0.6317694805194805,0.03331547346377855,0.75,0.75,1.2395729270729272,-0.16318466353677616,0.46887324901400784,-1.0071637426900584,0.34427249830475637,0.003424657534246575,-0.75,-0.75,-0.7858332790398009,-0.13015324855113589,-0.26329289187115074,-1.394351408825093,0.2874969822147241,0.029890815929531973
2021-06-04_Australia_Russia,2021-06-04,Russia,Australia,1,0.75,0.75,1.2395729270729272,-0.16318466353677616,0.46887324901400784,-1.0071637426900584,0.34427249830475637,0.003424657534246575,0.0,0.0,0.4537396480331263,-0.29333791208791204,0.2055803571428571,-2.4015151515151514,0.6317694805194805,0.03331547346377855,0.75,0.75,0.7858332790398009,0.13015324855113589,0.26329289187115074,1.394351408825093,-0.2874969822147241,-0.029890815929531973
2021-06-04_Brazil_Japan,2021-06-04,Brazil,Japan,1,0.75,0.75,1.046846835595852,-0.09107142857142853,0.5595037397496941,-0.22916666666666666,0.25941674812642557,0.0058823529411764705,0.75,0.75,1.1334400046128121,-0.15945306419622907,0.802991452991453,-0.6103896103896105,0.4708135557727209,0.011429678419217357,0.0,0.0,-0.08659316901696013,0.06838163562480054,-0.24348771324175889,0.38122294372294385,-0.21139680764629531,-0.005547325478040887
2021-06-04_Brazil_Japan,2021-06-04,Japan,Brazil,0,0.75,0.75,1.1334400046128121,-0.15945306419622907,0.802991452991453,-0.6103896103896105,0.4708135557727209,0.011429678419217357,0.75,0.75,1.046846835595852,-0.09107142857142853,0.5595037397496941,-0.22916666666666666,0.25941674812642557,0.0058823529411764705,0.0,0.0,0.08659316901696013,-0.06838163562480054,0.24348771324175889,-0.38122294372294385,0.21139680764629531,0.005547325478040887
2021-06-04_Bulgaria_Canada,2021-06-04,Bulgaria,Canada,0,0.25,0.25,0.8454515050167224,-0.17741883116883114,0.4570931085043988,-0.9,0.22174387007077856,0.005,0.25,0.25,0.8627179987474105,-0.16845871016661573,0.43590398737457564,-0.6825986513486513,0.42990620490620496,0.021768338432982884,0.0,0.0,-0.017266493730688115,-0.00896012100221541,0.021189121129823185,-0.21740134865134875,-0.2081623348354264,-0.016768338432982883
2021-06-04_Bulgaria_Canada,2021-06-04,Canada,Bulgaria,1,0.25,0.25,0.8627179987474105,-0.16845871016661573,0.43590398737457564,-0.6825986513486513,0.42990620490620496,0.021768338432982884,0.25,0.25,0.8454515050167224,-0.17741883116883114,0.4570931085043988,-0.9,0.22174387007077856,0.005,0.0,0.0,0.017266493730688115,0.00896012100221541,-0.021189121129823185,0.21740134865134875,0.2081623348354264,0.016768338432982883
2021-06-04_France_Serbia,2021-06-04,France,Serbia,0,1.0,1.0,1.0217479674796748,-0.20599781355595306,0.6245292345353545,0.04264214046822745,0.2719496499984305,0.0035714285714285713,0.75,0.75,1.1780555555555556,-0.1931114551083591,0.48203656462585037,-1.5,0.43257385888964833,0.005319148936170213,0.25,0.25,-0.15630758807588085,-0.012886358447593976,0.1424926699095041,1.5426421404682276,-0.1606242088912178,-0.0017477203647416413
2021-06-04_France_Serbia,2021-06-04,Serbia,France,1,0.75,0.75,1.1780555555555556,-0.1931114551083591,0.48203656462585037,-1.5,0.43257385888964833,0.005319148936170213,1.0,1.0,1.0217479674796748,-0.20599781355595306,0.6245292345353545,0.04264214046822745,0.2719496499984305,0.0035714285714285713,-0.25,-0.25,0.15630758807588085,0.012886358447593976,-0.1424926699095041,-1.5426421404682276,0.1606242088912178,0.0017477203647416413
2021-06-04_Germany_Netherlands,2021-06-04,Germany,Netherlands,0,0.5,0.5,1.0867642995302569,-0.2121456345033699,0.5283974358974358,-0.9730025409373236,0.2835310651371049,0.007326007326007327,0.0,0.0,0.8611435960756845,-0.2130185192022876,0.2995486656200942,-1.5107142857142857,0.35989648792068146,0.01288244766505636,0.5,0.5,0.2256207034545724,0.0008728846989176919,0.22884877027734163,0.537711744776962,-0.07636542278357655,-0.005556440339049034
2021-06-04_Germany_Netherlands,2021-06-04,Netherlands,Germany,1,0.0,0.0,0.8611435960756845,-0.2130185192022876,0.2995486656200942,-1.5107142857142857,0.35989648792068146,0.01288244766505636,0.5,0.5,1.0867642995302569,-0.2121456345033699,0.5283974358974358,-0.9730025409373236,0.2835310651371049,0.007326007326007327,-0.5,-0.5,-0.2256207034545724,-0.0008728846989176919,-0.22884877027734163,-0.537711744776962,0.07636542278357655,0.005556440339049034
2021-06-04_Iran_Italy,2021-06-04,Iran,Italy,1,0.5,0.5,1.2635005973715652,-0.25381542447487465,0.5553491851285969,-0.6687873529978794,0.3009781167108753,0.009820788530465951,0.25,0.25,0.7844299656799657,-0.21707251082251078,0.3046094360163775,0.06845238095238101,0.2919419849345844,0.004464285714285714,0.25,0.25,0.47907063169159947,-0.03674291365236387,0.25073974911221936,-0.7372397339502604,0.009036131776290923,0.005356502816180237
2021-06-04_Iran_Italy,2021-06-04,Italy,Iran,0,0.25,0.25,0.7844299656799657,-0.21707251082251078,0.3046094360163775,0.06845238095238101,0.2919419849345844,0.004464285714285714,0.5,0.5,1.2635005973715652,-0.25381542447487465,0.5553491851285969,-0.6687873529978794,0.3009781167108753,0.009820788530465951,-0.25,-0.25,-0.47907063169159947,0.03674291365236387,-0.25073974911221936,0.7372397339502604,-0.009036131776290923,-0.005356502816180237
2021-06-04_Poland_United States,2021-06-04,Poland,United States,1,0.75,0.75,1.0138501163177134,-0.06353745780203247,0.7984414160401003,-0.5743055555555556,0.36932509074410164,0.003875968992248062,0.5,0.5,0.8773283023283023,-0.23906619385342787,0.5789982030548069,1.5919642857142857,0.30747549019607845,0.0,0.25,0.25,0.1365218139894111,0.1755287360513954,0.21944321298529346,-2.166269841269841,0.06184960054802319,0.003875968992248062
2021-06-04_Poland_United States,2021-06-04,United States,Poland,0,0.5,0.5,0.8773283023283023,-0.23906619385342787,0.5789982030548069,1.5919642857142857,0.30747549019607845,0.0,0.75,0.75,1.0138501163177134,-0.06353745780203247,0.7984414160401003,-0.5743055555555556,0.36932509074410164,0.003875968992248062,-0.25,-0.25,-0.1365218139894111,-0.1755287360513954,-0.21944321298529346,2.166269841269841,-0.06184960054802319,-0.003875968992248062
2021-06-05_Argentina_Netherlands,2021-06-05,Argentina,Netherlands,1,0.2,0.2,0.6264470899470899,-0.27015060127842083,0.312935817805383,-1.2324929971988796,0.4114953158296812,0.01924828492190921,0.2,0.2,0.9270101149557857,-0.20332620776689336,0.3791738162170056,-1.4307936507936507,0.33191719033654515,0.012367813802148181,0.0,0.0,-0.3005630250086958,-0.06682439351152747,-0.06623799841162259,0.19830065359477111,0.07957812549313603,0.006880471119761028
2021-06-05_Argentina_Netherlands,2021-06-05,Netherlands,Argentina,0,0.2,0.2,0.9270101149557857,-0.20332620776689336,0.3791738162170056,-1.4307936507936507,0.33191719033654515,0.012367813802148181,0.2,0.2,0.6264470899470899,-0.27015060127842083,0.312935817805383,-1.2324929971988796,0.4114953158296812,0.01924828492190921,0.0,0.0,0.3005630250086958,0.06682439351152747,0.06623799841162259,-0.19830065359477111,-0.07957812549313603,-0.006880471119761028
2021-06-05_Australia_United States,2021-06-05,Australia,United States,0,0.0,0.0,0.432991718426501,-0.25648851148851143,0.3274272486772486,-2.2545454545454544,0.5954155844155844,0.029637453397888508,0.4,0.4,0.7818626418626418,-0.26930173557054715,0.5842511940227928,1.3735714285714287,0.4031232492997199,0.00392156862745098,-0.4,-0.4,-0.34887092343614073,0.012813224082035723,-0.2568239453455442,-3.628116883116883,0.19229233511586452,0.025715884770437528
2021-06-05_Australia_United States,2021-06-05,United States,Australia,1,0.4,0.4,0.7818626418626418,-0.26930173557054715,0.5842511940227928,1.3735714285714287,0.4031232492997199,0.00392156862745098,0.0,0.0,0.432991718426501,-0.25648851148851143,0.3274272486772486,-2.2545454545454544,0.5954155844155844,0.029637453397888508,0.4,0.4,0.34887092343614073,-0.012813224082035723,0.2568239453455442,3.628116883116883,-0.19229233511586452,-0.025715884770437528
2021-06-05_Brazil_Serbia,2021-06-05,Brazil,Serbia,1,0.8,0.8,1.1505209467375512,-0.07987468671679195,0.5163529917997554,-0.2833333333333333,0.24753339850114045,0.004705882352941176,0.8,0.8,1.273478927203065,-0.19919504643962843,0.5292189952904238,-1.3599999999999999,0.4006045416571732,0.00675531914893617,0.0,0.0,-0.12295798046551387,0.11932035972283649,-0.012866003490668465,1.0766666666666667,-0.15307114315603274,-0.002049436795994994
2021-06-05_Brazil_Serbia,2021-06-05,Serbia,Brazil,0,0.8,0.8,1.273478927203065,-0.19919504643962843,0.5292189952904238,-1.3599999999999999,0.4006045416571732,0.00675531914893617,0.8,0.8,1.1505209467375512,-0.07987468671679195,0.5163529917997554,-0.2833333333333333,0.24753339850114045,0.004705882352941176,0.0,0.0,0.12295798046551387,-0.11932035972283649,0.012866003490668465,-1.0766666666666667,0.15307114315603274,0.002049436795994994
2021-06-05_Bulgaria_Iran,2021-06-05,Bulgaria,Iran,0,0.2,0.2,0.8418784453926882,-0.18874357557336277,0.42567448680351905,-0.945,0.2773950960566228,0.004,0.6,0.6,1.130800477897252,-0.21805233957989972,0.5123644544858562,-0.9390905147484095,0.387841316898112,0.009746543778801844,-0.39999999999999997,-0.39999999999999997,-0.28892203250456383,0.029308764006536953,-0.08668996768233717,-0.005909485251590407,-0.1104462208414892,-0.005746543778801844
2021-06-05_Bulgaria_Iran,2021-06-05,Iran,Bulgaria,1,0.6,0.6,1.130800477897252,-0.21805233957989972,0.5123644544858562,-0.9390905147484095,0.387841316898112,0.009746543778801844,0.2,0.2,0.8418784453926882,-0.18874357557336277,0.42567448680351905,-0.945,0.2773950960566228,0.004,0.39999999999999997,0.39999999999999997,0.28892203250456383,-0.029308764006536953,0.08668996768233717,0.005909485251590407,0.1104462208414892,0.005746543778801844
2021-06-05_Canada_Italy,2021-06-05,Canada,Italy,0,0.4,0.4,0.9286359374594669,-0.14832629016719087,0.40166436637024877,-0.846078921078921,0.423924963924964,0.017414670746386307,0.2,0.2,0.7942106392106393,-0.20746082555941708,0.39130659643214966,-0.3738095238095237,0.3426444970385766,0.009453781512605041,0.2,0.2,0.13442529824882765,0.05913453539222621,0.010357769938099115,-0.4722693972693973,0.0812804668863874,0.007960889233781266
2021-06-05_Canada_Italy,2021-06-05,Italy,Canada,1,0.2,0.2,0.7942106392106393,-0.20746082555941708,0.39130659643214966,-0.3738095238095237,0.3426444970385766,0.009453781512605041,0.4,0.4,0.9286359374594669,-0.14832629016719087,0.40166436637024877,-0.846078921078921,0.423924963924964,0.017414670746386307,-0.2,-0.2,-0.13442529824882765,-0.05913453539222621,-0.010357769938099115,0.4722693972693973,-0.0812804668863874,-0.007960889233781266
2021-06-05_France_Japan,2021-06-05,France,Japan,1,0.8,0.8,1.0122701688555347,-0.1963771982131835,0.6276233876282836,-0.47699739873652913,0.3425597199987444,0.004897959183673469,0.6,0.6,1.0361637683961322,-0.16756245135698325,0.6749513019280461,-0.5716450216450217,0.4857417537090858,0.009143742735373887,0.20000000000000007,0.20000000000000007,-0.023893599540597554,-0.028814746856200252,-0.047327914299762464,0.0946476229084926,-0.14318203371034138,-0.0042457835517004175
2021-06-05_France_Japan,2021-06-05,Japan,France,0,0.6,0.6,1.0361637683961322,-0.16756245135698325,0.6749513019280461,-0.5716450216450217,0.4857417537090858,0.009143742735373887,0.8,0.8,1.0122701688555347,-0.1963771982131835,0.6276233876282836,-0.47699739873652913,0.3425597199987444,0.004897959183673469,-0.20000000000000007,-0.20000000000000007,0.023893599540597554,0.028814746856200252,0.047327914299762464,-0.0946476229084926,0.14318203371034138,0.0042457835517004175
2021-06-05_Germany_Slovenia,2021-06-05,Germany,Slovenia,1,0.4,0.4,1.0744114396242055,-0.2056139435001318,0.564181363352095,-0.9666373268675059,0.3209424991685075,0.010649144669763227,0.8,0.8,0.9617417130460609,-0.14867926225820957,0.5942481529769665,-1.3554945054945056,0.39017241379310347,0.01834280540436385,-0.4,-0.4,0.11266972657814456,-0.05693468124192222,-0.030066789624871526,0.38885717862699964,-0.06922991462459599,-0.007693660734600625
2021-06-05_Germany_Slovenia,2021-06-05,Slovenia,Germany,0,0.8,0.8,0.9617417130460609,-0.14867926225820957,0.5942481529769665,-1.3554945054945056,0.39017241379310347,0.01834280540436385,0.4,0.4,1.0744114396242055,-0.2056139435001318,0.564181363352095,-0.9666373268675059,0.3209424991685075,0.010649144669763227,0.4,0.4,-0.11266972657814456,0.05693468124192222,0.030066789624871526,-0.38885717862699964,0.06922991462459599,0.007693660734600625
2021-06-05_Poland_Russia,2021-06-05,Poland,Russia,1,0.8,0.8,1.0656255475996252,-0.08257599798765772,0.7387531328320802,-0.4440598290598291,0.33990451703972574,0.00872093023255814,0.8,0.8,1.2041583416583417,-0.18337791950866622,0.6798605039731109,-0.9168421052631578,0.39306505746733456,0.0027397260273972603,0.0,0.0,-0.13853279405871644,0.1008019215210085,0.05889262885896929,0.4727822762033287,-0.053160540427608816,0.005981204205160879
2021-06-05_Poland_Russia,2021-06-05,Russia,Poland,0,0.8,0.8,1.2041583416583417,-0.18337791950866622,0.6798605039731109,-0.9168421052631578,0.39306505746733456,0.0027397260273972603,0.8,0.8,1.0656255475996252,-0.08257599798765772,0.7387531328320802,-0.4440598290598291,0.33990451703972574,0.00872093023255814,0.0,0.0,0.13853279405871644,-0.1008019215210085,-0.05889262885896929,-0.4727822762033287,0.053160540427608816,-0.005981204205160879
2021-06-09_Argentina_Italy,2021-06-09,Argentina,Italy,0,0.3333333333333333,0.3333333333333333,0.7174415404731497,-0.2436440195838692,0.32399823897575014,-1.0746965452847805,0.4619603822390201,0.016040237434924342,0.3333333333333333,0.3333333333333333,0.7944179569179569,-0.1932543916698846,0.3715433758146702,-0.33234126984126977,0.38275930308770273,0.009578831532613045,0.0,0.0,-0.07697641644480724,-0.0503896279139846,-0.04754513683892003,-0.7423552754435108,0.07920107915131736,0.006461405902311297
2021-06-09_Argentina_Italy,2021-06-09,Italy,Argentina,1,0.3333333333333333,0.3333333333333333,0.7944179569179569,-0.1932543916698846,0.3715433758146702,-0.33234126984126977,0.38275930308770273,0.009578831532613045,0.3333333333333333,0.3333333333333333,0.7174415404731497,-0.2436440195838692,0.32399823897575014,-1.0746965452847805,0.4619603822390201,0.016040237434924342,0.0,0.0,0.07697641644480724,0.0503896279139846,0.04754513683892003,0.7423552754435108,-0.07920107915131736,-0.006461405902311297
2021-06-09_Australia_Japan,2021-06-09,Australia,Japan,0,0.0,0.0,0.45760062557047126,-0.2393814518814518,0.3020227072310405,-2.0787878787878786,0.5616558441558441,0.027113336768771826,0.5,0.5,1.0463966362650694,-0.16809066068366488,0.7128659223384125,-0.6930375180375181,0.5964514614242381,0.009374171577723852,-0.5,-0.5,-0.5887960106945982,-0.07129079119778692,-0.410843215107372,-1.3857503607503605,-0.034795617268393975,0.017739165191047974
2021-06-09_Australia_Japan,2021-06-09,Japan,Australia,1,0.5,0.5,1.0463966362650694,-0.16809066068366488,0.7128659223384125,-0.6930375180375181,0.5964514614242381,0.009374171577723852,0.0,0.0,0.45760062557047126,-0.2393814518814518,0.3020227072310405,-2.0787878787878786,0.5616558441558441,0.027113336768771826,0.5,0.5,0.5887960106945982,0.07129079119778692,0.410843215107372,1.3857503607503605,0.034795617268393975,-0.017739165191047974
2021-06-09_Brazil_Netherlands,2021-06-09,Brazil,Netherlands,1,0.8333333333333334,0.8333333333333334,1.2385293603765308,-0.1021177944862155,0.531920176093292,-0.37896825396825395,0.25072227652872814,0.00695187165775401,0.16666666666666666,0.16666666666666666,0.8422758709902864,-0.18755444850139666,0.4483311213573085,-1.2478835978835978,0.4334604037118268,0.01030651150179015,0.6666666666666667,0.6666666666666667,0.3962534893862444,0.08543665401518116,0.08358905473598349,0.8689153439153439,-0.18273812718309868,-0.00335463984403614
2021-06-09_Brazil_Netherlands,2021-06-09,Netherlands,Brazil,0,0.16666666666666666,0.16666666666666666,0.8422758709902864,-0.18755444850139666,0.4483311213573085,-1.2478835978835978,0.4334604037118268,0.01030651150179015,0.8333333333333334,0.8333333333333334,1.2385293603765308,-0.1021177944862155,0.531920176093292,-0.37896825396825395,0.25072227652872814,0.00695187165775401,-0.6666666666666667,-0.6666666666666667,-0.3962534893862444,-0.08543665401518116,-0.08358905473598349,-0.8689153439153439,0.18273812718309868,0.00335463984403614
2021-06-09_Bulgaria_Poland,2021-06-09,Bulgaria,Poland,0,0.16666666666666666,0.16666666666666666,0.7932320378272402,-0.20630592082093954,0.36381964809384165,-0.9874999999999999,0.2597340086186143,0.0033333333333333335,0.8333333333333334,0.8333333333333334,1.0598962896663544,-0.08143959428264404,0.6406276106934002,-0.4778929948047595,0.32246945047428127,0.0069767441860465115,-0.6666666666666667,-0.6666666666666667,-0.26666425183911424,-0.1248663265382955,-0.2768079625995586,-0.5096070051952404,-0.06273544185566698,-0.003643410852713178
2021-06-09_Bulgaria_Poland,2021-06-09,Poland,Bulgaria,1,0.8333333333333334,0.8333333333333334,1.0598962896663544,-0.08143959428264404,0.6406276106934002,-0.4778929948047595,0.32246945047428127,0.0069767441860465115,0.16666666666666666,0.16666666666666666,0.7932320378272402,-0.20630592082093954,0.36381964809384165,-0.9874999999999999,0.2597340086186143,0.0033333333333333335,0.6666666666666667,0.6666666666666667,0.26666425183911424,0.1248663265382955,0.2768079625995586,0.5096070051952404,0.06273544185566698,0.003643410852713178
2021-06-09_Canada_Slovenia,2021-06-09,Canada,Slovenia,0,0.3333333333333333,0.3333333333333333,0.8620985753338695,-0.1471095153102659,0.4256293962176316,-0.9272879897879897,0.3956950456950457,0.01451222562198859,0.6666666666666666,0.6666666666666666,0.9068936044091324,-0.1642219658603359,0.572129871070549,-1.188099308099308,0.367567920585162,0.017537923422555463,-0.3333333333333333,-0.3333333333333333,-0.04479502907526289,0.01711245055007002,-0.14650047485291745,0.26081131831131843,0.02812712510988369,-0.003025697800566874
2021-06-09_Canada_Slovenia,2021-06-09,Slovenia,Canada,1,0.6666666666666666,0.6666666666666666,0.9068936044091324,-0.1642219658603359,0.572129871070549,-1.188099308099308,0.367567920585162,0.017537923422555463,0.3333333333333333,0.3333333333333333,0.8620985753338695,-0.1471095153102659,0.4256293962176316,-0.9272879897879897,0.3956950456950457,0.01451222562198859,0.3333333333333333,0.3333333333333333,0.04479502907526289,-0.01711245055007002,0.14650047485291745,-0.26081131831131843,-0.02812712510988369,0.003025697800566874
2021-06-09_France_Russia,2021-06-09,France,Russia,1,0.8333333333333334,0.8333333333333334,1.0427454659161974,-0.18944131597130368,0.6130194896902363,-1.175275610058219,0.410466433332287,0.004081632653061224,0.6666666666666666,0.6666666666666666,1.1479097291597293,-0.1976867277956834,0.5873837533109257,-0.902923976608187,0.36676990083062194,0.0071850658071447755,0.16666666666666674,0.16666666666666674,-0.1051642632435319,0.008245411824379711,0.025635736379310603,-0.2723516334500319,0.04369653250166505,-0.0031034331540835515
2021-06-09_France_Russia,2021-06-09,Russia,France,0,0.6666666666666666,0.6666666666666666,1.1479097291597293,-0.1976867277956834,0.5873837533109257,-0.902923976608187,0.36676990083062194,0.0071850658071447755,0.8333333333333334,0.8333333333333334,1.0427454659161974,-0.18944131597130368,0.6130194896902363,-1.175275610058219,0.410466433332287,0.004081632653061224,-0.16666666666666674,-0.16666666666666674,0.1051642632435319,-0.008245411824379711,-0.025635736379310603,0.2723516334500319,-0.04369653250166505,0.0031034331540835515
2021-06-09_Germany_Serbia,2021-06-09,Germany,Serbia,0,0.5,0.5,1.0126268169707886,-0.2104074529167765,0.5244147020182187,-0.9020223337930972,0.3219975371858774,0.013064770281265126,0.6666666666666666,0.6666666666666666,1.178879498159417,-0.18504349108064275,0.5296683116781901,-1.3416666666666668,0.4100275942381206,0.0056294326241134755,-0.16666666666666663,-0.16666666666666663,-0.16625268118862846,-0.025363961836133764,-0.005253609659971348,0.43964433287356963,-0.08803005705224315,0.00743533765715165
2021-06-09_Germany_Serbia,2021-06-09,Serbia,Germany,1,0.6666666666666666,0.6666666666666666,1.178879498159417,-0.18504349108064275,0.5296683116781901,-1.3416666666666668,0.4100275942381206,0.0056294326241134755,0.5,0.5,1.0126268169707886,-0.2104074529167765,0.5244147020182187,-0.9020223337930972,0.3219975371858774,0.013064770281265126,0.16666666666666663,0.16666666666666663,0.16625268118862846,0.025363961836133764,0.005253609659971348,-0.43964433287356963,0.08803005705224315,-0.00743533765715165
2021-06-09_Iran_United States,2021-06-09,Iran,United States,1,0.6666666666666666,0.6666666666666666,1.1346414238887357,-0.20551980679277357,0.4513606226406526,-0.8603633208896367,0.3691781089093462,0.007797235023041475,0.5,0.5,0.8301236301236301,-0.24957534567985848,0.5630664712094702,1.1113095238095239,0.39340730545091596,0.0032679738562091504,0.16666666666666663,0.16666666666666663,0.30451779376510557,0.04405553888708491,-0.1117058485688176,-1.9716728446991607,-0.024229196541569742,0.0045292611668323254
2021-06-09_Iran_United States,2021-06-09,United States,Iran,0,0.5,0.5,0.8301236301236301,-0.24957534567985848,0.5630664712094702,1.1113095238095239,0.39340730545091596,0.0032679738562091504,0.6666666666666666,0.6666666666666666,1.1346414238887357,-0.20551980679277357,0.4513606226406526,-0.8603633208896367,0.3691781089093462,0.007797235023041475,-0.16666666666666663,-0.16666666666666663,-0.30451779376510557,-0.04405553888708491,0.1117058485688176,1.9716728446991607,0.024229196541569742,-0.0045292611668323254
2021-06-10_Argentina_Australia,2021-06-10,Argentina,Australia,1,0.2857142857142857,0.3333333333333333,0.622379812078088,-0.24457642051627013,0.330519978106185,-0.8913632119514472,0.512826183104821,0.009629981024667932,0.0,0.0,0.4666818221516679,-0.20679598179598177,0.31195006800585895,-1.6760101010101007,0.5195923520923521,0.016926787922429166,0.2857142857142857,0.3333333333333333,0.1556979899264201,-0.037780438720288356,0.018569910100326048,0.7846468890586535,-0.006766168987531129,-0.007296806897761235
2021-06-10_Argentina_Australia,2021-06-10,Australia,Argentina,0,0.0,0.0,0.4666818221516679,-0.20679598179598177,0.31195006800585895,-1.6760101010101007,0.5195923520923521,0.016926787922429166,0.2857142857142857,0.3333333333333333,0.622379812078088,-0.24457642051627013,0.330519978106185,-0.8913632119514472,0.512826183104821,0.009629981024667932,-0.2857142857142857,-0.3333333333333333,-0.1556979899264201,0.037780438720288356,-0.018569910100326048,-0.7846468890586535,0.006766168987531129,0.007296806897761235
2021-06-10_Brazil_Bulgaria,2021-06-10,Brazil,Bulgaria,1,0.8571428571428571,0.8333333333333334,1.2484499952971657,-0.1018915501423241,0.46781761199072786,-0.14980158730158727,0.20771152384055605,0.00972964943553179,0.14285714285714285,0.16666666666666666,0.743509815605018,-0.22357864809366682,0.3531053623795559,-1.8208333333333335,0.5097340086186143,0.0033333333333333335,0.7142857142857142,0.6666666666666667,0.5049401796921477,0.12168709795134272,0.11471224961117193,1.6710317460317463,-0.30202248477805826,0.006396316102198455
2021-06-10_Brazil_Bulgaria,2021-06-10,Bulgaria,Brazil,0,0.14285714285714285,0.16666666666666666,0.743509815605018,-0.22357864809366682,0.3531053623795559,-1.8208333333333335,0.5097340086186143,0.0033333333333333335,0.8571428571428571,0.8333333333333334,1.2484499952971657,-0.1018915501423241,0.46781761199072786,-0.14980158730158727,0.20771152384055605,0.00972964943553179,-0.7142857142857142,-0.6666666666666667,-0.5049401796921477,-0.12168709795134272,-0.11471224961117193,-1.6710317460317463,0.30202248477805826,-0.006396316102198455
2021-06-10_Canada_Russia,2021-06-10,Canada,Russia,0,0.2857142857142857,0.3333333333333333,0.9665480474304003,-0.16916833883967766,0.4045708376590729,-1.0333485958485957,0.5003246753246753,0.01724446605914706,0.5714285714285714,0.5,1.0981129811922496,-0.22813544574440134,0.5718106636099292,-0.9408027644869751,0.3172067287876112,0.0071850658071447755,-0.2857142857142857,-0.16666666666666669,-0.1315649337618493,0.058967106904723676,-0.16723982595085624,-0.09254583136162065,0.1831179465370641,0.010059400252002283
2021-06-10_Canada_Russia,2021-06-10,Russia,Canada,1,0.5714285714285714,0.5,1.0981129811922496,-0.22813544574440134,0.5718106636099292,-0.9408027644869751,0.3172067287876112,0.0071850658071447755,0.2857142857142857,0.3333333333333333,0.9665480474304003,-0.16916833883967766,0.4045708376590729,-1.0333485958485957,0.5003246753246753,0.01724446605914706,0.2857142857142857,0.16666666666666669,0.1315649337618493,-0.058967106904723676,0.16723982595085624,0.09254583136162065,-0.1831179465370641,-0.010059400252002283
2021-06-10_France_Slovenia,2021-06-10,France,Slovenia,0,0.8571428571428571,0.8333333333333334,1.0597124328831644,-0.16548719991192448,0.5427853759778617,-1.739378174160783,0.4559209787868325,0.0017006802721088435,0.7142857142857143,0.8333333333333334,1.0775642750798031,-0.16619727450231125,0.604859269083407,-1.1652421652421652,0.27141407443131577,0.015012670897302937,0.1428571428571428,0.0,-0.017851842196638712,0.0007100745903867722,-0.06207389310554534,-0.5741360089186178,0.18450690435551675,-0.013311990625194094
2021-06-10_France_Slovenia,2021-06-10,Slovenia,France,1,0.7142857142857143,0.8333333333333334,1.0775642750798031,-0.16619727450231125,0.604859269083407,-1.1652421652421652,0.27141407443131577,0.015012670897302937,0.8571428571428571,0.8333333333333334,1.0597124328831644,-0.16548719991192448,0.5427853759778617,-1.739378174160783,0.4559209787868325,0.0017006802721088435,-0.1428571428571428,0.0,0.017851842196638712,-0.0007100745903867722,0.06207389310554534,0.5741360089186178,-0.18450690435551675,0.013311990625194094
2021-06-10_Germany_United States,2021-06-10,Germany,United States,0,0.42857142857142855,0.3333333333333333,0.851010655354627,-0.20809263810196169,0.4709029963326001,-0.7512286829994462,0.36326737845571877,0.019413976630471473,0.42857142857142855,0.3333333333333333,0.8089596089596091,-0.23932402292853575,0.5584368415798405,1.042857142857143,0.3867896583920925,0.005582788671023965,0.0,0.0,0.042051046395018,0.03123138482657406,-0.08753384524724045,-1.7940858258565893,-0.023522279936373736,0.01383118795944751
2021-06-10_Germany_United States,2021-06-10,United States,Germany,1,0.42857142857142855,0.3333333333333333,0.8089596089596091,-0.23932402292853575,0.5584368415798405,1.042857142857143,0.3867896583920925,0.005582788671023965,0.42857142857142855,0.3333333333333333,0.851010655354627,-0.20809263810196169,0.4709029963326001,-0.7512286829994462,0.36326737845571877,0.019413976630471473,0.0,0.0,-0.042051046395018,-0.03123138482657406,0.08753384524724045,1.7940858258565893,0.023522279936373736,-0.01383118795944751
2021-06-10_Iran_Serbia,2021-06-10,Iran,Serbia,0,0.7142857142857143,0.8333333333333334,1.1306882297078376,-0.1688672147214623,0.4012283475083774,-0.7482194340746973,0.40621514594638325,0.012922776148582598,0.7142857142857143,0.6666666666666666,1.1234490677289866,-0.19599898438907723,0.47864790351492476,-1.017391304347826,0.4180963773069036,0.008553409232300609,0.0,0.16666666666666674,0.007239161978850994,0.027131769667614936,-0.07741955600654737,0.2691718702731287,-0.011881231360520328,0.004369366916281989
2021-06-10_Iran_Serbia,2021-06-10,Serbia,Iran,1,0.7142857142857143,0.6666666666666666,1.1234490677289866,-0.19599898438907723,0.47864790351492476,-1.017391304347826,0.4180963773069036,0.008553409232300609,0.7142857142857143,0.8333333333333334,1.1306882297078376,-0.1688672147214623,0.4012283475083774,-0.7482194340746973,0.40621514594638325,0.012922776148582598,0.0,-0.16666666666666674,-0.007239161978850994,-0.027131769667614936,0.07741955600654737,-0.2691718702731287,0.011881231360520328,-0.004369366916281989
2021-06-10_Italy_Japan,2021-06-10,Italy,Japan,0,0.42857142857142855,0.5,0.8140608140608142,-0.16229827881722003,0.4777933758146702,-0.21428571428571427,0.4462513665797662,0.009578831532613045,0.5714285714285714,0.5,1.0726670927680841,-0.1719253034071965,0.7003659223384124,-1.1324314574314576,0.6436212727449929,0.007501512401693889,-0.14285714285714285,0.0,-0.25860627870726993,0.009627024589976468,-0.22257254652374225,0.9181457431457433,-0.1973699061652267,0.002077319130919156
2021-06-10_Italy_Japan,2021-06-10,Japan,Italy,1,0.5714285714285714,0.5,1.0726670927680841,-0.1719253034071965,0.7003659223384124,-1.1324314574314576,0.6436212727449929,0.007501512401693889,0.42857142857142855,0.5,0.8140608140608142,-0.16229827881722003,0.4777933758146702,-0.21428571428571427,0.4462513665797662,0.009578831532613045,0.14285714285714285,0.0,0.25860627870726993,-0.009627024589976468,0.22257254652374225,-0.9181457431457433,0.1973699061652267,-0.002077319130919156
2021-06-10_Netherlands_Poland,2021-06-10,Netherlands,Poland,0,0.14285714285714285,0.16666666666666666,0.7630781869538928,-0.18982202219754174,0.5165956364656775,-1.2478835978835978,0.4585186787701019,0.01030651150179015,0.8571428571428571,0.8333333333333334,1.1487851785552434,-0.0912435158512715,0.5353644527986633,-0.5903929948047595,0.35471151396634476,0.005813953488372093,-0.7142857142857142,-0.6666666666666667,-0.3857069916013506,-0.09857850634627024,-0.01876881633298577,-0.6574906030788383,0.10380716480375712,0.004492558013418057
2021-06-10_Netherlands_Poland,2021-06-10,Poland,Netherlands,1,0.8571428571428571,0.8333333333333334,1.1487851785552434,-0.0912435158512715,0.5353644527986633,-0.5903929948047595,0.35471151396634476,0.005813953488372093,0.14285714285714285,0.16666666666666666,0.7630781869538928,-0.18982202219754174,0.5165956364656775,-1.2478835978835978,0.4585186787701019,0.01030651150179015,0.7142857142857142,0.6666666666666667,0.3857069916013506,0.09857850634627024,0.01876881633298577,0.6574906030788383,-0.10380716480375712,-0.004492558013418057
2021-06-11_Argentina_Japan,2021-06-11,Argentina,Japan,1,0.375,0.5,0.8357131454114213,-0.20400624507767362,0.4346866447728517,-0.9469187675070027,0.467563025210084,0.006362007168458782,0.625,0.5,0.9421115372125284,-0.14786113228420186,0.6356833826558728,-1.0990981240981241,0.6195996803023478,0.009202192673802732,-0.25,0.0,-0.1063983918011071,-0.05614511279347176,-0.20099673788302108,0.15217935659112147,-0.15203665509226377,-0.00284018550534395
2021-06-11_Argentina_Japan,2021-06-11,Japan,Argentina,0,0.625,0.5,0.9421115372125284,-0.14786113228420186,0.6356833826558728,-1.0990981240981241,0.6195996803023478,0.009202192673802732,0.375,0.5,0.8357131454114213,-0.20400624507767362,0.4346866447728517,-0.9469187675070027,0.467563025210084,0.006362007168458782,0.25,0.0,0.1063983918011071,0.05614511279347176,0.20099673788302108,-0.15217935659112147,0.15203665509226377,0.00284018550534395
2021-06-11_Australia_Italy,2021-06-11,Australia,Italy,0,0.0,0.0,0.5012056316754775,-0.20471264846264844,0.4265334013391923,-1.5093434343434342,0.7034812409812409,0.016728375224016465,0.375,0.5,0.8470655930333351,-0.152171696538739,0.43104905084453865,-0.6666666666666666,0.49046905365459614,0.008252806072924218,-0.375,-0.5,-0.34585996135785757,-0.05254095192390945,-0.004515649505346331,-0.8426767676767676,0.21301218732664473,0.008475569151092247
2021-06-11_Australia_Italy,2021-06-11,Italy,Australia,1,0.375,0.5,0.8470655930333351,-0.152171696538739,0.43104905084453865,-0.6666666666666666,0.49046905365459614,0.008252806072924218,0.0,0.0,0.5012056316754775,-0.20471264846264844,0.4265334013391923,-1.5093434343434342,0.7034812409812409,0.016728375224016465,0.375,0.5,0.34585996135785757,0.05254095192390945,0.004515649505346331,0.8426767676767676,-0.21301218732664473,-0.008475569151092247
2021-06-11_Brazil_Poland,2021-06-11,Brazil,Poland,1,0.875,0.8333333333333334,1.4858668993807367,-0.09015525184942202,0.4738143034712903,-0.816468253968254,0.30030411643314864,0.00972964943553179,0.875,0.8333333333333334,1.2189606171517344,-0.10237678271733996,0.539750417710944,-0.37688536953242835,0.352116037511024,0.005813953488372093,0.0,0.0,0.26690628222900226,0.01222153086791794,-0.06593611423965373,-0.4395828844358256,-0.051811921077875356,0.0039156959471596964
2021-06-11_Brazil_Poland,2021-06-11,Poland,Brazil,0,0.875,0.8333333333333334,1.2189606171517344,-0.10237678271733996,0.539750417710944,-0.37688536953242835,0.352116037511024,0.005813953488372093,0.875,0.8333333333333334,1.4858668993807367,-0.09015525184942202,0.4738143034712903,-0.816468253968254,0.30030411643314864,0.00972964943553179,0.0,0.0,-0.26690628222900226,-0.01222153086791794,0.06593611423965373,0.4395828844358256,0.051811921077875356,-0.0039156959471596964
2021-06-11_Bulgaria_Netherlands,2021-06-11,Bulgaria,Netherlands,1,0.125,0.0,0.7486380207332232,-0.24801473831923074,0.26446125013198185,-1.8541666666666667,0.5762301723014788,0.0,0.125,0.16666666666666666,0.6095694150240681,-0.22627805401371495,0.42973666210670314,-1.2812169312169313,0.42379645654787973,0.006697774559719876,0.0,-0.16666666666666666,0.13906860570915502,-0.021736684305515785,-0.1652754119747213,-0.5729497354497355,0.15243371575359904,-0.006697774559719876
2021-06-11_Bulgaria_Netherlands,2021-06-11,Netherlands,Bulgaria,0,0.125,0.16666666666666666,0.6095694150240681,-0.22627805401371495,0.42973666210670314,-1.2812169312169313,0.42379645654787973,0.006697774559719876,0.125,0.0,0.7486380207332232,-0.24801473831923074,0.26446125013198185,-1.8541666666666667,0.5762301723014788,0.0,0.0,0.16666666666666666,-0.13906860570915502,0.021736684305515785,0.1652754119747213,0.5729497354497355,-0.15243371575359904,0.006697774559719876
2021-06-11_Canada_France,2021-06-11,Canada,France,0,0.25,0.16666666666666666,0.8401591585415115,-0.1697050289255481,0.3528991051362766,-0.9738247863247863,0.5467893217893218,0.014891021472069608,0.75,0.6666666666666666,0.9939716921424239,-0.1729471128353608,0.5386735338725985,-1.758330236591106,0.4888682117340654,0.0017006802721088435,-0.5,-0.5,-0.1538125336009124,0.003242083909812704,-0.18577442873632194,0.7845054502663197,0.05792111005525641,0.013190341199960764
2021-06-11_Canada_France,2021-06-11,France,Canada,1,0.75,0.6666666666666666,0.9939716921424239,-0.1729471128353608,0.5386735338725985,-1.758330236591106,0.4888682117340654,0.0017006802721088435,0.25,0.16666666666666666,0.8401591585415115,-0.1697050289255481,0.3528991051362766,-0.9738247863247863,0.5467893217893218,0.014891021472069608,0.5,0.5,0.1538125336009124,-0.003242083909812704,0.18577442873632194,-0.7845054502663197,-0.05792111005525641,-0.013190341199960764
2021-06-11_Germany_Iran,2021-06-11,Germany,Iran,1,0.375,0.3333333333333333,0.7278945206028539,-0.2402563807920202,0.388937184366788,-0.6839209906917539,0.3650310468860538,0.019446287714935378,0.625,0.8333333333333334,1.1376702116898196,-0.1464943333655301,0.3860025602237666,-0.68623112998113,0.4724544621856996,0.015154945036099534,-0.25,-0.5,-0.40977569108696577,-0.09376204742649008,0.0029346241430213693,0.0023101392893760675,-0.10742341529964577,0.0042913426788358435
2021-06-11_Germany_Iran,2021-06-11,Iran,Germany,0,0.625,0.8333333333333334,1.1376702116898196,-0.1464943333655301,0.3860025602237666,-0.68623112998113,0.4724544621856996,0.015154945036099534,0.375,0.3333333333333333,0.7278945206028539,-0.2402563807920202,0.388937184366788,-0.6839209906917539,0.3650310468860538,0.019446287714935378,0.25,0.5,0.40977569108696577,0.09376204742649008,-0.0029346241430213693,-0.0023101392893760675,0.10742341529964577,-0.0042913426788358435
2021-06-11_Russia_Slovenia,2021-06-11,Russia,Slovenia,0,0.625,0.5,1.039827422906691,-0.2253641885717357,0.5569658592914406,-0.7193741930584036,0.38248450656538896,0.013282626782754532,0.75,0.8333333333333334,1.1068984873408447,-0.217279005271542,0.5338716147624193,-1.1082900396625885,0.3328175832032456,0.028901559786191827,-0.125,-0.33333333333333337,-0.06707106443415367,-0.008085183300193699,0.023094244529021313,0.388915846604185,0.049666923362143345,-0.015618933003437295
2021-06-11_Russia_Slovenia,2021-06-11,Slovenia,Russia,1,0.75,0.8333333333333334,1.1068984873408447,-0.217279005271542,0.5338716147624193,-1.1082900396625885,0.3328175832032456,0.028901559786191827,0.625,0.5,1.039827422906691,-0.2253641885717357,0.5569658592914406,-0.7193741930584036,0.38248450656538896,0.013282626782754532,0.125,0.33333333333333337,0.06707106443415367,0.008085183300193699,-0.023094244529021313,-0.388915846604185,-0.049666923362143345,0.015618933003437295
2021-06-11_Serbia_United States,2021-06-11,Serbia,United States,1,0.75,0.8333333333333334,1.2067824010623198,-0.19657970448199244,0.5358355259199384,-0.5618357487922705,0.48221500721500726,0.008553409232300609,0.5,0.5,0.8822743029639581,-0.25031693072995426,0.4939923971353961,-0.2904761904761905,0.4069916785941127,0.005582788671023965,0.25,0.33333333333333337,0.3245080980983617,0.05373722624796182,0.04184312878454233,-0.27135955831608,0.07522332862089454,0.0029706205612766443
2021-06-11_Serbia_United States,2021-06-11,United States,Serbia,0,0.5,0.5,0.8822743029639581,-0.25031693072995426,0.4939923971353961,-0.2904761904761905,0.4069916785941127,0.005582788671023965,0.75,0.8333333333333334,1.2067824010623198,-0.19657970448199244,0.5358355259199384,-0.5618357487922705,0.48221500721500726,0.008553409232300609,-0.25,-0.33333333333333337,-0.3245080980983617,-0.05373722624796182,-0.04184312878454233,0.27135955831608,-0.07522332862089454,-0.0029706205612766443
2021-06-15_Argentina_Bulgaria,2021-06-15,Argentina,Bulgaria,1,0.4444444444444444,0.6666666666666666,0.9261893358876119,-0.18398182505325358,0.5098804432224641,-0.9098817304699658,0.45477642909015453,0.006362007168458782,0.2222222222222222,0.16666666666666666,0.8164566755083996,-0.23502772533221775,0.244647730318462,-1.8875,0.6428483893557423,0.004830917874396135,0.2222222222222222,0.5,0.10973266037921225,0.05104590027896416,0.2652327129040021,0.9776182695300342,-0.18807196026558776,0.0015310892940626469
2021-06-15_Argentina_Bulgaria,2021-06-15,Bulgaria,Argentina,0,0.2222222222222222,0.16666666666666666,0.8164566755083996,-0.23502772533221775,0.244647730318462,-1.8875,0.6428483893557423,0.004830917874396135,0.4444444444444444,0.6666666666666666,0.9261893358876119,-0.18398182505325358,0.5098804432224641,-0.9098817304699658,0.45477642909015453,0.006362007168458782,-0.2222222222222222,-0.5,-0.10973266037921225,-0.05104590027896416,-0.2652327129040021,-0.9776182695300342,0.18807196026558776,-0.0015310892940626469
2021-06-15_Australia_Iran,2021-06-15,Australia,Iran,1,0.0,0.0,0.4929073614557486,-0.1911674979609762,0.41628611136629257,-1.4876984126984125,0.7610008818342152,0.017198995097621416,0.5555555555555556,0.6666666666666666,1.106003545023153,-0.168687290150234,0.4062639981322633,-0.7275009712509712,0.4405100177412551,0.020130069414208987,-0.5555555555555556,-0.6666666666666666,-0.6130961835674043,-0.022480207810742198,0.01002211323402924,-0.7601974414474413,0.3204908640929601,-0.002931074316587571
2021-06-15_Australia_Iran,2021-06-15,Iran,Australia,0,0.5555555555555556,0.6666666666666666,1.106003545023153,-0.168687290150234,0.4062639981322633,-0.7275009712509712,0.4405100177412551,0.020130069414208987,0.0,0.0,0.4929073614557486,-0.1911674979609762,0.41628611136629257,-1.4876984126984125,0.7610008818342152,0.017198995097621416,0.5555555555555556,0.6666666666666666,0.6130961835674043,0.022480207810742198,-0.01002211323402924,0.7601974414474413,-0.3204908640929601,0.002931074316587571
2021-06-15_Brazil_Slovenia,2021-06-15,Brazil,Slovenia,1,0.8888888888888888,0.8333333333333334,1.5429129698414412,-0.10411027830444848,0.42841009527638446,-0.7811147186147186,0.350640816769849,0.005808080808080808,0.7777777777777778,0.8333333333333334,1.1838215642639214,-0.23594899104679098,0.4232533351925268,-0.504123372995922,0.2903005764005246,0.026910627399044183,0.11111111111111105,0.0,0.35909140557751984,0.1318387127423425,0.005156760083857681,-0.27699134561879657,0.060340240369324394,-0.021102546590963375
2021-06-15_Brazil_Slovenia,2021-06-15,Slovenia,Brazil,0,0.7777777777777778,0.8333333333333334,1.1838215642639214,-0.23594899104679098,0.4232533351925268,-0.504123372995922,0.2903005764005246,0.026910627399044183,0.8888888888888888,0.8333333333333334,1.5429129698414412,-0.10411027830444848,0.42841009527638446,-0.7811147186147186,0.350640816769849,0.005808080808080808,-0.11111111111111105,0.0,-0.35909140557751984,-0.1318387127423425,-0.005156760083857681,0.27699134561879657,-0.060340240369324394,0.021102546590963375
2021-06-15_Canada_Poland,2021-06-15,Canada,Poland,0,0.2222222222222222,0.16666666666666666,0.8046588061806941,-0.17268883114208688,0.3690529512901228,-1.0263888888888888,0.49532022351171295,0.016417637694026332,0.7777777777777778,0.8333333333333334,1.2436264570304723,-0.12738611455757887,0.5570239938080495,-0.668552036199095,0.4152532924129848,0.003875968992248062,-0.5555555555555556,-0.6666666666666667,-0.4389676508497782,-0.04530271658450802,-0.18797104251792668,-0.3578368526897938,0.08006693109872814,0.01254166870177827
2021-06-15_Canada_Poland,2021-06-15,Poland,Canada,1,0.7777777777777778,0.8333333333333334,1.2436264570304723,-0.12738611455757887,0.5570239938080495,-0.668552036199095,0.4152532924129848,0.003875968992248062,0.2222222222222222,0.16666666666666666,0.8046588061806941,-0.17268883114208688,0.3690529512901228,-1.0263888888888888,0.49532022351171295,0.016417637694026332,0.5555555555555556,0.6666666666666667,0.4389676508497782,0.04530271658450802,0.18797104251792668,0.3578368526897938,-0.08006693109872814,-0.01254166870177827
2021-06-15_France_Netherlands,2021-06-15,France,Netherlands,0,0.7777777777777778,0.6666666666666666,0.9750015024405267,-0.15998414987239784,0.5707211799304546,-1.6615697932833484,0.5346557575216112,0.005445998624168768,0.1111111111111111,0.16666666666666666,0.7959156358530476,-0.23445415464264577,0.43790363125370857,-1.071132897603486,0.44499461322990735,0.006697774559719876,0.6666666666666667,0.5,0.17908586658747916,0.07447000477024793,0.132817548676746,-0.5904368956798625,0.08966114429170385,-0.0012517759355511072
2021-06-15_France_Netherlands,2021-06-15,Netherlands,France,1,0.1111111111111111,0.16666666666666666,0.7959156358530476,-0.23445415464264577,0.43790363125370857,-1.071132897603486,0.44499461322990735,0.006697774559719876,0.7777777777777778,0.6666666666666666,0.9750015024405267,-0.15998414987239784,0.5707211799304546,-1.6615697932833484,0.5346557575216112,0.005445998624168768,-0.6666666666666667,-0.5,-0.17908586658747916,-0.07447000477024793,-0.132817548676746,0.5904368956798625,-0.08966114429170385,0.0012517759355511072
2021-06-15_Germany_Japan,2021-06-15,Germany,Japan,0,0.4444444444444444,0.3333333333333333,0.7956307059860981,-0.25505244267668964,0.4038232242528279,-0.7241054439196853,0.42291253853556193,0.019446287714935378,0.5555555555555556,0.3333333333333333,0.8407861099366304,-0.14693520635827592,0.6364456461300007,-1.20515873015873,0.5755588445948454,0.010885694357304417,-0.11111111111111116,0.0,-0.0451554039505323,-0.10811723631841372,-0.23262242187717275,0.48105328623904475,-0.15264630605928348,0.008560593357630961
2021-06-15_Germany_Japan,2021-06-15,Japan,Germany,1,0.5555555555555556,0.3333333333333333,0.8407861099366304,-0.14693520635827592,0.6364456461300007,-1.20515873015873,0.5755588445948454,0.010885694357304417,0.4444444444444444,0.3333333333333333,0.7956307059860981,-0.25505244267668964,0.4038232242528279,-0.7241054439196853,0.42291253853556193,0.019446287714935378,0.11111111111111116,0.0,0.0451554039505323,0.10811723631841372,0.23262242187717275,-0.48105328623904475,0.15264630605928348,-0.008560593357630961
2021-06-15_Italy_United States,2021-06-15,Italy,United States,0,0.4444444444444444,0.6666666666666666,0.9984941644619063,-0.15316376003080248,0.4313814976530494,-0.6479076479076479,0.48725540117232663,0.008252806072924218,0.4444444444444444,0.3333333333333333,0.8767605185028051,-0.23937416978719325,0.5050199660577019,-0.6404761904761905,0.5218064934089276,0.005582788671023965,0.0,0.3333333333333333,0.12173364595910119,0.08621040975639077,-0.07363846840465255,-0.0074314574314573445,-0.034551092236600967,0.0026700174019002538
2021-06-15_Italy_United States,2021-06-15,United States,Italy,1,0.4444444444444444,0.3333333333333333,0.8767605185028051,-0.23937416978719325,0.5050199660577019,-0.6404761904761905,0.5218064934089276,0.005582788671023965,0.4444444444444444,0.6666666666666666,0.9984941644619063,-0.15316376003080248,0.4313814976530494,-0.6479076479076479,0.48725540117232663,0.008252806072924218,0.0,-0.3333333333333333,-0.12173364595910119,-0.08621040975639077,0.07363846840465255,0.0074314574314573445,0.034551092236600967,-0.0026700174019002538
2021-06-15_Russia_Serbia,2021-06-15,Russia,Serbia,1,0.5555555555555556,0.5,0.9659833925409217,-0.22398115997351728,0.49082829315387455,-0.7386724386724387,0.35439062320834763,0.019380187758364285,0.7777777777777778,0.8333333333333334,1.3257567600366789,-0.1710385789408669,0.5014289602633729,-0.6630262249827467,0.6541847041847042,0.005007309941520468,-0.2222222222222222,-0.33333333333333337,-0.35977336749575717,-0.05294258103265037,-0.010600667109498363,-0.07564621368969204,-0.29979408097635657,0.014372877816843817
2021-06-15_Russia_Serbia,2021-06-15,Serbia,Russia,0,0.7777777777777778,0.8333333333333334,1.3257567600366789,-0.1710385789408669,0.5014289602633729,-0.6630262249827467,0.6541847041847042,0.005007309941520468,0.5555555555555556,0.5,0.9659833925409217,-0.22398115997351728,0.49082829315387455,-0.7386724386724387,0.35439062320834763,0.019380187758364285,0.2222222222222222,0.33333333333333337,0.35977336749575717,0.05294258103265037,0.010600667109498363,0.07564621368969204,0.29979408097635657,-0.014372877816843817
2021-06-16_Argentina_Russia,2021-06-16,Argentina,Russia,0,0.5,0.6666666666666666,1.0154948914431674,-0.165367106438535,0.47670584004786093,-0.8444055399937752,0.4803755576304595,0.002777777777777778,0.6,0.5,0.9003981840985705,-0.2098068829567745,0.49841529628763653,-0.5876752876752876,0.3471154909332154,0.020884961523412026,-0.09999999999999998,0.16666666666666663,0.11509670734459687,0.04443977651823949,-0.021709456239775604,-0.25673025231848756,0.1332600666972441,-0.018107183745634248
2021-06-16_Argentina_Russia,2021-06-16,Russia,Argentina,1,0.6,0.5,0.9003981840985705,-0.2098068829567745,0.49841529628763653,-0.5876752876752876,0.3471154909332154,0.020884961523412026,0.5,0.6666666666666666,1.0154948914431674,-0.165367106438535,0.47670584004786093,-0.8444055399937752,0.4803755576304595,0.002777777777777778,0.09999999999999998,-0.16666666666666663,-0.11509670734459687,-0.04443977651823949,0.021709456239775604,0.25673025231848756,-0.1332600666972441,0.018107183745634248
2021-06-16_Australia_Slovenia,2021-06-16,Australia,Slovenia,0,0.1,0.16666666666666666,0.5892036577520449,-0.15942146621494444,0.5644342595144407,-0.8210317460317459,0.7278218694885362,0.01597670044312337,0.7,0.6666666666666666,1.13527083962624,-0.25021799689474417,0.33467891171244296,-0.6552222740948231,0.3234902315729384,0.023446605985093624,-0.6,-0.5,-0.5460671818741952,0.09079653067979973,0.22975534780199774,-0.16580947193692275,0.40433163791559784,-0.007469905541970252
2021-06-16_Australia_Slovenia,2021-06-16,Slovenia,Australia,1,0.7,0.6666666666666666,1.13527083962624,-0.25021799689474417,0.33467891171244296,-0.6552222740948231,0.3234902315729384,0.023446605985093624,0.1,0.16666666666666666,0.5892036577520449,-0.15942146621494444,0.5644342595144407,-0.8210317460317459,0.7278218694885362,0.01597670044312337,0.6,0.5,0.5460671818741952,-0.09079653067979973,-0.22975534780199774,0.16580947193692275,-0.40433163791559784,0.007469905541970252
2021-06-16_Brazil_Iran,2021-06-16,Brazil,Iran,1,0.9,1.0,1.5536656580134842,-0.0934490097484431,0.40976560044141347,-0.7903739778739779,0.34331758444661675,0.005808080808080808,0.5,0.5,0.9589777313306724,-0.16084415289533205,0.42654177591004117,-0.758270202020202,0.5020255562682879,0.017441897371198237,0.4,0.5,0.5946879266828118,0.06739514314688895,-0.016776175468627696,-0.032103775853775884,-0.15870797182167118,-0.01163381656311743
2021-06-16_Brazil_Iran,2021-06-16,Iran,Brazil,0,0.5,0.5,0.9589777313306724,-0.16084415289533205,0.42654177591004117,-0.758270202020202,0.5020255562682879,0.017441897371198237,0.9,1.0,1.5536656580134842,-0.0934490097484431,0.40976560044141347,-0.7903739778739779,0.34331758444661675,0.005808080808080808,-0.4,-0.5,-0.5946879266828118,-0.06739514314688895,0.016776175468627696,0.032103775853775884,0.15870797182167118,0.01163381656311743
2021-06-16_Bulgaria_Serbia,2021-06-16,Bulgaria,Serbia,0,0.2,0.16666666666666666,0.7591917182434423,-0.24645245651501346,0.25531846202577907,-1.873611111111111,0.647338331884478,0.006703577050426099,0.7,0.6666666666666666,1.2313123155922343,-0.167363851581929,0.3981653192638828,-0.7375876284915187,0.5745550745550746,0.005007309941520468,-0.49999999999999994,-0.5,-0.47212059734879197,-0.07908860493308445,-0.14284685723810375,-1.136023482619592,0.07278325732940338,0.0016962671089056306
2021-06-16_Bulgaria_Serbia,2021-06-16,Serbia,Bulgaria,1,0.7,0.6666666666666666,1.2313123155922343,-0.167363851581929,0.3981653192638828,-0.7375876284915187,0.5745550745550746,0.005007309941520468,0.2,0.16666666666666666,0.7591917182434423,-0.24645245651501346,0.25531846202577907,-1.873611111111111,0.647338331884478,0.006703577050426099,0.49999999999999994,0.5,0.47212059734879197,0.07908860493308445,0.14284685723810375,1.136023482619592,-0.07278325732940338,-0.0016962671089056306
2021-06-16_Canada_Germany,2021-06-16,Canada,Germany,1,0.2,0.16666666666666666,0.8329284551399981,-0.17561716149745712,0.3365692911594038,-1.0148148148148148,0.46754244573393516,0.019189815113381168,0.4,0.3333333333333333,0.7599164202718124,-0.2864638024013024,0.3653616857912894,-0.9059236257378672,0.5783784883563504,0.015783284051931717,-0.2,-0.16666666666666666,0.07301203486818575,0.1108466409038453,-0.0287923946318856,-0.10889118907694761,-0.11083604262241525,0.0034065310614494505
2021-06-16_Canada_Germany,2021-06-16,Germany,Canada,0,0.4,0.3333333333333333,0.7599164202718124,-0.2864638024013024,0.3653616857912894,-0.9059236257378672,0.5783784883563504,0.015783284051931717,0.2,0.16666666666666666,0.8329284551399981,-0.17561716149745712,0.3365692911594038,-1.0148148148148148,0.46754244573393516,0.019189815113381168,0.2,0.16666666666666666,-0.07301203486818575,-0.1108466409038453,0.0287923946318856,0.10889118907694761,0.11083604262241525,-0.0034065310614494505
2021-06-16_France_United States,2021-06-16,France,United States,1,0.7,0.5,1.0302666979496249,-0.15974468627086527,0.5537315158477673,-1.47086466507822,0.5334448943491497,0.005445998624168768,0.5,0.5,0.8903446355351982,-0.22402063443365794,0.5284839234839235,-0.4976190476190476,0.47331682727220253,0.00845635188941477,0.19999999999999996,0.0,0.13992206241442673,0.06427594816279267,0.025247592363843774,-0.9732456174591724,0.06012806707694712,-0.0030103532652460017
2021-06-16_France_United States,2021-06-16,United States,France,0,0.5,0.5,0.8903446355351982,-0.22402063443365794,0.5284839234839235,-0.4976190476190476,0.47331682727220253,0.00845635188941477,0.7,0.5,1.0302666979496249,-0.15974468627086527,0.5537315158477673,-1.47086466507822,0.5334448943491497,0.005445998624168768,-0.19999999999999996,0.0,-0.13992206241442673,-0.06427594816279267,-0.025247592363843774,0.9732456174591724,-0.06012806707694712,0.0030103532652460017
2021-06-16_Italy_Netherlands,2021-06-16,Italy,Netherlands,1,0.4,0.5,0.812908578876321,-0.16584281539278467,0.40248166185666184,-0.6479076479076479,0.48013396189196683,0.008252806072924218,0.2,0.3333333333333333,0.8943624697837526,-0.20366173431534174,0.4127488324920987,-1.0174291938997821,0.46213025536554947,0.008027633974581732,0.2,0.16666666666666669,-0.0814538909074316,0.037818918922557065,-0.010267170635436862,0.36952154599213427,0.018003706526417362,0.0002251720983424861
2021-06-16_Italy_Netherlands,2021-06-16,Netherlands,Italy,0,0.2,0.3333333333333333,0.8943624697837526,-0.20366173431534174,0.4127488324920987,-1.0174291938997821,0.46213025536554947,0.008027633974581732,0.4,0.5,0.812908578876321,-0.16584281539278467,0.40248166185666184,-0.6479076479076479,0.48013396189196683,0.008252806072924218,-0.2,-0.16666666666666669,0.0814538909074316,-0.037818918922557065,0.010267170635436862,-0.36952154599213427,-0.018003706526417362,-0.0002251720983424861
2021-06-16_Japan_Poland,2021-06-16,Japan,Poland,0,0.6,0.5,0.9228128230609044,-0.1424751124615623,0.7080896883622781,-0.8162698412698414,0.5295818331005925,0.005138567920522807,0.8,0.8333333333333334,1.1814328295794918,-0.1504339301750539,0.4604586784927342,-0.9018853695324283,0.4076132245012701,0.003875968992248062,-0.20000000000000007,-0.33333333333333337,-0.2586200065185874,0.007958817713491606,0.24763100986954395,0.08561552826258689,0.1219686085993224,0.0012625989282747455
2021-06-16_Japan_Poland,2021-06-16,Poland,Japan,1,0.8,0.8333333333333334,1.1814328295794918,-0.1504339301750539,0.4604586784927342,-0.9018853695324283,0.4076132245012701,0.003875968992248062,0.6,0.5,0.9228128230609044,-0.1424751124615623,0.7080896883622781,-0.8162698412698414,0.5295818331005925,0.005138567920522807,0.20000000000000007,0.33333333333333337,0.2586200065185874,-0.007958817713491606,-0.24763100986954395,-0.08561552826258689,-0.1219686085993224,-0.0012625989282747455
2021-06-17_Argentina_Serbia,2021-06-17,Argentina,Serbia,1,0.45454545454545453,0.6666666666666666,1.031782770231046,-0.15780288672079715,0.4717455225875434,-0.8781746031746032,0.44821869488536153,0.00196078431372549,0.7272727272727273,0.6666666666666666,1.3657066568831275,-0.1271849730129576,0.3149655329390964,-0.6434699814326952,0.5691005291005292,0.006799945600435196,-0.27272727272727276,0.0,-0.3339238866520815,-0.03061791370783956,0.15677998964844697,-0.23470462174190798,-0.12088183421516768,-0.004839161286709706
2021-06-17_Argentina_Serbia,2021-06-17,Serbia,Argentina,0,0.7272727272727273,0.6666666666666666,1.3657066568831275,-0.1271849730129576,0.3149655329390964,-0.6434699814326952,0.5691005291005292,0.006799945600435196,0.45454545454545453,0.6666666666666666,1.031782770231046,-0.15780288672079715,0.4717455225875434,-0.8781746031746032,0.44821869488536153,0.00196078431372549,0.27272727272727276,0.0,0.3339238866520815,0.03061791370783956,-0.15677998964844697,0.23470462174190798,0.12088183421516768,0.004839161286709706
2021-06-17_Australia_Brazil,2021-06-17,Australia,Brazil,0,0.09090909090909091,0.16666666666666666,0.6512406947890819,-0.1676946744881527,0.5318063935532414,-0.6682539682539682,0.7361552028218695,0.015870090635021025,0.9090909090909091,1.0,1.4061294261294262,-0.11537883430984659,0.40375598505679805,-0.9070406445406446,0.35363504476407703,0.005808080808080808,-0.8181818181818181,-0.8333333333333334,-0.7548887313403443,-0.05231584017830611,0.1280504084964434,0.23878667628667638,0.3825201580577925,0.010062009826940218
2021-06-17_Australia_Brazil,2021-06-17,Brazil,Australia,1,0.9090909090909091,1.0,1.4061294261294262,-0.11537883430984659,0.40375598505679805,-0.9070406445406446,0.35363504476407703,0.005808080808080808,0.09090909090909091,0.16666666666666666,0.6512406947890819,-0.1676946744881527,0.5318063935532414,-0.6682539682539682,0.7361552028218695,0.015870090635021025,0.8181818181818181,0.8333333333333334,0.7548887313403443,0.05231584017830611,-0.1280504084964434,-0.23878667628667638,-0.3825201580577925,-0.010062009826940218
2021-06-17_Bulgaria_Russia,2021-06-17,Bulgaria,Russia,0,0.18181818181818182,0.16666666666666666,0.740308302808303,-0.2352231420942097,0.2204699771772942,-1.8805555555555555,0.6751161096622558,0.012876416556598937,0.6363636363636364,0.5,0.8672542447046309,-0.20149601143835574,0.3164167392890797,-0.5828019933283092,0.2861133122839779,0.02319977633822684,-0.45454545454545453,-0.33333333333333337,-0.1269459418963279,-0.03372713065585395,-0.09594676211178552,-1.2977535622272462,0.38900279737827786,-0.010323359781627904
2021-06-17_Bulgaria_Russia,2021-06-17,Russia,Bulgaria,1,0.6363636363636364,0.5,0.8672542447046309,-0.20149601143835574,0.3164167392890797,-0.5828019933283092,0.2861133122839779,0.02319977633822684,0.18181818181818182,0.16666666666666666,0.740308302808303,-0.2352231420942097,0.2204699771772942,-1.8805555555555555,0.6751161096622558,0.012876416556598937,0.45454545454545453,0.33333333333333337,0.1269459418963279,0.03372713065585395,0.09594676211178552,1.2977535622272462,-0.38900279737827786,0.010323359781627904
2021-06-17_Canada_Japan,2021-06-17,Canada,Japan,1,0.2727272727272727,0.16666666666666666,0.790776162987706,-0.19164013084079323,0.39121707619934565,-1.209259259259259,0.48420911240060177,0.019189815113381168,0.5454545454545454,0.5,0.9224965675264326,-0.20510137508782492,0.7142912387498751,-0.875030525030525,0.4997838533026128,0.008343696125651013,-0.2727272727272727,-0.33333333333333337,-0.13172040453872658,0.013461244247031684,-0.32307416255052945,-0.334228734228734,-0.015574740902011053,0.010846118987730155
2021-06-17_Canada_Japan,2021-06-17,Japan,Canada,0,0.5454545454545454,0.5,0.9224965675264326,-0.20510137508782492,0.7142912387498751,-0.875030525030525,0.4997838533026128,0.008343696125651013,0.2727272727272727,0.16666666666666666,0.790776162987706,-0.19164013084079323,0.39121707619934565,-1.209259259259259,0.48420911240060177,0.019189815113381168,0.2727272727272727,0.33333333333333337,0.13172040453872658,-0.013461244247031684,0.32307416255052945,0.334228734228734,0.015574740902011053,-0.010846118987730155
2021-06-17_France_Italy,2021-06-17,France,Italy,0,0.7272727272727273,0.6666666666666666,0.9869211546040814,-0.15723842060670487,0.5234537380699894,-1.110156130456642,0.47238167595834507,0.0052743703398275095,0.45454545454545453,0.6666666666666666,0.8449598609276028,-0.14863871358897937,0.3315491221741222,-0.38167388167388167,0.426261908019913,0.00526655410087103,0.27272727272727276,0.0,0.14196129367647858,-0.0085997070177255,0.19190461589586721,-0.7284822487827605,0.04611976793843209,7.816238956479503e-06
2021-06-17_France_Italy,2021-06-17,Italy,France,1,0.45454545454545453,0.6666666666666666,0.8449598609276028,-0.14863871358897937,0.3315491221741222,-0.38167388167388167,0.426261908019913,0.00526655410087103,0.7272727272727273,0.6666666666666666,0.9869211546040814,-0.15723842060670487,0.5234537380699894,-1.110156130456642,0.47238167595834507,0.0052743703398275095,-0.27272727272727276,0.0,-0.14196129367647858,0.0085997070177255,-0.19190461589586721,0.7284822487827605,-0.04611976793843209,-7.816238956479503e-06
2021-06-17_Germany_Poland,2021-06-17,Germany,Poland,0,0.36363636363636365,0.3333333333333333,0.7176545155099077,-0.3000275333563377,0.3838391432931372,-1.249060880639828,0.6269312427914578,0.02292886851710381,0.8181818181818182,0.8333333333333334,1.182644950791613,-0.1486702617447188,0.4495891132753429,-0.9931372549019608,0.41080607252170426,0.0,-0.4545454545454546,-0.5,-0.46499043528170536,-0.15135727161161888,-0.06574996998220572,-0.2559236257378672,0.21612517026975359,0.02292886851710381
2021-06-17_Germany_Poland,2021-06-17,Poland,Germany,1,0.8181818181818182,0.8333333333333334,1.182644950791613,-0.1486702617447188,0.4495891132753429,-0.9931372549019608,0.41080607252170426,0.0,0.36363636363636365,0.3333333333333333,0.7176545155099077,-0.3000275333563377,0.3838391432931372,-1.249060880639828,0.6269312427914578,0.02292886851710381,0.4545454545454546,0.5,0.46499043528170536,0.15135727161161888,0.06574996998220572,0.2559236257378672,-0.21612517026975359,-0.02292886851710381
2021-06-17_Iran_Slovenia,2021-06-17,Iran,Slovenia,0,0.45454545454545453,0.3333333333333333,0.952311064664006,-0.20489177194295113,0.5320848890119448,-2.1332702020202023,0.42635153666044473,0.015854595783896648,0.7272727272727273,0.6666666666666666,1.2051121094675101,-0.2409587376354849,0.4030549800885113,-0.6302222740948231,0.36932356490627166,0.02017863212888447,-0.27272727272727276,-0.3333333333333333,-0.2528010448035042,0.03606696569253376,0.12902990892343352,-1.5030479279253792,0.05702797175417307,-0.004324036344987823
2021-06-17_Iran_Slovenia,2021-06-17,Slovenia,Iran,1,0.7272727272727273,0.6666666666666666,1.2051121094675101,-0.2409587376354849,0.4030549800885113,-0.6302222740948231,0.36932356490627166,0.02017863212888447,0.45454545454545453,0.3333333333333333,0.952311064664006,-0.20489177194295113,0.5320848890119448,-2.1332702020202023,0.42635153666044473,0.015854595783896648,0.27272727272727276,0.3333333333333333,0.2528010448035042,-0.03606696569253376,-0.12902990892343352,1.5030479279253792,-0.05702797175417307,0.004324036344987823
2021-06-17_Netherlands_United States,2021-06-17,Netherlands,United States,0,0.18181818181818182,0.16666666666666666,0.8285255289468116,-0.20319635829151447,0.35646976272465675,-0.9512916277622159,0.5107349065283402,0.006309420916162489,0.45454545454545453,0.5,0.9386204976041638,-0.20692518950660588,0.5421900638348007,-0.6729064039408867,0.37762085657623184,0.005188378033205619,-0.2727272727272727,-0.33333333333333337,-0.11009496865735213,0.003728831215091405,-0.18572030111014398,-0.27838522382132913,0.13311404995210835,0.00112104288295687
2021-06-17_Netherlands_United States,2021-06-17,United States,Netherlands,1,0.45454545454545453,0.5,0.9386204976041638,-0.20692518950660588,0.5421900638348007,-0.6729064039408867,0.37762085657623184,0.005188378033205619,0.18181818181818182,0.16666666666666666,0.8285255289468116,-0.20319635829151447,0.35646976272465675,-0.9512916277622159,0.5107349065283402,0.006309420916162489,0.2727272727272727,0.33333333333333337,0.11009496865735213,-0.003728831215091405,0.18572030111014398,0.27838522382132913,-0.13311404995210835,-0.00112104288295687
2021-06-21_Argentina_Poland,2021-06-21,Argentina,Poland,0,0.5,0.6666666666666666,1.0788047138047139,-0.1698399237578342,0.5016643866849065,-0.9820707070707071,0.37083774250440915,0.005664488017429195,0.8333333333333334,0.8333333333333334,1.2218810619027243,-0.1784682415426986,0.46406279748586915,-0.9567226890756303,0.41788668254349076,0.0,-0.33333333333333337,-0.16666666666666674,-0.1430763480980104,0.00862831778486442,0.03760158919903739,-0.0253480179950768,-0.04704894003908161,0.005664488017429195
2021-06-21_Argentina_Poland,2021-06-21,Poland,Argentina,1,0.8333333333333334,0.8333333333333334,1.2218810619027243,-0.1784682415426986,0.46406279748586915,-0.9567226890756303,0.41788668254349076,0.0,0.5,0.6666666666666666,1.0788047138047139,-0.1698399237578342,0.5016643866849065,-0.9820707070707071,0.37083774250440915,0.005664488017429195,0.33333333333333337,0.16666666666666674,0.1430763480980104,-0.00862831778486442,-0.03760158919903739,0.0253480179950768,0.04704894003908161,-0.005664488017429195
2021-06-21_Australia_Serbia,2021-06-21,Australia,Serbia,0,0.08333333333333333,0.16666666666666666,0.632480685637858,-0.16983142662490489,0.5581952824421303,-0.6974206349206349,0.748804012345679,0.01345463169782296,0.6666666666666666,0.6666666666666666,1.3880595980595982,-0.14147068729867188,0.2575630506695929,-0.5563487693114831,0.5881481481481482,0.006799945600435196,-0.5833333333333333,-0.5,-0.7555789124217402,-0.02836073932623301,0.30063223177253745,-0.14107186560915175,0.16065586419753075,0.0066546860973877645
2021-06-21_Australia_Serbia,2021-06-21,Serbia,Australia,1,0.6666666666666666,0.6666666666666666,1.3880595980595982,-0.14147068729867188,0.2575630506695929,-0.5563487693114831,0.5881481481481482,0.006799945600435196,0.08333333333333333,0.16666666666666666,0.632480685637858,-0.16983142662490489,0.5581952824421303,-0.6974206349206349,0.748804012345679,0.01345463169782296,0.5833333333333333,0.5,0.7555789124217402,0.02836073932623301,-0.30063223177253745,0.14107186560915175,-0.16065586419753075,-0.0066546860973877645
2021-06-21_Brazil_Italy,2021-06-21,Brazil,Italy,1,0.9166666666666666,1.0,1.399700854700855,-0.0904052893363016,0.4529236195902863,-0.8399410774410775,0.3442783196178782,0.002777777777777778,0.5,0.6666666666666666,0.9123841033518453,-0.1457102036837253,0.44442791005291005,-0.4062950937950938,0.4258138793460778,0.0069328771957655536,0.41666666666666663,0.33333333333333337,0.48731675134900965,0.05530491434742371,0.008495709537376273,-0.43364598364598367,-0.08153555972819959,-0.004155099417987775
2021-06-21_Brazil_Italy,2021-06-21,Italy,Brazil,0,0.5,0.6666666666666666,0.9123841033518453,-0.1457102036837253,0.44442791005291005,-0.4062950937950938,0.4258138793460778,0.0069328771957655536,0.9166666666666666,1.0,1.399700854700855,-0.0904052893363016,0.4529236195902863,-0.8399410774410775,0.3442783196178782,0.002777777777777778,-0.41666666666666663,-0.33333333333333337,-0.48731675134900965,-0.05530491434742371,-0.008495709537376273,0.43364598364598367,0.08153555972819959,0.004155099417987775
2021-06-21_Bulgaria_Japan,2021-06-21,Bulgaria,Japan,0,0.16666666666666666,0.16666666666666666,0.7176071533830154,-0.20604480409234227,0.24673260343992046,-1.8694444444444442,0.7298780144241604,0.018252760642620443,0.5,0.5,0.8866285617875516,-0.20494797732743222,0.5828241286242284,-0.8740501328736623,0.3666757451945047,0.00893672800111432,-0.33333333333333337,-0.33333333333333337,-0.16902140840453617,-0.0010968267649100472,-0.33609152518430796,-0.995394311570782,0.36320226922965576,0.009316032641506123
2021-06-21_Bulgaria_Japan,2021-06-21,Japan,Bulgaria,1,0.5,0.5,0.8866285617875516,-0.20494797732743222,0.5828241286242284,-0.8740501328736623,0.3666757451945047,0.00893672800111432,0.16666666666666666,0.16666666666666666,0.7176071533830154,-0.20604480409234227,0.24673260343992046,-1.8694444444444442,0.7298780144241604,0.018252760642620443,0.33333333333333337,0.33333333333333337,0.16902140840453617,0.0010968267649100472,0.33609152518430796,0.995394311570782,-0.36320226922965576,-0.009316032641506123
2021-06-21_Canada_Netherlands,2021-06-21,Canada,Netherlands,1,0.3333333333333333,0.3333333333333333,0.8830964244256143,-0.18004061924128165,0.3617114940621846,-1.163507625272331,0.48067375886524816,0.02572576282579947,0.16666666666666666,0.16666666666666666,0.8760420377036308,-0.2059137495958623,0.241660681197309,-1.0981170245876128,0.4094277169858565,0.006309420916162489,0.16666666666666666,0.16666666666666666,0.007054386721983552,0.025873130354580665,0.12005081286487562,-0.06539060068471825,0.07124604187939165,0.01941634190963698
2021-06-21_Canada_Netherlands,2021-06-21,Netherlands,Canada,0,0.16666666666666666,0.16666666666666666,0.8760420377036308,-0.2059137495958623,0.241660681197309,-1.0981170245876128,0.4094277169858565,0.006309420916162489,0.3333333333333333,0.3333333333333333,0.8830964244256143,-0.18004061924128165,0.3617114940621846,-1.163507625272331,0.48067375886524816,0.02572576282579947,-0.16666666666666666,-0.16666666666666666,-0.007054386721983552,-0.025873130354580665,-0.12005081286487562,0.06539060068471825,-0.07124604187939165,-0.01941634190963698
2021-06-21_France_Iran,2021-06-21,France,Iran,1,0.6666666666666666,0.5,0.9444008294008294,-0.16230896734391828,0.48184083484418294,-0.475235495536007,0.4973816759583451,0.0052743703398275095,0.4166666666666667,0.16666666666666666,0.9361938485467899,-0.20031301736419652,0.6084698389079555,-2.7090277777777776,0.5849199797116463,0.02024056069617735,0.24999999999999994,0.33333333333333337,0.00820698085403948,0.038004050020278235,-0.12662900406377253,2.2337922822417706,-0.08753830375330124,-0.01496619035634984
2021-06-21_France_Iran,2021-06-21,Iran,France,0,0.4166666666666667,0.16666666666666666,0.9361938485467899,-0.20031301736419652,0.6084698389079555,-2.7090277777777776,0.5849199797116463,0.02024056069617735,0.6666666666666666,0.5,0.9444008294008294,-0.16230896734391828,0.48184083484418294,-0.475235495536007,0.4973816759583451,0.0052743703398275095,-0.24999999999999994,-0.33333333333333337,-0.00820698085403948,-0.038004050020278235,0.12662900406377253,-2.2337922822417706,0.08753830375330124,0.01496619035634984
2021-06-21_Germany_Russia,2021-06-21,Germany,Russia,0,0.3333333333333333,0.16666666666666666,0.7170372315592903,-0.29497863879851455,0.373226371052458,-1.3064158064158065,0.662129377989593,0.02460547060354196,0.6666666666666666,0.6666666666666666,1.0736869932426425,-0.2109720426535174,0.34156041744999927,-0.519670680196996,0.285786514898357,0.018297815553913115,-0.3333333333333333,-0.5,-0.35664976168335216,-0.08400659614499714,0.03166595360245872,-0.7867451262188104,0.37634286309123605,0.006307655049628845
2021-06-21_Germany_Russia,2021-06-21,Russia,Germany,1,0.6666666666666666,0.6666666666666666,1.0736869932426425,-0.2109720426535174,0.34156041744999927,-0.519670680196996,0.285786514898357,0.018297815553913115,0.3333333333333333,0.16666666666666666,0.7170372315592903,-0.29497863879851455,0.373226371052458,-1.3064158064158065,0.662129377989593,0.02460547060354196,0.3333333333333333,0.5,0.35664976168335216,0.08400659614499714,-0.03166595360245872,0.7867451262188104,-0.37634286309123605,-0.006307655049628845
2021-06-21_Slovenia_United States,2021-06-21,Slovenia,United States,1,0.75,0.8333333333333334,1.3044318373586667,-0.23998800884217544,0.46779856983210116,-0.91046918767507,0.47057748340156946,0.020009713209965554,0.5,0.5,1.0544935134771796,-0.2039901790244256,0.5701662543109912,-0.7315270935960592,0.3656041376629611,0.007220898358408871,0.25,0.33333333333333337,0.24993832388148718,-0.03599782981774985,-0.10236768447889005,-0.17894209407901085,0.10497334573860834,0.012788814851556682
2021-06-21_Slovenia_United States,2021-06-21,United States,Slovenia,0,0.5,0.5,1.0544935134771796,-0.2039901790244256,0.5701662543109912,-0.7315270935960592,0.3656041376629611,0.007220898358408871,0.75,0.8333333333333334,1.3044318373586667,-0.23998800884217544,0.46779856983210116,-0.91046918767507,0.47057748340156946,0.020009713209965554,-0.25,-0.33333333333333337,-0.24993832388148718,0.03599782981774985,0.10236768447889005,0.17894209407901085,-0.10497334573860834,-0.012788814851556682
2021-06-22_Argentina_France,2021-06-22,Argentina,France,0,0.46153846153846156,0.6666666666666666,1.1917676767676768,-0.18970524362315402,0.47798017615859073,-1.155600118835413,0.3654264870931538,0.005664488017429195,0.6923076923076923,0.5,1.0329894179894181,-0.16242858456879866,0.5429174393990485,-0.4666884869889985,0.5685937971704663,0.0052743703398275095,-0.23076923076923073,0.16666666666666663,0.15877825877825869,-0.027276659054355362,-0.06493726324045773,-0.6889116318464146,-0.20316731007731254,0.0003901176776016854
2021-06-22_Argentina_France,2021-06-22,France,Argentina,1,0.6923076923076923,0.5,1.0329894179894181,-0.16242858456879866,0.5429174393990485,-0.4666884869889985,0.5685937971704663,0.0052743703398275095,0.46153846153846156,0.6666666666666666,1.1917676767676768,-0.18970524362315402,0.47798017615859073,-1.155600118835413,0.3654264870931538,0.005664488017429195,0.23076923076923073,-0.16666666666666663,-0.15877825877825869,0.027276659054355362,0.06493726324045773,0.6889116318464146,0.20316731007731254,-0.0003901176776016854
2021-06-22_Australia_Canada,2021-06-22,Australia,Canada,0,0.07692307692307693,0.16666666666666666,0.5321054511162818,-0.15564016715062653,0.5879504613498517,-1.1279761904761905,0.7611055996472663,0.011736418639403714,0.38461538461538464,0.5,1.0335489131133972,-0.1494850636857261,0.40754482739551795,-0.9792970989565416,0.39654677473826405,0.028640152625435174,-0.3076923076923077,-0.33333333333333337,-0.5014434619971154,-0.006155103464900447,0.1804056339543338,-0.14867909151964886,0.36455882490900227,-0.016903733986031462
2021-06-22_Australia_Canada,2021-06-22,Canada,Australia,1,0.38461538461538464,0.5,1.0335489131133972,-0.1494850636857261,0.40754482739551795,-0.9792970989565416,0.39654677473826405,0.028640152625435174,0.07692307692307693,0.16666666666666666,0.5321054511162818,-0.15564016715062653,0.5879504613498517,-1.1279761904761905,0.7611055996472663,0.011736418639403714,0.3076923076923077,0.33333333333333337,0.5014434619971154,0.006155103464900447,-0.1804056339543338,0.14867909151964886,-0.36455882490900227,0.016903733986031462
2021-06-22_Brazil_Germany,2021-06-22,Brazil,Germany,1,0.9230769230769231,1.0,1.390642883686362,-0.10786105212922363,0.4192978885961342,-0.9024410774410775,0.36715637955839525,0.00196078431372549,0.3076923076923077,0.16666666666666666,0.7156822180091548,-0.2923981894967538,0.39625374625374626,-1.3996697746697748,0.6636699942360916,0.021507447768677024,0.6153846153846154,0.8333333333333334,0.6749606656772072,0.18453713736753014,0.02304414234238794,0.49722869722869734,-0.2965136146776964,-0.019546663454951534
2021-06-22_Brazil_Germany,2021-06-22,Germany,Brazil,0,0.3076923076923077,0.16666666666666666,0.7156822180091548,-0.2923981894967538,0.39625374625374626,-1.3996697746697748,0.6636699942360916,0.021507447768677024,0.9230769230769231,1.0,1.390642883686362,-0.10786105212922363,0.4192978885961342,-0.9024410774410775,0.36715637955839525,0.00196078431372549,-0.6153846153846154,-0.8333333333333334,-0.6749606656772072,-0.18453713736753014,-0.02304414234238794,-0.49722869722869734,0.2965136146776964,0.019546663454951534
2021-06-22_Bulgaria_United States,2021-06-22,Bulgaria,United States,0,0.15384615384615385,0.16666666666666666,0.7291812274570896,-0.1708010623268614,0.18308791479523182,-0.9603535353535353,0.6065446810908272,0.018252760642620443,0.46153846153846156,0.5,1.0893083282919944,-0.20857701375831914,0.5620840195338411,-0.9026580459770116,0.3597217847217848,0.004906083543594056,-0.3076923076923077,-0.33333333333333337,-0.36012710083490485,0.03777595143145773,-0.37899610473860934,-0.05769548937652369,0.24682289636904237,0.013346677099026386
2021-06-22_Bulgaria_United States,2021-06-22,United States,Bulgaria,1,0.46153846153846156,0.5,1.0893083282919944,-0.20857701375831914,0.5620840195338411,-0.9026580459770116,0.3597217847217848,0.004906083543594056,0.15384615384615385,0.16666666666666666,0.7291812274570896,-0.1708010623268614,0.18308791479523182,-0.9603535353535353,0.6065446810908272,0.018252760642620443,0.3076923076923077,0.33333333333333337,0.36012710083490485,-0.03777595143145773,0.37899610473860934,0.05769548937652369,-0.24682289636904237,-0.013346677099026386
2021-06-22_Iran_Poland,2021-06-22,Iran,Poland,0,0.38461538461538464,0.0,0.9076898543565209,-0.21594520127224248,0.6743530297911463,-2.983333333333333,0.5923273871190537,0.022367743857843268,0.8461538461538461,0.8333333333333334,1.1829921730138353,-0.1817362153989078,0.3990473176097082,-0.9900560224089636,0.3974053717395993,0.0,-0.4615384615384615,-0.8333333333333334,-0.27530231865731436,-0.03420898587333468,0.2753057121814381,-1.9932773109243693,0.19492201537945447,0.022367743857843268
2021-06-22_Iran_Poland,2021-06-22,Poland,Iran,1,0.8461538461538461,0.8333333333333334,1.1829921730138353,-0.1817362153989078,0.3990473176097082,-0.9900560224089636,0.3974053717395993,0.0,0.38461538461538464,0.0,0.9076898543565209,-0.21594520127224248,0.6743530297911463,-2.983333333333333,0.5923273871190537,0.022367743857843268,0.4615384615384615,0.8333333333333334,0.27530231865731436,0.03420898587333468,-0.2753057121814381,1.9932773109243693,-0.19492201537945447,-0.022367743857843268
2021-06-22_Italy_Russia,2021-06-22,Italy,Russia,0,0.46153846153846156,0.5,0.9652412462089881,-0.14582216069223405,0.35762235449735447,-0.6045975629308963,0.37909670762890607,0.010595880858769217,0.6923076923076923,0.8333333333333334,1.1795182239687432,-0.1886754986178429,0.36212920051878233,-0.3757312862576021,0.2898687221055642,0.02071327449111118,-0.23076923076923073,-0.33333333333333337,-0.21427697775975507,0.04285333792560886,-0.004506846021427868,-0.22886627667329418,0.08922798552334188,-0.010117393632341962
2021-06-22_Italy_Russia,2021-06-22,Russia,Italy,1,0.6923076923076923,0.8333333333333334,1.1795182239687432,-0.1886754986178429,0.36212920051878233,-0.3757312862576021,0.2898687221055642,0.02071327449111118,0.46153846153846156,0.5,0.9652412462089881,-0.14582216069223405,0.35762235449735447,-0.6045975629308963,0.37909670762890607,0.010595880858769217,0.23076923076923073,0.33333333333333337,0.21427697775975507,-0.04285333792560886,0.004506846021427868,0.22886627667329418,-0.08922798552334188,0.010117393632341962
2021-06-22_Japan_Slovenia,2021-06-22,Japan,Slovenia,0,0.5384615384615384,0.5,0.9875722759769685,-0.19906908255964859,0.49854993507584133,-0.9474767063002356,0.36336558299655697,0.00893672800111432,0.7692307692307693,0.8333333333333334,1.191167410140751,-0.24889653858403857,0.4059948563042497,-0.9771358543417367,0.45697523199443996,0.021538765197733137,-0.23076923076923084,-0.33333333333333337,-0.2035951341637825,0.04982745602438998,0.09255507877159164,0.02965914804150105,-0.09360964899788299,-0.012602037196618817
2021-06-22_Japan_Slovenia,2021-06-22,Slovenia,Japan,1,0.7692307692307693,0.8333333333333334,1.191167410140751,-0.24889653858403857,0.4059948563042497,-0.9771358543417367,0.45697523199443996,0.021538765197733137,0.5384615384615384,0.5,0.9875722759769685,-0.19906908255964859,0.49854993507584133,-0.9474767063002356,0.36336558299655697,0.00893672800111432,0.23076923076923084,0.33333333333333337,0.2035951341637825,-0.04982745602438998,-0.09255507877159164,-0.02965914804150105,0.09360964899788299,0.012602037196618817
2021-06-22_Netherlands_Serbia,2021-06-22,Netherlands,Serbia,0,0.15384615384615385,0.16666666666666666,0.782162798663101,-0.20761442986797116,0.21329993247354273,-1.306450357920946,0.4158379733961129,0.009134279673224636,0.6923076923076923,0.6666666666666666,1.4887179487179487,-0.11997597830396288,0.36836891147545375,-0.5681241316303236,0.5902525252525254,0.009084302325581396,-0.5384615384615384,-0.5,-0.7065551500548477,-0.08763845156400828,-0.15506897900191102,-0.7383262262906225,-0.17441455185641247,4.9977347643240244e-05
2021-06-22_Netherlands_Serbia,2021-06-22,Serbia,Netherlands,1,0.6923076923076923,0.6666666666666666,1.4887179487179487,-0.11997597830396288,0.36836891147545375,-0.5681241316303236,0.5902525252525254,0.009084302325581396,0.15384615384615385,0.16666666666666666,0.782162798663101,-0.20761442986797116,0.21329993247354273,-1.306450357920946,0.4158379733961129,0.009134279673224636,0.5384615384615384,0.5,0.7065551500548477,0.08763845156400828,0.15506897900191102,0.7383262262906225,0.17441455185641247,-4.9977347643240244e-05
2021-06-23_Argentina_Iran,2021-06-23,Argentina,Iran,1,0.42857142857142855,0.5,1.0853574203574203,-0.21918637569862573,0.3415137678898568,-0.766711229946524,0.35670853837520494,0.008932461873638345,0.35714285714285715,0.0,0.7960782427449095,-0.2459452012722425,0.6232909382878784,-3.012626262626263,0.5157813841024625,0.024831094014055716,0.0714285714285714,0.5,0.2892791776125109,0.02675882557361678,-0.2817771703980216,2.245915032679739,-0.1590728457272576,-0.01589863214041737
2021-06-23_Argentina_Iran,2021-06-23,Iran,Argentina,0,0.35714285714285715,0.0,0.7960782427449095,-0.2459452012722425,0.6232909382878784,-3.012626262626263,0.5157813841024625,0.024831094014055716,0.42857142857142855,0.5,1.0853574203574203,-0.21918637569862573,0.3415137678898568,-0.766711229946524,0.35670853837520494,0.008932461873638345,-0.0714285714285714,-0.5,-0.2892791776125109,-0.02675882557361678,0.2817771703980216,-2.245915032679739,0.1590728457272576,0.01589863214041737
2021-06-23_Australia_Netherlands,2021-06-23,Australia,Netherlands,0,0.07142857142857142,0.16666666666666666,0.46385148286231365,-0.1816818338172932,0.5328517771393253,-1.3363095238095237,0.5420885056301723,0.01416697419495927,0.14285714285714285,0.16666666666666666,0.9910443776104695,-0.15703697068836145,0.25413326580687606,-1.118950357920946,0.4592407511738907,0.008627790277846352,-0.07142857142857142,0.0,-0.5271928947481559,-0.024644863128931743,0.27871851133244924,-0.21735916588857762,0.08284775445628162,0.005539183917112918
2021-06-23_Australia_Netherlands,2021-06-23,Netherlands,Australia,1,0.14285714285714285,0.16666666666666666,0.9910443776104695,-0.15703697068836145,0.25413326580687606,-1.118950357920946,0.4592407511738907,0.008627790277846352,0.07142857142857142,0.16666666666666666,0.46385148286231365,-0.1816818338172932,0.5328517771393253,-1.3363095238095237,0.5420885056301723,0.01416697419495927,0.07142857142857142,0.0,0.5271928947481559,0.024644863128931743,-0.27871851133244924,0.21735916588857762,-0.08284775445628162,-0.005539183917112918
2021-06-23_Brazil_Russia,2021-06-23,Brazil,Russia,0,0.9285714285714286,1.0,1.1327674258109042,-0.1448398548312968,0.5009589811267919,-1.0274410774410774,0.309917322319338,0.00196078431372549,0.7142857142857143,0.8333333333333334,1.1946301100483712,-0.18422393166627596,0.33671711260669435,-0.6249376354639513,0.24959094432778642,0.014615713515501423,0.2142857142857143,0.16666666666666663,-0.06186268423746699,0.03938407683497916,0.1642418685200976,-0.40250344197712606,0.06032637799155158,-0.012654929201775933
2021-06-23_Brazil_Russia,2021-06-23,Russia,Brazil,1,0.7142857142857143,0.8333333333333334,1.1946301100483712,-0.18422393166627596,0.33671711260669435,-0.6249376354639513,0.24959094432778642,0.014615713515501423,0.9285714285714286,1.0,1.1327674258109042,-0.1448398548312968,0.5009589811267919,-1.0274410774410774,0.309917322319338,0.00196078431372549,-0.2142857142857143,-0.16666666666666663,0.06186268423746699,-0.03938407683497916,-0.1642418685200976,0.40250344197712606,-0.06032637799155158,0.012654929201775933
2021-06-23_Bulgaria_Slovenia,2021-06-23,Bulgaria,Slovenia,0,0.14285714285714285,0.16666666666666666,0.6549876790699928,-0.1566463573826827,0.2090487425853279,-0.8992424242424243,0.5864912051549983,0.02330326569312549,0.7857142857142857,0.8333333333333334,1.2325706019504468,-0.18916604916604915,0.42777616141888813,-0.9648809523809524,0.46700029465108156,0.010680179339147278,-0.6428571428571428,-0.6666666666666667,-0.577582922880454,0.032519691783366445,-0.21872741883356023,0.06563852813852811,0.11949091050391675,0.012623086353978213
2021-06-23_Bulgaria_Slovenia,2021-06-23,Slovenia,Bulgaria,1,0.7857142857142857,0.8333333333333334,1.2325706019504468,-0.18916604916604915,0.42777616141888813,-0.9648809523809524,0.46700029465108156,0.010680179339147278,0.14285714285714285,0.16666666666666666,0.6549876790699928,-0.1566463573826827,0.2090487425853279,-0.8992424242424243,0.5864912051549983,0.02330326569312549,0.6428571428571428,0.6666666666666667,0.577582922880454,-0.032519691783366445,0.21872741883356023,-0.06563852813852811,-0.11949091050391675,-0.012623086353978213
2021-06-23_Canada_Serbia,2021-06-23,Canada,Serbia,1,0.42857142857142855,0.6666666666666666,1.1503592579409834,-0.15360920019464452,0.5068356075373619,-0.8959637656232083,0.30349121918270855,0.030230820706029022,0.7142857142857143,0.6666666666666666,1.522051282051282,-0.10840624722203668,0.3534735813627323,-0.7078902135016687,0.5862842712842712,0.013250968992248063,-0.28571428571428575,0.0,-0.37169202411029856,-0.045202952972607846,0.15336202617462957,-0.18807355212153964,-0.28279305210156264,0.01697985171378096
2021-06-23_Canada_Serbia,2021-06-23,Serbia,Canada,0,0.7142857142857143,0.6666666666666666,1.522051282051282,-0.10840624722203668,0.3534735813627323,-0.7078902135016687,0.5862842712842712,0.013250968992248063,0.42857142857142855,0.6666666666666666,1.1503592579409834,-0.15360920019464452,0.5068356075373619,-0.8959637656232083,0.30349121918270855,0.030230820706029022,0.28571428571428575,0.0,0.37169202411029856,0.045202952972607846,-0.15336202617462957,0.18807355212153964,0.28279305210156264,-0.01697985171378096
2021-06-23_France_Poland,2021-06-23,France,Poland,1,0.7142857142857143,0.6666666666666666,1.0592239858906527,-0.14711102541562307,0.4680819130832589,-0.4320669088891595,0.5146255432022123,0.011447209846000348,0.8571428571428571,0.8333333333333334,1.0673621889627987,-0.16490615003943063,0.37305641442582255,-1.0433382048471562,0.3827594688845752,0.003401360544217687,-0.1428571428571428,-0.16666666666666674,-0.008138203072145966,0.017795124623807557,0.09502549865743637,0.6112712959579967,0.13186607431763714,0.00804584930178266
2021-06-23_France_Poland,2021-06-23,Poland,France,0,0.8571428571428571,0.8333333333333334,1.0673621889627987,-0.16490615003943063,0.37305641442582255,-1.0433382048471562,0.3827594688845752,0.003401360544217687,0.7142857142857143,0.6666666666666666,1.0592239858906527,-0.14711102541562307,0.4680819130832589,-0.4320669088891595,0.5146255432022123,0.011447209846000348,0.1428571428571428,0.16666666666666674,0.008138203072145966,-0.017795124623807557,-0.09502549865743637,-0.6112712959579967,-0.13186607431763714,-0.00804584930178266
2021-06-23_Germany_Italy,2021-06-23,Germany,Italy,0,0.2857142857142857,0.16666666666666666,0.7935095989615357,-0.27259913512323136,0.45821955821955823,-1.564199689199689,0.7392872781867089,0.018239473912467875,0.42857142857142855,0.5,1.0155698005698006,-0.13776692478889688,0.37402222894807635,-0.5522166105499439,0.4023393380143936,0.012649419545971272,-0.14285714285714285,-0.33333333333333337,-0.2220602016082649,-0.13483221033433448,0.08419732927148188,-1.0119830786497452,0.33694794017231533,0.005590054366496603
2021-06-23_Germany_Italy,2021-06-23,Italy,Germany,1,0.42857142857142855,0.5,1.0155698005698006,-0.13776692478889688,0.37402222894807635,-0.5522166105499439,0.4023393380143936,0.012649419545971272,0.2857142857142857,0.16666666666666666,0.7935095989615357,-0.27259913512323136,0.45821955821955823,-1.564199689199689,0.7392872781867089,0.018239473912467875,0.14285714285714285,0.33333333333333337,0.2220602016082649,0.13483221033433448,-0.08419732927148188,1.0119830786497452,-0.33694794017231533,-0.005590054366496603
2021-06-23_Japan_United States,2021-06-23,Japan,United States,0,0.5,0.3333333333333333,0.942500591389155,-0.2005842340748001,0.4825242940502002,-1.1950957539192832,0.4283228479538219,0.012138008513319204,0.5,0.5,1.1144253993860769,-0.17581839306866398,0.6106554481052696,-0.9609913793103448,0.3919007169007169,0.004906083543594056,0.0,-0.16666666666666669,-0.1719248079969219,-0.02476584100613613,-0.12813115405506942,-0.2341043746089384,0.036422131053105045,0.007231924969725147
2021-06-23_Japan_United States,2021-06-23,United States,Japan,1,0.5,0.5,1.1144253993860769,-0.17581839306866398,0.6106554481052696,-0.9609913793103448,0.3919007169007169,0.004906083543594056,0.5,0.3333333333333333,0.942500591389155,-0.2005842340748001,0.4825242940502002,-1.1950957539192832,0.4283228479538219,0.012138008513319204,0.0,0.16666666666666669,0.1719248079969219,0.02476584100613613,0.12813115405506942,0.2341043746089384,-0.036422131053105045,-0.007231924969725147
2021-06-26_Brazil_France,2021-06-26,Brazil,France,1,0.8666666666666667,0.8333333333333334,1.071656314699793,-0.1399897666478753,0.4688438094767366,-1.1055296555296554,0.28389624195043156,0.00196078431372549,0.7333333333333333,0.6666666666666666,1.082259216242956,-0.16509883029367184,0.4854067291885628,-0.5113152749022315,0.46703424561091467,0.009420104552359667,0.13333333333333341,0.16666666666666674,-0.010602901543163012,0.025109063645796542,-0.01656291971182622,-0.5942143806274239,-0.1831380036604831,-0.007459320238634177
2021-06-26_Brazil_France,2021-06-26,France,Brazil,0,0.7333333333333333,0.6666666666666666,1.082259216242956,-0.16509883029367184,0.4854067291885628,-0.5113152749022315,0.46703424561091467,0.009420104552359667,0.8666666666666667,0.8333333333333334,1.071656314699793,-0.1399897666478753,0.4688438094767366,-1.1055296555296554,0.28389624195043156,0.00196078431372549,-0.13333333333333341,-0.16666666666666674,0.010602901543163012,-0.025109063645796542,0.01656291971182622,0.5942143806274239,0.1831380036604831,0.007459320238634177
2021-06-26_Poland_Slovenia,2021-06-26,Poland,Slovenia,1,0.8,0.8333333333333334,1.0942128522062733,-0.17059857258515665,0.3530223138290621,-0.5206109321198835,0.26184443620483666,0.005339345040341718,0.8,0.8333333333333334,1.2755570272898133,-0.16250228863132085,0.46262283605050897,-1.0305860805860807,0.48940235892506706,0.008925793374234997,0.0,0.0,-0.18134417508354006,-0.008096283953835798,-0.1096005222214469,0.5099751484661972,-0.2275579227202304,-0.0035864483338932784
2021-06-26_Poland_Slovenia,2021-06-26,Slovenia,Poland,0,0.8,0.8333333333333334,1.2755570272898133,-0.16250228863132085,0.46262283605050897,-1.0305860805860807,0.48940235892506706,0.008925793374234997,0.8,0.8333333333333334,1.0942128522062733,-0.17059857258515665,0.3530223138290621,-0.5206109321198835,0.26184443620483666,0.005339345040341718,0.0,0.0,0.18134417508354006,0.008096283953835798,0.1096005222214469,-0.5099751484661972,0.2275579227202304,0.0035864483338932784
2021-06-27_Brazil_Poland,2021-06-27,Brazil,Poland,1,0.875,0.8333333333333334,1.1907039337474121,-0.1483079759642697,0.46708014104640144,-0.9674825174825176,0.26722957528376484,0.004936974789915966,0.8125,0.8333333333333334,1.0751156299840512,-0.15890266615240814,0.3995204248433022,-0.44625195776090915,0.2636365509001771,0.005339345040341718,0.0625,0.0,0.11558830376336093,0.01059469018813844,0.06755971620309925,-0.5212305597216085,0.0035930243835877174,-0.00040237025042575217
2021-06-27_Brazil_Poland,2021-06-27,Poland,Brazil,0,0.8125,0.8333333333333334,1.0751156299840512,-0.15890266615240814,0.3995204248433022,-0.44625195776090915,0.2636365509001771,0.005339345040341718,0.875,0.8333333333333334,1.1907039337474121,-0.1483079759642697,0.46708014104640144,-0.9674825174825176,0.26722957528376484,0.004936974789915966,-0.0625,0.0,-0.11558830376336093,-0.01059469018813844,-0.06755971620309925,0.5212305597216085,-0.0035930243835877174,0.00040237025042575217
2021-06-27_France_Slovenia,2021-06-27,France,Slovenia,1,0.6875,0.6666666666666666,0.9262572321159719,-0.15898486599922332,0.5010050197868534,-0.6928628939498505,0.4737172788896926,0.009420104552359667,0.75,0.8333333333333334,1.215680484079937,-0.16486339974243194,0.452958777145769,-0.9191142191142191,0.45961840830778317,0.006642688351403948,-0.0625,-0.16666666666666674,-0.289423251963965,0.005878533743208625,0.048046242641084425,0.22625132516436863,0.01409887058190945,0.0027774162009557186
2021-06-27_France_Slovenia,2021-06-27,Slovenia,France,0,0.75,0.8333333333333334,1.215680484079937,-0.16486339974243194,0.452958777145769,-0.9191142191142191,0.45961840830778317,0.006642688351403948,0.6875,0.6666666666666666,0.9262572321159719,-0.15898486599922332,0.5010050197868534,-0.6928628939498505,0.4737172788896926,0.009420104552359667,0.0625,0.16666666666666674,0.289423251963965,-0.005878533743208625,-0.048046242641084425,-0.22625132516436863,-0.01409887058190945,-0.0027774162009557186
2022-06-07_Bulgaria_Serbia,2022-06-07,Bulgaria,Serbia,0,0.13333333333333333,0.0,0.596226995309309,-0.20343290416922952,0.2402258987624841,-1.0516233766233767,0.568498780912574,0.026408855755237295,0.6666666666666666,0.5,1.3575213675213673,-0.13765885735699976,0.3899399398629891,-0.5983664039778591,0.38670800009783063,0.016174945600435198,-0.5333333333333333,-0.5,-0.7612943722120583,-0.06577404681222976,-0.14971404110050499,-0.45325697264551756,0.18179078081474337,0.010233910154802097
2022-06-07_Bulgaria_Serbia,2022-06-07,Serbia,Bulgaria,1,0.6666666666666666,0.5,1.3575213675213673,-0.13765885735699976,0.3899399398629891,-0.5983664039778591,0.38670800009783063,0.016174945600435198,0.13333333333333333,0.0,0.596226995309309,-0.20343290416922952,0.2402258987624841,-1.0516233766233767,0.568498780912574,0.026408855755237295,0.5333333333333333,0.5,0.7612943722120583,0.06577404681222976,0.14971404110050499,0.45325697264551756,-0.18179078081474337,-0.010233910154802097
2022-06-07_Canada_Germany,2022-06-07,Canada,Germany,0,0.4666666666666667,0.8333333333333334,1.1263532564406082,-0.13873808320852424,0.48606041373891234,-0.8433996630591057,0.30249582289055976,0.02828057824345259,0.26666666666666666,0.0,0.6954703832752612,-0.2669065932663059,0.4619232619232619,-1.639957264957265,0.6789302077870336,0.01995768697088712,0.2,0.8333333333333334,0.430882873165347,0.12816851005778165,0.02413715181565046,0.7965576018981592,-0.37643438489647385,0.008322891272565469
2022-06-07_Canada_Germany,2022-06-07,Germany,Canada,1,0.26666666666666666,0.0,0.6954703832752612,-0.2669065932663059,0.4619232619232619,-1.639957264957265,0.6789302077870336,0.01995768697088712,0.4666666666666667,0.8333333333333334,1.1263532564406082,-0.13873808320852424,0.48606041373891234,-0.8433996630591057,0.30249582289055976,0.02828057824345259,-0.2,-0.8333333333333334,-0.430882873165347,-0.12816851005778165,-0.02413715181565046,-0.7965576018981592,0.37643438489647385,-0.008322891272565469
2022-06-07_Slovenia_United States,2022-06-07,Slovenia,United States,0,0.7058823529411765,0.6666666666666666,1.0794797672340588,-0.1667152515942838,0.3876809993679912,-1.1274475524475525,0.4038491775385524,0.006642688351403948,0.5333333333333333,0.6666666666666666,1.223709025117071,-0.18909582144043194,0.5973351102235283,-0.6693247126436782,0.3174240663371098,0.004906083543594056,0.1725490196078432,0.0,-0.14422925788301222,0.02238056984614814,-0.20965411085553703,-0.45812283980387425,0.08642511120144258,0.001736604807809892
2022-06-07_Slovenia_United States,2022-06-07,United States,Slovenia,1,0.5333333333333333,0.6666666666666666,1.223709025117071,-0.18909582144043194,0.5973351102235283,-0.6693247126436782,0.3174240663371098,0.004906083543594056,0.7058823529411765,0.6666666666666666,1.0794797672340588,-0.1667152515942838,0.3876809993679912,-1.1274475524475525,0.4038491775385524,0.006642688351403948,-0.1725490196078432,0.0,0.14422925788301222,-0.02238056984614814,0.20965411085553703,0.45812283980387425,-0.08642511120144258,-0.001736604807809892
2022-06-08_Argentina_Poland,2022-06-08,Argentina,Poland,0,0.4666666666666667,0.5,1.195774087024087,-0.24207304974809052,0.2774310805513555,-0.8744553376906317,0.35044751544751546,0.011313414254590726,0.7647058823529411,0.6666666666666666,0.9728934077618289,-0.1737593307265868,0.3751335798042832,-0.5106777280690323,0.2932991389609854,0.007503847204843883,-0.29803921568627445,-0.16666666666666663,0.22288067926225807,-0.06831371902150371,-0.09770249925292768,-0.36377760962159933,0.05714837648653004,0.0038095670497468427
2022-06-08_Argentina_Poland,2022-06-08,Poland,Argentina,1,0.7647058823529411,0.6666666666666666,0.9728934077618289,-0.1737593307265868,0.3751335798042832,-0.5106777280690323,0.2932991389609854,0.007503847204843883,0.4666666666666667,0.5,1.195774087024087,-0.24207304974809052,0.2774310805513555,-0.8744553376906317,0.35044751544751546,0.011313414254590726,0.29803921568627445,0.16666666666666663,-0.22288067926225807,0.06831371902150371,0.09770249925292768,0.36377760962159933,-0.05714837648653004,-0.0038095670497468427
2022-06-08_Australia_Brazil,2022-06-08,Australia,Brazil,0,0.06666666666666667,0.16666666666666666,0.5254106226472598,-0.1779192920112731,0.590737956001114,-1.5625,0.5758766797692236,0.009191849816849817,0.8823529411764706,0.8333333333333334,1.272608695652174,-0.1456443534376335,0.4713536453199057,-0.8066982037570273,0.28171831651669216,0.004936974789915966,-0.8156862745098039,-0.6666666666666667,-0.7471980730049143,-0.03227493857363961,0.1193843106812083,-0.7558017962429727,0.2941583632525315,0.004254875026933851
2022-06-08_Australia_Brazil,2022-06-08,Brazil,Australia,1,0.8823529411764706,0.8333333333333334,1.272608695652174,-0.1456443534376335,0.4713536453199057,-0.8066982037570273,0.28171831651669216,0.004936974789915966,0.06666666666666667,0.16666666666666666,0.5254106226472598,-0.1779192920112731,0.590737956001114,-1.5625,0.5758766797692236,0.009191849816849817,0.8156862745098039,0.6666666666666667,0.7471980730049143,0.03227493857363961,-0.1193843106812083,0.7558017962429727,-0.2941583632525315,-0.004254875026933851
2022-06-08_France_Italy,2022-06-08,France,Italy,1,0.7058823529411765,0.6666666666666666,1.0770508829096226,-0.15600867552303285,0.5079494642312978,-0.6832010582010581,0.46394716394716395,0.007891052564592082,0.4666666666666667,0.5,0.9055698005698005,-0.13660548460306646,0.34202818132902874,-0.5382772166105498,0.37034529039534597,0.016312423208974938,0.23921568627450984,0.16666666666666663,0.17148108233982207,-0.019403190919966395,0.1659212829022691,-0.1449238415905083,0.09360187355181798,-0.008421370644382855
2022-06-08_France_Italy,2022-06-08,Italy,France,0,0.4666666666666667,0.5,0.9055698005698005,-0.13660548460306646,0.34202818132902874,-0.5382772166105498,0.37034529039534597,0.016312423208974938,0.7058823529411765,0.6666666666666666,1.0770508829096226,-0.15600867552303285,0.5079494642312978,-0.6832010582010581,0.46394716394716395,0.007891052564592082,-0.23921568627450984,-0.16666666666666663,-0.17148108233982207,0.019403190919966395,-0.1659212829022691,0.1449238415905083,-0.09360187355181798,0.008421370644382855
2022-06-08_Japan_Netherlands,2022-06-08,Japan,Netherlands,1,0.4666666666666667,0.3333333333333333,0.945832591922275,-0.2041245390856933,0.5552887592752148,-1.1900452488687783,0.48978285868919497,0.010454506829817517,0.2,0.3333333333333333,0.9620213891047223,-0.1509145217087696,0.40715050718618634,-1.038558201058201,0.4519578380086246,0.008627790277846352,0.26666666666666666,0.0,-0.016188797182447368,-0.05321001737692371,0.14813825208902848,-0.1514870478105772,0.037825020680570365,0.0018267165519711658
2022-06-08_Japan_Netherlands,2022-06-08,Netherlands,Japan,0,0.2,0.3333333333333333,0.9620213891047223,-0.1509145217087696,0.40715050718618634,-1.038558201058201,0.4519578380086246,0.008627790277846352,0.4666666666666667,0.3333333333333333,0.945832591922275,-0.2041245390856933,0.5552887592752148,-1.1900452488687783,0.48978285868919497,0.010454506829817517,-0.26666666666666666,0.0,0.016188797182447368,0.05321001737692371,-0.14813825208902848,0.1514870478105772,-0.037825020680570365,-0.0018267165519711658
2022-06-09_Argentina_Germany,2022-06-09,Argentina,Germany,1,0.4375,0.3333333333333333,1.003836102527963,-0.24955604294536937,0.2361612392815143,-0.8327886710239651,0.41606748324139625,0.011313414254590726,0.3125,0.16666666666666666,0.7192799070847852,-0.2289877220141013,0.44783224783224784,-1.528846153846154,0.47180460392229917,0.022782545727949268,0.125,0.16666666666666666,0.2845561954431778,-0.020568320931268064,-0.21167100855073354,0.6960574828221888,-0.05573712068090292,-0.011469131473358542
2022-06-09_Argentina_Germany,2022-06-09,Germany,Argentina,0,0.3125,0.16666666666666666,0.7192799070847852,-0.2289877220141013,0.44783224783224784,-1.528846153846154,0.47180460392229917,0.022782545727949268,0.4375,0.3333333333333333,1.003836102527963,-0.24955604294536937,0.2361612392815143,-0.8327886710239651,0.41606748324139625,0.011313414254590726,-0.125,-0.16666666666666666,-0.2845561954431778,0.020568320931268064,0.21167100855073354,-0.6960574828221888,0.05573712068090292,0.011469131473358542
2022-06-09_Brazil_Slovenia,2022-06-09,Brazil,Slovenia,1,0.8888888888888888,0.8333333333333334,1.0983744614179398,-0.14325906416709835,0.452138941894676,-0.7839709310297547,0.2736576242454736,0.009987479840421016,0.6666666666666666,0.5,0.9136067513610429,-0.16683708395295826,0.2751809993679912,-0.8024475524475525,0.3114530679010634,0.004559355018070615,0.2222222222222222,0.33333333333333337,0.18476771005689696,0.02357801978585991,0.17695794252668484,0.018476621417797823,-0.037795443655589844,0.005428124822350402
2022-06-09_Brazil_Slovenia,2022-06-09,Slovenia,Brazil,0,0.6666666666666666,0.5,0.9136067513610429,-0.16683708395295826,0.2751809993679912,-0.8024475524475525,0.3114530679010634,0.004559355018070615,0.8888888888888888,0.8333333333333334,1.0983744614179398,-0.14325906416709835,0.452138941894676,-0.7839709310297547,0.2736576242454736,0.009987479840421016,-0.2222222222222222,-0.33333333333333337,-0.18476771005689696,-0.02357801978585991,-0.17695794252668484,-0.018476621417797823,0.037795443655589844,-0.005428124822350402
2022-06-09_China_Japan,2022-06-09,China,Japan,0,0.0,0.0,1.3043478260869563,-0.1166666666666666,0.0,-0.75,0.3333333333333333,0.11764705882352941,0.5,0.3333333333333333,0.8970230681127512,-0.2071947145242898,0.4290049124031326,-1.2351841377576671,0.4436621690340225,0.012905487221974382,-0.5,-0.3333333333333333,0.4073247579742051,0.09052804785762321,-0.4290049124031326,0.4851841377576671,-0.11032883570068919,0.10474157160155503
2022-06-09_China_Japan,2022-06-09,Japan,China,1,0.5,0.3333333333333333,0.8970230681127512,-0.2071947145242898,0.4290049124031326,-1.2351841377576671,0.4436621690340225,0.012905487221974382,0.0,0.0,1.3043478260869563,-0.1166666666666666,0.0,-0.75,0.3333333333333333,0.11764705882352941,0.5,0.3333333333333333,-0.4073247579742051,-0.09052804785762321,0.4290049124031326,-0.4851841377576671,0.11032883570068919,-0.10474157160155503
2022-06-09_France_Serbia,2022-06-09,France,Serbia,1,0.7222222222222222,0.8333333333333334,1.0331293142821718,-0.15490638275407342,0.520168428063165,-0.6085257335257336,0.3629667717903012,0.012793013348905808,0.6875,0.6666666666666666,1.3741880341880341,-0.11063183032997274,0.36818511977844426,-0.5608420375061242,0.5984039065305792,0.02086978128118637,0.03472222222222221,0.16666666666666674,-0.34105871990586234,-0.04427455242410068,0.15198330828472073,-0.04768369601960942,-0.235437134740278,-0.008076767932280562
2022-06-09_France_Serbia,2022-06-09,Serbia,France,0,0.6875,0.6666666666666666,1.3741880341880341,-0.11063183032997274,0.36818511977844426,-0.5608420375061242,0.5984039065305792,0.02086978128118637,0.7222222222222222,0.8333333333333334,1.0331293142821718,-0.15490638275407342,0.520168428063165,-0.6085257335257336,0.3629667717903012,0.012793013348905808,-0.03472222222222221,-0.16666666666666674,0.34105871990586234,0.04427455242410068,-0.15198330828472073,0.04768369601960942,0.235437134740278,0.008076767932280562
2022-06-09_Italy_Poland,2022-06-09,Italy,Poland,1,0.4375,0.5,0.908670575763599,-0.16082274805229668,0.31345675275760015,-0.5104994388327722,0.34825477315396663,0.01971378375319262,0.7777777777777778,0.6666666666666666,0.9571845955012925,-0.17454496484555426,0.39448342500552164,-0.49480471219601657,0.29655239221423874,0.010377410423234689,-0.3402777777777778,-0.16666666666666663,-0.04851401973769354,0.01372221679325758,-0.08102667224792148,-0.015694726636755585,0.0517023809397279,0.009336373329957933
2022-06-09_Italy_Poland,2022-06-09,Poland,Italy,0,0.7777777777777778,0.6666666666666666,0.9571845955012925,-0.17454496484555426,0.39448342500552164,-0.49480471219601657,0.29655239221423874,0.010377410423234689,0.4375,0.5,0.908670575763599,-0.16082274805229668,0.31345675275760015,-0.5104994388327722,0.34825477315396663,0.01971378375319262,0.3402777777777778,0.16666666666666663,0.04851401973769354,-0.01372221679325758,0.08102667224792148,0.015694726636755585,-0.0517023809397279,-0.009336373329957933
2022-06-09_Netherlands_United States,2022-06-09,Netherlands,United States,0,0.1875,0.16666666666666666,0.9251845522678855,-0.16636302669215833,0.41695442875481387,-1.029298941798942,0.4381504088786148,0.009386976430290931,0.5625,0.6666666666666666,1.2328521808119508,-0.18761433995895047,0.562078699967118,-0.6276580459770115,0.29763642154946507,0.0020325203252032522,-0.375,-0.5,-0.30766762854406526,0.021251313266792138,-0.14512427121230415,-0.4016408958219305,0.14051398732914971,0.007354456105087679
2022-06-09_Netherlands_United States,2022-06-09,United States,Netherlands,1,0.5625,0.6666666666666666,1.2328521808119508,-0.18761433995895047,0.562078699967118,-0.6276580459770115,0.29763642154946507,0.0020325203252032522,0.1875,0.16666666666666666,0.9251845522678855,-0.16636302669215833,0.41695442875481387,-1.029298941798942,0.4381504088786148,0.009386976430290931,0.375,0.5,0.30766762854406526,-0.021251313266792138,0.14512427121230415,0.4016408958219305,-0.14051398732914971,-0.007354456105087679
2022-06-10_Argentina_Serbia,2022-06-10,Argentina,Serbia,0,0.47058823529411764,0.5,1.054214890406751,-0.23321881019022614,0.24189585019905202,-0.8985294117647059,0.4560674832413963,0.009352629940865236,0.6470588235294118,0.5,1.139370220422852,-0.14508733846969143,0.32880280983692384,-0.573350489162649,0.645903906530579,0.018977939273065292,-0.17647058823529416,0.0,-0.08515533001610098,-0.0881314717205347,-0.08690695963787182,-0.32517892260205694,-0.18983642328918277,-0.009625309332200056
2022-06-10_Argentina_Serbia,2022-06-10,Serbia,Argentina,1,0.6470588235294118,0.5,1.139370220422852,-0.14508733846969143,0.32880280983692384,-0.573350489162649,0.645903906530579,0.018977939273065292,0.47058823529411764,0.5,1.054214890406751,-0.23321881019022614,0.24189585019905202,-0.8985294117647059,0.4560674832413963,0.009352629940865236,0.17647058823529416,0.0,0.08515533001610098,0.0881314717205347,0.08690695963787182,0.32517892260205694,0.18983642328918277,0.009625309332200056
2022-06-10_Australia_Slovenia,2022-06-10,Australia,Slovenia,0,0.0625,0.0,0.500542897779535,-0.23704627613825724,0.4277749930381509,-1.419642857142857,0.45965093021014075,0.013437238930659984,0.631578947368421,0.3333333333333333,0.883484935192715,-0.17953349248270015,0.2770194125271591,-0.820966070966071,0.2839542635012547,0.009974747474747475,-0.569078947368421,-0.3333333333333333,-0.38294203741318,-0.05751278365555709,0.1507555805109918,-0.598676786176786,0.17569666670888606,0.003462491455912509
2022-06-10_Australia_Slovenia,2022-06-10,Slovenia,Australia,1,0.631578947368421,0.3333333333333333,0.883484935192715,-0.17953349248270015,0.2770194125271591,-0.820966070966071,0.2839542635012547,0.009974747474747475,0.0625,0.0,0.500542897779535,-0.23704627613825724,0.4277749930381509,-1.419642857142857,0.45965093021014075,0.013437238930659984,0.569078947368421,0.3333333333333333,0.38294203741318,0.05751278365555709,-0.1507555805109918,0.598676786176786,-0.17569666670888606,-0.003462491455912509
2022-06-10_Bulgaria_Germany,2022-06-10,Bulgaria,Germany,0,0.125,0.0,0.6667131064204201,-0.19464901805685633,0.1720302914332765,-1.0164926576691282,0.915050505050505,0.032288134563703455,0.29411764705882354,0.16666666666666666,0.7240418118466899,-0.21137153011005336,0.33059429452872074,-1.0818764568764567,0.43815381027150563,0.016216599402966794,-0.16911764705882354,-0.16666666666666666,-0.05732870542626978,0.016722512053197025,-0.15856400309544424,0.06538379920732851,0.4768966947789994,0.01607153516073666
2022-06-10_Bulgaria_Germany,2022-06-10,Germany,Bulgaria,1,0.29411764705882354,0.16666666666666666,0.7240418118466899,-0.21137153011005336,0.33059429452872074,-1.0818764568764567,0.43815381027150563,0.016216599402966794,0.125,0.0,0.6667131064204201,-0.19464901805685633,0.1720302914332765,-1.0164926576691282,0.915050505050505,0.032288134563703455,0.16911764705882354,0.16666666666666666,0.05732870542626978,-0.016722512053197025,0.15856400309544424,-0.06538379920732851,-0.4768966947789994,-0.01607153516073666
2022-06-10_Canada_France,2022-06-10,Canada,France,0,0.4375,0.8333333333333334,1.1206061300038268,-0.12773432582795527,0.4836361713146698,-0.7990526845016009,0.33027360066833755,0.028964840218037146,0.7368421052631579,0.8333333333333334,0.8936494088448194,-0.15339123123892193,0.46648028613972886,-0.672017797017797,0.3250038088273382,0.016126346682239143,-0.29934210526315785,0.0,0.22695672115900745,0.025656905410966657,0.017155885174940932,-0.12703488748380398,0.005269791840999349,0.012838493535798003
2022-06-10_Canada_France,2022-06-10,France,Canada,1,0.7368421052631579,0.8333333333333334,0.8936494088448194,-0.15339123123892193,0.46648028613972886,-0.672017797017797,0.3250038088273382,0.016126346682239143,0.4375,0.8333333333333334,1.1206061300038268,-0.12773432582795527,0.4836361713146698,-0.7990526845016009,0.33027360066833755,0.028964840218037146,0.29934210526315785,0.0,-0.22695672115900745,-0.025656905410966657,-0.017155885174940932,0.12703488748380398,-0.005269791840999349,-0.012838493535798003
2022-06-10_Iran_Netherlands,2022-06-10,Iran,Netherlands,0,0.375,0.16666666666666666,0.8994702271046356,-0.18198080597386154,0.5259401561671205,-3.1015151515151516,0.46480797479571995,0.03893064496062159,0.17647058823529413,0.16666666666666666,0.8603171280254615,-0.17887592658895912,0.40854173034211544,-1.021362433862434,0.45091830673543193,0.027502918459276438,0.19852941176470587,0.0,0.03915309907917419,-0.0031048793849024203,0.11739842582500509,-2.0801527176527177,0.013889668060288018,0.011427726501345152
2022-06-10_Iran_Netherlands,2022-06-10,Netherlands,Iran,1,0.17647058823529413,0.16666666666666666,0.8603171280254615,-0.17887592658895912,0.40854173034211544,-1.021362433862434,0.45091830673543193,0.027502918459276438,0.375,0.16666666666666666,0.8994702271046356,-0.18198080597386154,0.5259401561671205,-3.1015151515151516,0.46480797479571995,0.03893064496062159,-0.19852941176470587,0.0,-0.03915309907917419,0.0031048793849024203,-0.11739842582500509,2.0801527176527177,-0.013889668060288018,-0.011427726501345152
2022-06-10_Japan_United States,2022-06-10,Japan,United States,0,0.5294117647058824,0.5,1.0990199959161309,-0.1604154464335463,0.5097066667890975,-1.2736456762192057,0.4229550983269519,0.009700359016846176,0.5882352941176471,0.8333333333333334,1.4623540965207633,-0.15078024559060954,0.5341620333004514,-0.6114615987460815,0.28926173172316233,0.0020325203252032522,-0.05882352941176472,-0.33333333333333337,-0.36333410060463245,-0.009635200842936759,-0.024455366511353938,-0.6621840774731241,0.13369336660378955,0.007667838691642923
2022-06-10_Japan_United States,2022-06-10,United States,Japan,1,0.5882352941176471,0.8333333333333334,1.4623540965207633,-0.15078024559060954,0.5341620333004514,-0.6114615987460815,0.28926173172316233,0.0020325203252032522,0.5294117647058824,0.5,1.0990199959161309,-0.1604154464335463,0.5097066667890975,-1.2736456762192057,0.4229550983269519,0.009700359016846176,0.05882352941176472,0.33333333333333337,0.36333410060463245,0.009635200842936759,0.024455366511353938,0.6621840774731241,-0.13369336660378955,-0.007667838691642923
2022-06-11_Australia_Iran,2022-06-11,Australia,Iran,0,0.058823529411764705,0.0,0.5170772893139265,-0.24800621566962533,0.4128356839811948,-1.433531746031746,0.4404201609793715,0.018463693957115012,0.35294117647058826,0.16666666666666666,0.9481122024132778,-0.13543318692624248,0.42199278774606785,-1.843939393939394,0.46338752025026536,0.042634348664325285,-0.29411764705882354,-0.16666666666666666,-0.43103491309935127,-0.11257302874338285,-0.009157103764873054,0.41040764790764794,-0.022967359270893883,-0.024170654707210273
2022-06-11_Australia_Iran,2022-06-11,Iran,Australia,1,0.35294117647058826,0.16666666666666666,0.9481122024132778,-0.13543318692624248,0.42199278774606785,-1.843939393939394,0.46338752025026536,0.042634348664325285,0.058823529411764705,0.0,0.5170772893139265,-0.24800621566962533,0.4128356839811948,-1.433531746031746,0.4404201609793715,0.018463693957115012,0.29411764705882354,0.16666666666666666,0.43103491309935127,0.11257302874338285,0.009157103764873054,-0.41040764790764794,0.022967359270893883,0.024170654707210273
2022-06-11_Brazil_United States,2022-06-11,Brazil,United States,0,0.8947368421052632,0.8333333333333334,1.1232370301335821,-0.13459997072684884,0.4408928780170332,-0.7589709310297547,0.2649535623499223,0.008026695526695526,0.6111111111111112,0.8333333333333334,1.325647747314414,-0.17286182083674173,0.5057529423913605,-0.5750631313131314,0.28047385293528354,0.0,0.283625730994152,0.0,-0.2024107171808318,0.038261850109892886,-0.06486006437432729,-0.1839077997166233,-0.015520290585361252,0.008026695526695526
2022-06-11_Brazil_United States,2022-06-11,United States,Brazil,1,0.6111111111111112,0.8333333333333334,1.325647747314414,-0.17286182083674173,0.5057529423913605,-0.5750631313131314,0.28047385293528354,0.0,0.8947368421052632,0.8333333333333334,1.1232370301335821,-0.13459997072684884,0.4408928780170332,-0.7589709310297547,0.2649535623499223,0.008026695526695526,-0.283625730994152,0.0,0.2024107171808318,-0.038261850109892886,0.06486006437432729,0.1839077997166233,0.015520290585361252,-0.008026695526695526
2022-06-11_Bulgaria_Poland,2022-06-11,Bulgaria,Poland,0,0.11764705882352941,0.0,0.7339399971767225,-0.2019589595773242,0.1947575641605492,-0.9524829958333795,0.8813203463203464,0.03101725584184434,0.7368421052631579,0.5,0.9069930246200664,-0.19947644281308538,0.38879715049571767,-0.45480471219601654,0.32993052841495557,0.013778770967452376,-0.6191950464396284,-0.5,-0.17305302744334383,-0.002482516764238829,-0.19403958633516846,-0.49767828363736294,0.5513898179053909,0.017238484874391967
2022-06-11_Bulgaria_Poland,2022-06-11,Poland,Bulgaria,1,0.7368421052631579,0.5,0.9069930246200664,-0.19947644281308538,0.38879715049571767,-0.45480471219601654,0.32993052841495557,0.013778770967452376,0.11764705882352941,0.0,0.7339399971767225,-0.2019589595773242,0.1947575641605492,-0.9524829958333795,0.8813203463203464,0.03101725584184434,0.6191950464396284,0.5,0.17305302744334383,0.002482516764238829,0.19403958633516846,0.49767828363736294,-0.5513898179053909,-0.017238484874391967
2022-06-11_Canada_Italy,2022-06-11,Canada,Italy,0,0.4117647058823529,0.6666666666666666,1.044287387018417,-0.1352956423866031,0.3848707392159045,-0.4335556084782091,0.3075463279410648,0.04212273495487925,0.47058823529411764,0.5,0.8908835579765814,-0.1915245024382616,0.3003805116228484,-0.6640347923681257,0.384551069450263,0.02062293369799423,-0.05882352941176472,0.16666666666666663,0.1534038290418357,0.0562288600516585,0.08449022759305608,0.23047918388991656,-0.07700474150919823,0.021499801256885016
2022-06-11_Canada_Italy,2022-06-11,Italy,Canada,1,0.47058823529411764,0.5,0.8908835579765814,-0.1915245024382616,0.3003805116228484,-0.6640347923681257,0.384551069450263,0.02062293369799423,0.4117647058823529,0.6666666666666666,1.044287387018417,-0.1352956423866031,0.3848707392159045,-0.4335556084782091,0.3075463279410648,0.04212273495487925,0.05882352941176472,-0.16666666666666663,-0.1534038290418357,-0.0562288600516585,-0.08449022759305608,-0.23047918388991656,0.07700474150919823,-0.021499801256885016
2022-06-11_China_Slovenia,2022-06-11,China,Slovenia,0,0.0,0.0,1.0688405797101448,-0.1989583333333333,0.11627906976744184,-0.8083333333333333,0.3508771929824561,0.06993464052287582,0.65,0.3333333333333333,1.0080310499349083,-0.20834542129462896,0.29323965062239715,-0.7912041662041661,0.2428287223757136,0.01736111111111111,-0.65,-0.3333333333333333,0.06080952977523646,0.00938708796129567,-0.1769605808549553,-0.017129167129167233,0.10804847060674252,0.05257352941176471
2022-06-11_China_Slovenia,2022-06-11,Slovenia,China,1,0.65,0.3333333333333333,1.0080310499349083,-0.20834542129462896,0.29323965062239715,-0.7912041662041661,0.2428287223757136,0.01736111111111111,0.0,0.0,1.0688405797101448,-0.1989583333333333,0.11627906976744184,-0.8083333333333333,0.3508771929824561,0.06993464052287582,0.65,0.3333333333333333,-0.06080952977523646,-0.00938708796129567,0.1769605808549553,0.017129167129167233,-0.10804847060674252,-0.05257352941176471
2022-06-11_Germany_Serbia,2022-06-11,Germany,Serbia,1,0.3333333333333333,0.3333333333333333,0.8313334785133565,-0.19867575412524083,0.3486718959396555,-1.0113636363636365,0.4261879983056936,0.015138083440930558,0.6666666666666666,0.6666666666666666,1.1559358769885086,-0.11597341441905847,0.30372564934309665,-0.4962560150093512,0.6826102557369284,0.025513886985483594,-0.3333333333333333,-0.3333333333333333,-0.32460239847515215,-0.08270233970618236,0.044946246596558825,-0.5151076213542853,-0.25642225743123476,-0.010375803544553036
2022-06-11_Germany_Serbia,2022-06-11,Serbia,Germany,0,0.6666666666666666,0.6666666666666666,1.1559358769885086,-0.11597341441905847,0.30372564934309665,-0.4962560150093512,0.6826102557369284,0.025513886985483594,0.3333333333333333,0.3333333333333333,0.8313334785133565,-0.19867575412524083,0.3486718959396555,-1.0113636363636365,0.4261879983056936,0.015138083440930558,0.3333333333333333,0.3333333333333333,0.32460239847515215,0.08270233970618236,-0.044946246596558825,0.5151076213542853,0.25642225743123476,0.010375803544553036
2022-06-12_Argentina_Italy,2022-06-12,Argentina,Italy,0,0.4444444444444444,0.3333333333333333,0.953457314649175,-0.23130908796800395,0.17832848777020952,-0.8164587046939987,0.4977341499080629,0.005648926237161531,0.5,0.5,0.9289787960718193,-0.1999447109386626,0.2034506870614449,-0.6640347923681257,0.29888798701298697,0.017255930330990862,-0.05555555555555558,-0.16666666666666669,0.024478518577355723,-0.03136437702934136,-0.02512219929123538,-0.15242391232587305,0.19884616289507595,-0.01160700409382933
2022-06-12_Argentina_Italy,2022-06-12,Italy,Argentina,1,0.5,0.5,0.9289787960718193,-0.1999447109386626,0.2034506870614449,-0.6640347923681257,0.29888798701298697,0.017255930330990862,0.4444444444444444,0.3333333333333333,0.953457314649175,-0.23130908796800395,0.17832848777020952,-0.8164587046939987,0.4977341499080629,0.005648926237161531,0.05555555555555558,0.16666666666666669,-0.024478518577355723,0.03136437702934136,0.02512219929123538,0.15242391232587305,-0.19884616289507595,0.01160700409382933
2022-06-12_Australia_Netherlands,2022-06-12,Australia,Netherlands,0,0.05555555555555555,0.0,0.5081687959736739,-0.2563395490029587,0.4406134617589726,-1.2533846872082164,0.4247951609793715,0.021865054501332696,0.2222222222222222,0.3333333333333333,1.054627380306728,-0.20268545039848293,0.4034978706929926,-0.878505291005291,0.45091830673543204,0.030904279003494125,-0.16666666666666666,-0.3333333333333333,-0.5464585843330542,-0.05365409860447576,0.03711559106598,-0.37487939620292543,-0.026123145756060562,-0.009039224502161429
2022-06-12_Australia_Netherlands,2022-06-12,Netherlands,Australia,1,0.2222222222222222,0.3333333333333333,1.054627380306728,-0.20268545039848293,0.4034978706929926,-0.878505291005291,0.45091830673543204,0.030904279003494125,0.05555555555555555,0.0,0.5081687959736739,-0.2563395490029587,0.4406134617589726,-1.2533846872082164,0.4247951609793715,0.021865054501332696,0.16666666666666666,0.3333333333333333,0.5464585843330542,0.05365409860447576,-0.03711559106598,0.37487939620292543,0.026123145756060562,0.009039224502161429
2022-06-12_Brazil_China,2022-06-12,Brazil,China,0,0.85,0.6666666666666666,1.1829772898738418,-0.1424563119165234,0.37382534795227834,-0.4564346991456965,0.2907111381074981,0.011056998556998557,0.0,0.0,1.0354770531400965,-0.16967592592592587,0.17522052927024856,-1.038888888888889,0.331140350877193,0.07178032638631972,0.85,0.6666666666666666,0.14750023673374524,0.027219614009402482,0.19860481868202978,0.5824541897431925,-0.04042921276969491,-0.06072332782932116
2022-06-12_Brazil_China,2022-06-12,China,Brazil,1,0.0,0.0,1.0354770531400965,-0.16967592592592587,0.17522052927024856,-1.038888888888889,0.331140350877193,0.07178032638631972,0.85,0.6666666666666666,1.1829772898738418,-0.1424563119165234,0.37382534795227834,-0.4564346991456965,0.2907111381074981,0.011056998556998557,-0.85,-0.6666666666666666,-0.14750023673374524,-0.027219614009402482,-0.19860481868202978,-0.5824541897431925,0.04042921276969491,0.06072332782932116
2022-06-12_Bulgaria_Canada,2022-06-12,Bulgaria,Canada,0,0.1111111111111111,0.0,0.7760855910464545,-0.22112478193463592,0.21495958436256937,-0.8052607736111573,0.8849435347261435,0.025640911755822837,0.3888888888888889,0.5,0.9178984981295281,-0.14903190612286685,0.35183602477021575,-0.7570850202429149,0.3121356999217411,0.035586787242460956,-0.2777777777777778,-0.5,-0.1418129070830736,-0.07209287581176907,-0.13687644040764638,-0.048175753368242424,0.5728078348044023,-0.009945875486638119
2022-06-12_Bulgaria_Canada,2022-06-12,Canada,Bulgaria,1,0.3888888888888889,0.5,0.9178984981295281,-0.14903190612286685,0.35183602477021575,-0.7570850202429149,0.3121356999217411,0.035586787242460956,0.1111111111111111,0.0,0.7760855910464545,-0.22112478193463592,0.21495958436256937,-0.8052607736111573,0.8849435347261435,0.025640911755822837,0.2777777777777778,0.5,0.1418129070830736,0.07209287581176907,0.13687644040764638,0.048175753368242424,-0.5728078348044023,0.009945875486638119
2022-06-12_France_Poland,2022-06-12,France,Poland,0,0.75,0.8333333333333334,0.8644687129974571,-0.1648588485888922,0.42594333770804355,-0.597943722943723,0.3361149199384494,0.014018547826472808,0.75,0.5,0.9822094748365165,-0.20819291790887082,0.37468780305303695,-0.534133468870311,0.37104458677039326,0.014345664391488655,0.0,0.33333333333333337,-0.11774076183905946,0.04333406931997863,0.051255534655006596,-0.06381025407341201,-0.03492966683194387,-0.00032711656501584717
2022-06-12_France_Poland,2022-06-12,Poland,France,1,0.75,0.5,0.9822094748365165,-0.20819291790887082,0.37468780305303695,-0.534133468870311,0.37104458677039326,0.014345664391488655,0.75,0.8333333333333334,0.8644687129974571,-0.1648588485888922,0.42594333770804355,-0.597943722943723,0.3361149199384494,0.014018547826472808,0.0,-0.33333333333333337,0.11774076183905946,-0.04333406931997863,-0.051255534655006596,0.06381025407341201,0.03492966683194387,0.00032711656501584717
2022-06-12_Iran_Japan,2022-06-12,Iran,Japan,0,0.3888888888888889,0.3333333333333333,0.9862074405085157,-0.1420240139396047,0.4230694457994701,-1.209018759018759,0.3078616735479481,0.04618489168855253,0.5,0.5,1.0657177861433327,-0.16297775717195764,0.6018783839608147,-1.2118055555555556,0.3896490650209185,0.01568627450980392,-0.1111111111111111,-0.16666666666666669,-0.07951034563481696,0.02095374323235294,-0.17880893816134463,0.0027867965367964764,-0.08178739147297043,0.030498617178748612
2022-06-12_Iran_Japan,2022-06-12,Japan,Iran,1,0.5,0.5,1.0657177861433327,-0.16297775717195764,0.6018783839608147,-1.2118055555555556,0.3896490650209185,0.01568627450980392,0.3888888888888889,0.3333333333333333,0.9862074405085157,-0.1420240139396047,0.4230694457994701,-1.209018759018759,0.3078616735479481,0.04618489168855253,0.1111111111111111,0.16666666666666669,0.07951034563481696,-0.02095374323235294,0.17880893816134463,-0.0027867965367964764,0.08178739147297043,-0.030498617178748612
2022-06-21_Argentina_Japan,2022-06-21,Argentina,Japan,0,0.42105263157894735,0.3333333333333333,0.8911641704411372,-0.21603131019022617,0.16744479706195745,-0.7984848484848485,0.44265634483025784,0.005648926237161531,0.5263157894736842,0.5,1.0125776895249752,-0.1588060030002035,0.5944859108425351,-1.1063924501424502,0.37029921981968017,0.019959778783308194,-0.10526315789473684,-0.16666666666666669,-0.12141351908383802,-0.05722530719002267,-0.42704111378057763,0.3079076016576018,0.07235712501057767,-0.014310852546146662
2022-06-21_Argentina_Japan,2022-06-21,Japan,Argentina,1,0.5263157894736842,0.5,1.0125776895249752,-0.1588060030002035,0.5944859108425351,-1.1063924501424502,0.37029921981968017,0.019959778783308194,0.42105263157894735,0.3333333333333333,0.8911641704411372,-0.21603131019022617,0.16744479706195745,-0.7984848484848485,0.44265634483025784,0.005648926237161531,0.10526315789473684,0.16666666666666669,0.12141351908383802,0.05722530719002267,0.42704111378057763,-0.3079076016576018,-0.07235712501057767,0.014310852546146662
2022-06-21_Australia_Canada,2022-06-21,Australia,Canada,0,0.05263157894736842,0.0,0.7082591302103496,-0.2936465815930101,0.36722164889347547,-0.96171802054155,0.371223732407943,0.03261774267337571,0.42105263157894735,0.5,0.8394671255805086,-0.16434355923939803,0.2661878766220676,-0.87185110211426,0.2684849062709475,0.03309636578652225,-0.3684210526315789,-0.5,-0.13120799537015904,-0.12930302235361207,0.10103377227140786,-0.08986691842729,0.10273882613699548,-0.00047862311314654515
2022-06-21_Australia_Canada,2022-06-21,Canada,Australia,1,0.42105263157894735,0.5,0.8394671255805086,-0.16434355923939803,0.2661878766220676,-0.87185110211426,0.2684849062709475,0.03309636578652225,0.05263157894736842,0.0,0.7082591302103496,-0.2936465815930101,0.36722164889347547,-0.96171802054155,0.371223732407943,0.03261774267337571,0.3684210526315789,0.5,0.13120799537015904,0.12930302235361207,-0.10103377227140786,0.08986691842729,-0.10273882613699548,0.00047862311314654515
2022-06-21_Bulgaria_Iran,2022-06-21,Bulgaria,Iran,1,0.10526315789473684,0.0,0.8043150400076108,-0.20858297591456898,0.22756992484176233,-0.8601850160353997,0.8416102013928101,0.028727331508909257,0.3684210526315789,0.3333333333333333,0.9486092362436448,-0.15256455448014525,0.286767151602439,-1.0463203463203463,0.30689548997306887,0.049759323984599625,-0.2631578947368421,-0.3333333333333333,-0.144294196236034,-0.05601842143442373,-0.05919722676067665,0.18613533028494667,0.5347147114197413,-0.02103199247569037
2022-06-21_Bulgaria_Iran,2022-06-21,Iran,Bulgaria,0,0.3684210526315789,0.3333333333333333,0.9486092362436448,-0.15256455448014525,0.286767151602439,-1.0463203463203463,0.30689548997306887,0.049759323984599625,0.10526315789473684,0.0,0.8043150400076108,-0.20858297591456898,0.22756992484176233,-0.8601850160353997,0.8416102013928101,0.028727331508909257,0.2631578947368421,0.3333333333333333,0.144294196236034,0.05601842143442373,0.05919722676067665,-0.18613533028494667,-0.5347147114197413,0.02103199247569037
2022-06-21_Netherlands_Slovenia,2022-06-21,Netherlands,Slovenia,1,0.2631578947368421,0.5,1.220736633372503,-0.19127672023975276,0.47853174603174603,-0.6701719576719576,0.4118740176911429,0.028079420246431976,0.6666666666666666,0.3333333333333333,0.9877906957287096,-0.2203549171750926,0.3386541127035259,-0.7185545935545935,0.21469805086936153,0.023313492063492064,-0.40350877192982454,0.16666666666666669,0.23294593764379334,0.029078196935339834,0.13987763332822012,0.048382635882635916,0.19717596682178137,0.004765928182939912
2022-06-21_Netherlands_Slovenia,2022-06-21,Slovenia,Netherlands,0,0.6666666666666666,0.3333333333333333,0.9877906957287096,-0.2203549171750926,0.3386541127035259,-0.7185545935545935,0.21469805086936153,0.023313492063492064,0.2631578947368421,0.5,1.220736633372503,-0.19127672023975276,0.47853174603174603,-0.6701719576719576,0.4118740176911429,0.028079420246431976,0.40350877192982454,-0.16666666666666669,-0.23294593764379334,-0.029078196935339834,-0.13987763332822012,-0.048382635882635916,-0.19717596682178137,-0.004765928182939912
2022-06-22_Brazil_Poland,2022-06-22,Brazil,Poland,0,0.8095238095238095,0.6666666666666666,1.2794685179440173,-0.14585137364491846,0.4619250755868896,-0.37951162222261964,0.32658070332488937,0.02268490553374274,0.7619047619047619,0.6666666666666666,0.988987784246405,-0.17571306963954889,0.2690356291399935,-0.5528924876293297,0.40120331692912337,0.012407679895364626,0.04761904761904767,0.0,0.2904807336976123,0.029861695994630427,0.1928894464468961,0.1733808654067101,-0.074622613604234,0.010277225638378113
2022-06-22_Brazil_Poland,2022-06-22,Poland,Brazil,1,0.7619047619047619,0.6666666666666666,0.988987784246405,-0.17571306963954889,0.2690356291399935,-0.5528924876293297,0.40120331692912337,0.012407679895364626,0.8095238095238095,0.6666666666666666,1.2794685179440173,-0.14585137364491846,0.4619250755868896,-0.37951162222261964,0.32658070332488937,0.02268490553374274,-0.04761904761904767,0.0,-0.2904807336976123,-0.029861695994630427,-0.1928894464468961,-0.1733808654067101,0.074622613604234,-0.010277225638378113
2022-06-22_Germany_Italy,2022-06-22,Germany,Italy,0,0.3684210526315789,0.5,0.8335565476190476,-0.17411699525331062,0.3330023802701398,-0.914141414141414,0.4713655287773418,0.01608975507284052,0.5263157894736842,0.6666666666666666,0.8753617747952235,-0.21184947284342448,0.22913202878052244,-0.573104118104118,0.3200796332046332,0.016737580756037516,-0.15789473684210525,-0.16666666666666663,-0.04180522717617585,0.03773247759011386,0.10387035148961735,-0.34103729603729604,0.1512858955727086,-0.0006478256831969967
2022-06-22_Germany_Italy,2022-06-22,Italy,Germany,1,0.5263157894736842,0.6666666666666666,0.8753617747952235,-0.21184947284342448,0.22913202878052244,-0.573104118104118,0.3200796332046332,0.016737580756037516,0.3684210526315789,0.5,0.8335565476190476,-0.17411699525331062,0.3330023802701398,-0.914141414141414,0.4713655287773418,0.01608975507284052,0.15789473684210525,0.16666666666666663,0.04180522717617585,-0.03773247759011386,-0.10387035148961735,0.34103729603729604,-0.1512858955727086,0.0006478256831969967
2022-06-22_Serbia_United States,2022-06-22,Serbia,United States,0,0.631578947368421,0.5,1.0634857345383661,-0.10963283470891354,0.18299915361660093,-0.5268932699113119,0.6712466193732919,0.02301558075242126,0.631578947368421,1.0,1.3691612608279273,-0.16561207883467774,0.56846480679814,-0.46047979797979793,0.2859002095244308,0.0,0.0,-0.5,-0.3056755262895612,0.0559792441257642,-0.38546565318153914,-0.06641347193151398,0.3853464098488611,0.02301558075242126
2022-06-22_Serbia_United States,2022-06-22,United States,Serbia,1,0.631578947368421,1.0,1.3691612608279273,-0.16561207883467774,0.56846480679814,-0.46047979797979793,0.2859002095244308,0.0,0.631578947368421,0.5,1.0634857345383661,-0.10963283470891354,0.18299915361660093,-0.5268932699113119,0.6712466193732919,0.02301558075242126,0.0,0.5,0.3056755262895612,-0.0559792441257642,0.38546565318153914,0.06641347193151398,-0.3853464098488611,-0.02301558075242126
2022-06-23_Argentina_Slovenia,2022-06-23,Argentina,Slovenia,0,0.4,0.3333333333333333,0.9288244268513938,-0.20864613771071408,0.1907006110154458,-0.7305836139169473,0.4524854046593177,0.0023809523809523807,0.6363636363636364,0.3333333333333333,0.9786196198909671,-0.24466047273064814,0.30170740990316464,-0.6901455026455027,0.20294974342212935,0.02595899470899471,-0.23636363636363633,0.0,-0.04979519303957336,0.03601433501993406,-0.11100679888771883,-0.04043811127144459,0.24953566123718834,-0.02357804232804233
2022-06-23_Argentina_Slovenia,2022-06-23,Slovenia,Argentina,1,0.6363636363636364,0.3333333333333333,0.9786196198909671,-0.24466047273064814,0.30170740990316464,-0.6901455026455027,0.20294974342212935,0.02595899470899471,0.4,0.3333333333333333,0.9288244268513938,-0.20864613771071408,0.1907006110154458,-0.7305836139169473,0.4524854046593177,0.0023809523809523807,0.23636363636363633,0.0,0.04979519303957336,-0.03601433501993406,0.11100679888771883,0.04043811127144459,-0.24953566123718834,0.02357804232804233
2022-06-23_Brazil_Serbia,2022-06-23,Brazil,Serbia,1,0.7727272727272727,0.5,1.1096962612152386,-0.16300005736757328,0.4083536470154611,-0.49718838989938724,0.39894912437752095,0.0217920483908856,0.6,0.3333333333333333,1.0684240061433044,-0.13783796291404174,0.1364135054684528,-0.7474446483574272,0.7426751908018634,0.018848914085754596,0.17272727272727273,0.16666666666666669,0.041272255071934216,-0.02516209445353154,0.2719401415470083,0.25025625845803995,-0.34372606642434245,0.002943134305131004
2022-06-23_Brazil_Serbia,2022-06-23,Serbia,Brazil,0,0.6,0.3333333333333333,1.0684240061433044,-0.13783796291404174,0.1364135054684528,-0.7474446483574272,0.7426751908018634,0.018848914085754596,0.7727272727272727,0.5,1.1096962612152386,-0.16300005736757328,0.4083536470154611,-0.49718838989938724,0.39894912437752095,0.0217920483908856,-0.17272727272727273,-0.16666666666666669,-0.041272255071934216,0.02516209445353154,-0.2719401415470083,-0.25025625845803995,0.34372606642434245,-0.002943134305131004
2022-06-23_Canada_Poland,2022-06-23,Canada,Poland,0,0.45,0.5,0.7717509836514732,-0.15637119676265077,0.14916660002632293,-1.02185110211426,0.3150758153618566,0.029473177380725153,0.7727272727272727,0.6666666666666666,0.9450063027649235,-0.16855587316577736,0.2637787593669947,-0.5828070175438597,0.4240791339225874,0.012407679895364626,-0.3227272727272727,-0.16666666666666663,-0.17325531911345027,0.012184676403126593,-0.11461215934067176,-0.43904408457040034,-0.10900331856073081,0.01706549748536053
2022-06-23_Canada_Poland,2022-06-23,Poland,Canada,1,0.7727272727272727,0.6666666666666666,0.9450063027649235,-0.16855587316577736,0.2637787593669947,-0.5828070175438597,0.4240791339225874,0.012407679895364626,0.45,0.5,0.7717509836514732,-0.15637119676265077,0.14916660002632293,-1.02185110211426,0.3150758153618566,0.029473177380725153,0.3227272727272727,0.16666666666666663,0.17325531911345027,-0.012184676403126593,0.11461215934067176,0.43904408457040034,0.10900331856073081,-0.01706549748536053
2022-06-23_France_Netherlands,2022-06-23,France,Netherlands,1,0.7142857142857143,0.6666666666666666,0.8834755246871956,-0.16715792895674508,0.3356655599302658,-0.6316738816738817,0.39501032560804855,0.020921024423225975,0.3,0.6666666666666666,1.1408755222613918,-0.16961566524536442,0.4757034632034632,-0.6076719576719577,0.36847123991336517,0.026021807077707695,0.4142857142857143,0.0,-0.2573999975741962,0.002457736288619339,-0.14003790327319737,-0.024001924001924024,0.026539085694683384,-0.0051007826544817204
2022-06-23_France_Netherlands,2022-06-23,Netherlands,France,0,0.3,0.6666666666666666,1.1408755222613918,-0.16961566524536442,0.4757034632034632,-0.6076719576719577,0.36847123991336517,0.026021807077707695,0.7142857142857143,0.6666666666666666,0.8834755246871956,-0.16715792895674508,0.3356655599302658,-0.6316738816738817,0.39501032560804855,0.020921024423225975,-0.4142857142857143,0.0,0.2573999975741962,-0.002457736288619339,0.14003790327319737,0.024001924001924024,-0.026539085694683384,0.0051007826544817204
2022-06-23_Iran_United States,2022-06-23,Iran,United States,1,0.35,0.3333333333333333,1.0933903810247896,-0.1293502687658595,0.28366431472300635,-1.1448051948051947,0.3914543135024806,0.042910008916106475,0.65,1.0,1.4649637299637297,-0.1746864889980171,0.5114211560044893,-0.6688131313131315,0.4279637015879229,0.0,-0.30000000000000004,-0.6666666666666667,-0.3715733489389401,0.04533622023215758,-0.227756841281483,-0.47599206349206324,-0.036509388085442296,0.042910008916106475
2022-06-23_Iran_United States,2022-06-23,United States,Iran,0,0.65,1.0,1.4649637299637297,-0.1746864889980171,0.5114211560044893,-0.6688131313131315,0.4279637015879229,0.0,0.35,0.3333333333333333,1.0933903810247896,-0.1293502687658595,0.28366431472300635,-1.1448051948051947,0.3914543135024806,0.042910008916106475,0.30000000000000004,0.6666666666666667,0.3715733489389401,-0.04533622023215758,0.227756841281483,0.47599206349206324,0.036509388085442296,-0.042910008916106475
2022-06-24_Argentina_China,2022-06-24,Argentina,China,1,0.38095238095238093,0.16666666666666666,0.7421257089026757,-0.21087005434561054,0.21676898708382186,-0.6169472502805836,0.46828627046018356,0.001937984496124031,0.25,0.25,1.1026947463768115,-0.1546006944444444,0.1925265080637975,-1.0041666666666667,0.28244617224880386,0.05383524478973979,0.13095238095238093,-0.08333333333333334,-0.3605690374741358,-0.05626935990116613,0.024242479020024355,0.38721941638608304,0.1858400982113797,-0.05189726029361576
2022-06-24_Argentina_China,2022-06-24,China,Argentina,0,0.25,0.25,1.1026947463768115,-0.1546006944444444,0.1925265080637975,-1.0041666666666667,0.28244617224880386,0.05383524478973979,0.38095238095238093,0.16666666666666666,0.7421257089026757,-0.21087005434561054,0.21676898708382186,-0.6169472502805836,0.46828627046018356,0.001937984496124031,-0.13095238095238093,0.08333333333333334,0.3605690374741358,0.05626935990116613,-0.024242479020024355,-0.38721941638608304,-0.1858400982113797,0.05189726029361576
2022-06-24_Australia_Bulgaria,2022-06-24,Australia,Bulgaria,1,0.05,0.0,0.838793800218704,-0.255678586423928,0.4233619997706685,-0.8228291316526611,0.4278012128984669,0.031197288127921163,0.15,0.16666666666666666,1.0035085883947075,-0.18885988291561395,0.31327068241751993,-0.8751422809926647,0.8247104344930433,0.023676826458404205,-0.09999999999999999,-0.16666666666666666,-0.1647147881760035,-0.06681870350831404,0.11009131735314859,0.05231314934000353,-0.39690922159457637,0.007520461669516958
2022-06-24_Australia_Bulgaria,2022-06-24,Bulgaria,Australia,0,0.15,0.16666666666666666,1.0035085883947075,-0.18885988291561395,0.31327068241751993,-0.8751422809926647,0.8247104344930433,0.023676826458404205,0.05,0.0,0.838793800218704,-0.255678586423928,0.4233619997706685,-0.8228291316526611,0.4278012128984669,0.031197288127921163,0.09999999999999999,0.16666666666666666,0.1647147881760035,0.06681870350831404,-0.11009131735314859,-0.05231314934000353,0.39690922159457637,-0.007520461669516958
2022-06-24_Brazil_Iran,2022-06-24,Brazil,Iran,1,0.782608695652174,0.5,1.0868719590805918,-0.1533180008818638,0.4011851882340991,-0.6061208517730257,0.5074762561604667,0.02506002224709475,0.38095238095238093,0.5,1.182740099406766,-0.12240160790098735,0.24069039958897578,-1.0920274170274171,0.4408370295518633,0.03980755581365337,0.401656314699793,0.0,-0.0958681403261743,-0.030916392980876437,0.16049478864512332,0.48590656525439146,0.06663922660860333,-0.01474753356655862
2022-06-24_Brazil_Iran,2022-06-24,Iran,Brazil,0,0.38095238095238093,0.5,1.182740099406766,-0.12240160790098735,0.24069039958897578,-1.0920274170274171,0.4408370295518633,0.03980755581365337,0.782608695652174,0.5,1.0868719590805918,-0.1533180008818638,0.4011851882340991,-0.6061208517730257,0.5074762561604667,0.02506002224709475,-0.401656314699793,0.0,0.0958681403261743,0.030916392980876437,-0.16049478864512332,-0.48590656525439146,-0.06663922660860333,0.01474753356655862
2022-06-24_Canada_Serbia,2022-06-24,Canada,Serbia,0,0.42857142857142855,0.3333333333333333,0.7830598453496563,-0.190850156886026,0.09716401604699476,-1.4994152046783629,0.4437307861220905,0.030616968230398358,0.5714285714285714,0.3333333333333333,1.059463432666602,-0.13390499437779005,0.09503314205419107,-0.8391113150240939,0.8283625730994152,0.02373743747756746,-0.14285714285714285,0.0,-0.2764035873169456,-0.05694516250823595,0.002130873992803692,-0.660303889654269,-0.3846317869773247,0.006879530752830897
2022-06-24_Canada_Serbia,2022-06-24,Serbia,Canada,1,0.5714285714285714,0.3333333333333333,1.059463432666602,-0.13390499437779005,0.09503314205419107,-0.8391113150240939,0.8283625730994152,0.02373743747756746,0.42857142857142855,0.3333333333333333,0.7830598453496563,-0.190850156886026,0.09716401604699476,-1.4994152046783629,0.4437307861220905,0.030616968230398358,0.14285714285714285,0.0,0.2764035873169456,0.05694516250823595,-0.002130873992803692,0.660303889654269,0.3846317869773247,-0.006879530752830897
2022-06-24_Germany_Netherlands,2022-06-24,Germany,Netherlands,0,0.35,0.5,0.8164930555555555,-0.182804938515722,0.2837599560277156,-0.7960858585858586,0.3970901664585012,0.01608975507284052,0.2857142857142857,0.5,0.9558755222613918,-0.1709762094630515,0.3602755352755352,-0.7493386243386243,0.40670653403101226,0.026021807077707695,0.06428571428571428,0.0,-0.13938246670583632,-0.011828729052670489,-0.0765155792478196,-0.04674723424723426,-0.009616367572511053,-0.009932052004867176
2022-06-24_Germany_Netherlands,2022-06-24,Netherlands,Germany,1,0.2857142857142857,0.5,0.9558755222613918,-0.1709762094630515,0.3602755352755352,-0.7493386243386243,0.40670653403101226,0.026021807077707695,0.35,0.5,0.8164930555555555,-0.182804938515722,0.2837599560277156,-0.7960858585858586,0.3970901664585012,0.01608975507284052,-0.06428571428571428,0.0,0.13938246670583632,0.011828729052670489,0.0765155792478196,0.04674723424723426,0.009616367572511053,0.009932052004867176
2022-06-24_Italy_Japan,2022-06-24,Italy,Japan,0,0.55,0.8333333333333334,0.9491635177146135,-0.22301374716559352,0.2097860263836726,-0.5518919968919969,0.3435284066534066,0.01303387705233381,0.55,0.6666666666666666,1.0996163410797557,-0.17078516966687016,0.5632893296459539,-0.8499821937321937,0.3258547753752357,0.015057817998994472,0.0,0.16666666666666674,-0.1504528233651422,-0.052228577498723366,-0.3535033032622813,0.2980901968401969,0.017673631278170898,-0.0020239409466606614
2022-06-24_Italy_Japan,2022-06-24,Japan,Italy,1,0.55,0.6666666666666666,1.0996163410797557,-0.17078516966687016,0.5632893296459539,-0.8499821937321937,0.3258547753752357,0.015057817998994472,0.55,0.8333333333333334,0.9491635177146135,-0.22301374716559352,0.2097860263836726,-0.5518919968919969,0.3435284066534066,0.01303387705233381,0.0,-0.16666666666666674,0.1504528233651422,0.052228577498723366,0.3535033032622813,-0.2980901968401969,-0.017673631278170898,0.0020239409466606614
2022-06-25_Argentina_Netherlands,2022-06-25,Argentina,Netherlands,0,0.4090909090909091,0.3333333333333333,0.9365924290309836,-0.211720394481665,0.2709356537504885,-0.7095398428731762,0.4092800592800592,0.004583487141626676,0.3181818181818182,0.6666666666666666,0.9584043668954996,-0.17335716184400388,0.36622791622791623,-0.6631562881562881,0.41307849739222285,0.024547605603506228,0.09090909090909094,-0.3333333333333333,-0.021811937864515962,-0.038363232637661115,-0.09529226247742772,-0.04638355471688804,-0.003798438112163627,-0.01996411846187955
2022-06-25_Argentina_Netherlands,2022-06-25,Netherlands,Argentina,1,0.3181818181818182,0.6666666666666666,0.9584043668954996,-0.17335716184400388,0.36622791622791623,-0.6631562881562881,0.41307849739222285,0.024547605603506228,0.4090909090909091,0.3333333333333333,0.9365924290309836,-0.211720394481665,0.2709356537504885,-0.7095398428731762,0.4092800592800592,0.004583487141626676,-0.09090909090909094,0.3333333333333333,0.021811937864515962,0.038363232637661115,0.09529226247742772,0.04638355471688804,0.003798438112163627,0.01996411846187955
2022-06-25_Australia_Poland,2022-06-25,Australia,Poland,0,0.09523809523809523,0.16666666666666666,0.831623257583045,-0.24024239426359795,0.35002866643733516,-0.5804048892284186,0.44709945851250205,0.03629932894424769,0.782608695652174,0.8333333333333334,1.2064442112616554,-0.1557935648526216,0.25570183629007154,-0.5066165413533835,0.3958533274709745,0.01024317773086246,-0.6873706004140787,-0.6666666666666667,-0.37482095367861035,-0.08444882941097634,0.09432683014726362,-0.07378834787503508,0.05124613104152753,0.026056151213385233
2022-06-25_Australia_Poland,2022-06-25,Poland,Australia,1,0.782608695652174,0.8333333333333334,1.2064442112616554,-0.1557935648526216,0.25570183629007154,-0.5066165413533835,0.3958533274709745,0.01024317773086246,0.09523809523809523,0.16666666666666666,0.831623257583045,-0.24024239426359795,0.35002866643733516,-0.5804048892284186,0.44709945851250205,0.03629932894424769,0.6873706004140787,0.6666666666666667,0.37482095367861035,0.08444882941097634,-0.09432683014726362,0.07378834787503508,-0.05124613104152753,-0.026056151213385233
2022-06-25_Bulgaria_United States,2022-06-25,Bulgaria,United States,0,0.14285714285714285,0.16666666666666666,0.996394767256496,-0.1395252513025013,0.32370396258764217,-0.6039207489015673,0.8273842312844871,0.018055133336711087,0.6190476190476191,0.8333333333333334,1.302790527349351,-0.15068781306289628,0.3994282106782106,-0.8771464646464646,0.4931810928922707,0.002777777777777778,-0.4761904761904762,-0.6666666666666667,-0.30639576009285496,0.011162561760394984,-0.07572424809056844,0.2732257157448973,0.33420313839221644,0.015277355558933309
2022-06-25_Bulgaria_United States,2022-06-25,United States,Bulgaria,1,0.6190476190476191,0.8333333333333334,1.302790527349351,-0.15068781306289628,0.3994282106782106,-0.8771464646464646,0.4931810928922707,0.002777777777777778,0.14285714285714285,0.16666666666666666,0.996394767256496,-0.1395252513025013,0.32370396258764217,-0.6039207489015673,0.8273842312844871,0.018055133336711087,0.4761904761904762,0.6666666666666667,0.30639576009285496,-0.011162561760394984,0.07572424809056844,-0.2732257157448973,-0.33420313839221644,-0.015277355558933309
2022-06-25_Canada_Iran,2022-06-25,Canada,Iran,0,0.4090909090909091,0.3333333333333333,0.8260705980378283,-0.2109118852810877,0.11736603624901497,-1.5845029239766084,0.4909530083443127,0.029185991799421922,0.36363636363636365,0.3333333333333333,1.0586142252808919,-0.14924819881007825,0.3061408221822555,-1.417027417027417,0.8532301919450257,0.029390889146986704,0.04545454545454547,0.0,-0.23254362724306354,-0.06166368647100945,-0.18877478593324054,-0.16747550694919133,-0.362277183600713,-0.00020489734756478153
2022-06-25_Canada_Iran,2022-06-25,Iran,Canada,1,0.36363636363636365,0.3333333333333333,1.0586142252808919,-0.14924819881007825,0.3061408221822555,-1.417027417027417,0.8532301919450257,0.029390889146986704,0.4090909090909091,0.3333333333333333,0.8260705980378283,-0.2109118852810877,0.11736603624901497,-1.5845029239766084,0.4909530083443127,0.029185991799421922,-0.04545454545454547,0.0,0.23254362724306354,0.06166368647100945,0.18877478593324054,0.16747550694919133,0.362277183600713,0.00020489734756478153
2022-06-25_France_Japan,2022-06-25,France,Japan,1,0.7272727272727273,0.8333333333333334,1.1664616357983066,-0.16510492410418814,0.327895552160258,-0.35707070707070704,0.3607293891531991,0.020921024423225975,0.5714285714285714,0.8333333333333334,1.1687220321366663,-0.13280493692336628,0.48948412698412697,-0.8465099715099716,0.2558578589398364,0.015057817998994472,0.1558441558441559,0.0,-0.002260396338359616,-0.03229998718082186,-0.16158857482386896,0.4894392644392646,0.10487153021336265,0.005863206424231503
2022-06-25_France_Japan,2022-06-25,Japan,France,0,0.5714285714285714,0.8333333333333334,1.1687220321366663,-0.13280493692336628,0.48948412698412697,-0.8465099715099716,0.2558578589398364,0.015057817998994472,0.7272727272727273,0.8333333333333334,1.1664616357983066,-0.16510492410418814,0.327895552160258,-0.35707070707070704,0.3607293891531991,0.020921024423225975,-0.1558441558441559,0.0,0.002260396338359616,0.03229998718082186,0.16158857482386896,-0.4894392644392646,-0.10487153021336265,-0.005863206424231503
2022-06-25_Italy_Slovenia,2022-06-25,Italy,Slovenia,1,0.5238095238095238,0.6666666666666666,1.0717561103072062,-0.23119594437218097,0.2097860263836726,-0.5792994042994043,0.3710325117437186,0.009370873389330148,0.6521739130434783,0.5,1.0157865203117245,-0.2316975097676852,0.32670740990316466,-0.49761676701331875,0.23233008530247123,0.02595899470899471,-0.12836438923395443,0.16666666666666663,0.05596958999548174,0.0005015653955042221,-0.11692138351949205,-0.08168263728608555,0.13870242644124736,-0.016588121319664563
2022-06-25_Italy_Slovenia,2022-06-25,Slovenia,Italy,0,0.6521739130434783,0.5,1.0157865203117245,-0.2316975097676852,0.32670740990316466,-0.49761676701331875,0.23233008530247123,0.02595899470899471,0.5238095238095238,0.6666666666666666,1.0717561103072062,-0.23119594437218097,0.2097860263836726,-0.5792994042994043,0.3710325117437186,0.009370873389330148,0.12836438923395443,-0.16666666666666663,-0.05596958999548174,-0.0005015653955042221,0.11692138351949205,0.08168263728608555,-0.13870242644124736,0.016588121319664563
2022-06-26_Australia_Serbia,2022-06-26,Australia,Serbia,0,0.09090909090909091,0.16666666666666666,0.7996683703649999,-0.18254582726470533,0.35853034993901867,-0.6399286987522281,0.5571523685654121,0.033229153505651206,0.5909090909090909,0.3333333333333333,1.1427967659999352,-0.17140499437779008,0.09314883830442659,-0.9780002039129828,0.6792397660818713,0.02149358218897315,-0.5,-0.16666666666666666,-0.34312839563493525,-0.011140832886915253,0.26538151163459206,0.3380715051607547,-0.12208739751645925,0.011735571316678056
2022-06-26_Australia_Serbia,2022-06-26,Serbia,Australia,1,0.5909090909090909,0.3333333333333333,1.1427967659999352,-0.17140499437779008,0.09314883830442659,-0.9780002039129828,0.6792397660818713,0.02149358218897315,0.09090909090909091,0.16666666666666666,0.7996683703649999,-0.18254582726470533,0.35853034993901867,-0.6399286987522281,0.5571523685654121,0.033229153505651206,0.5,0.16666666666666666,0.34312839563493525,0.011140832886915253,-0.26538151163459206,-0.3380715051607547,0.12208739751645925,-0.011735571316678056
2022-06-26_Brazil_Bulgaria,2022-06-26,Brazil,Bulgaria,1,0.7916666666666666,0.5,1.338650052963949,-0.18754552199463084,0.3326693039287411,-0.7030905487427227,0.5915603402445507,0.020009517196589697,0.13636363636363635,0.16666666666666666,0.9306705609072896,-0.1425060993537719,0.36837422828045474,-0.6529403567447046,0.5023842312844871,0.012525417574437182,0.6553030303030303,0.33333333333333337,0.4079794920566593,-0.045039422640858945,-0.03570492435171363,-0.05015019199801807,0.08917610896006367,0.0074840996221525145
2022-06-26_Brazil_Bulgaria,2022-06-26,Bulgaria,Brazil,0,0.13636363636363635,0.16666666666666666,0.9306705609072896,-0.1425060993537719,0.36837422828045474,-0.6529403567447046,0.5023842312844871,0.012525417574437182,0.7916666666666666,0.5,1.338650052963949,-0.18754552199463084,0.3326693039287411,-0.7030905487427227,0.5915603402445507,0.020009517196589697,-0.6553030303030303,-0.33333333333333337,-0.4079794920566593,0.045039422640858945,0.03570492435171363,0.05015019199801807,-0.08917610896006367,-0.0074840996221525145
2022-06-26_China_Italy,2022-06-26,China,Italy,0,0.2,0.2,1.0874189549961861,-0.16812499999999997,0.22460944174515562,-1.034102564102564,0.29066282015198425,0.04306819583179183,0.5454545454545454,0.8333333333333334,1.2242108906689633,-0.19606329399130362,0.2931193597170059,-0.607077182077182,0.3527289403151472,0.008573679511779128,-0.3454545454545454,-0.6333333333333333,-0.13679193567277714,0.027938293991303653,-0.0685099179718503,-0.4270253820253821,-0.06206612016316293,0.03449451632001271
2022-06-26_China_Italy,2022-06-26,Italy,China,1,0.5454545454545454,0.8333333333333334,1.2242108906689633,-0.19606329399130362,0.2931193597170059,-0.607077182077182,0.3527289403151472,0.008573679511779128,0.2,0.2,1.0874189549961861,-0.16812499999999997,0.22460944174515562,-1.034102564102564,0.29066282015198425,0.04306819583179183,0.3454545454545454,0.6333333333333333,0.13679193567277714,-0.027938293991303653,0.0685099179718503,0.4270253820253821,0.06206612016316293,-0.03449451632001271
2022-06-26_France_Germany,2022-06-26,France,Germany,1,0.7391304347826086,0.8333333333333334,1.024527342701223,-0.170587380244539,0.3618461694442086,-0.3799465240641711,0.3615840900078999,0.026049229551431102,0.3333333333333333,0.5,0.8342526183970854,-0.18965425358421514,0.2521810086592945,-0.7029486036838978,0.3889828551377465,0.0157960434389227,0.40579710144927533,0.33333333333333337,0.1902747243041375,0.019066873339676133,0.10966516078491412,0.32300207961972666,-0.02739876512984657,0.010253186112508403
2022-06-26_France_Germany,2022-06-26,Germany,France,0,0.3333333333333333,0.5,0.8342526183970854,-0.18965425358421514,0.2521810086592945,-0.7029486036838978,0.3889828551377465,0.0157960434389227,0.7391304347826086,0.8333333333333334,1.024527342701223,-0.170587380244539,0.3618461694442086,-0.3799465240641711,0.3615840900078999,0.026049229551431102,-0.40579710144927533,-0.33333333333333337,-0.1902747243041375,-0.019066873339676133,-0.10966516078491412,-0.32300207961972666,0.02739876512984657,-0.010253186112508403
2022-06-26_Japan_Slovenia,2022-06-26,Japan,Slovenia,1,0.5454545454545454,0.6666666666666666,1.111328548427393,-0.16625958417980524,0.41201690821256043,-0.7584417896917898,0.23715630855223954,0.01918578497525866,0.625,0.5,1.1090815394688127,-0.2269460477793811,0.3213502670460217,-0.5226167670133187,0.31299247846486433,0.02595899470899471,-0.07954545454545459,0.16666666666666663,0.00224700895858021,0.06068646359957586,0.09066664116653872,-0.23582502267847105,-0.07583616991262479,-0.00677320973373605
2022-06-26_Japan_Slovenia,2022-06-26,Slovenia,Japan,0,0.625,0.5,1.1090815394688127,-0.2269460477793811,0.3213502670460217,-0.5226167670133187,0.31299247846486433,0.02595899470899471,0.5454545454545454,0.6666666666666666,1.111328548427393,-0.16625958417980524,0.41201690821256043,-0.7584417896917898,0.23715630855223954,0.01918578497525866,0.07954545454545459,-0.16666666666666663,-0.00224700895858021,-0.06068646359957586,-0.09066664116653872,0.23582502267847105,0.07583616991262479,0.00677320973373605
2022-06-26_Poland_United States,2022-06-26,Poland,United States,1,0.7916666666666666,0.8333333333333334,1.2888196901888587,-0.12624489049520407,0.2894708994708995,-0.5343943191311612,0.4240815556992028,0.0073696145124716545,0.6363636363636364,0.8333333333333334,1.3601498347086585,-0.15632388391635846,0.4022059884559884,-1.021377233877234,0.6050858547970327,0.005510018214936248,0.15530303030303028,0.0,-0.0713301445197998,0.030078993421154387,-0.11273508898508888,0.4869829147460728,-0.1810042990978299,0.0018595962975354067
2022-06-26_Poland_United States,2022-06-26,United States,Poland,0,0.6363636363636364,0.8333333333333334,1.3601498347086585,-0.15632388391635846,0.4022059884559884,-1.021377233877234,0.6050858547970327,0.005510018214936248,0.7916666666666666,0.8333333333333334,1.2888196901888587,-0.12624489049520407,0.2894708994708995,-0.5343943191311612,0.4240815556992028,0.0073696145124716545,-0.15530303030303028,0.0,0.0713301445197998,-0.030078993421154387,0.11273508898508888,-0.4869829147460728,0.1810042990978299,-0.0018595962975354067
2022-07-05_Argentina_Canada,2022-07-05,Argentina,Canada,1,0.391304347826087,0.16666666666666666,1.029484585893729,-0.2259846587459292,0.3064425394315902,-0.6546547854019118,0.4638255138255138,0.004583487141626676,0.391304347826087,0.3333333333333333,0.8973388359727331,-0.2510281643508551,0.1381993695823483,-2.5055555555555555,0.5493945667858712,0.01602809706257982,0.0,-0.16666666666666666,0.13214574992099581,0.02504350560492591,0.16824316984924192,1.8509007701536437,-0.08556905296035738,-0.011444609920953145
2022-07-05_Argentina_Canada,2022-07-05,Canada,Argentina,0,0.391304347826087,0.3333333333333333,0.8973388359727331,-0.2510281643508551,0.1381993695823483,-2.5055555555555555,0.5493945667858712,0.01602809706257982,0.391304347826087,0.16666666666666666,1.029484585893729,-0.2259846587459292,0.3064425394315902,-0.6546547854019118,0.4638255138255138,0.004583487141626676,0.0,0.16666666666666666,-0.13214574992099581,-0.02504350560492591,-0.16824316984924192,-1.8509007701536437,0.08556905296035738,0.011444609920953145
2022-07-05_Bulgaria_Italy,2022-07-05,Bulgaria,Italy,0,0.13043478260869565,0.16666666666666666,0.9046524613597784,-0.13803062495348548,0.4070720169782434,-0.6177436693741042,0.5250032789035347,0.013796296296296298,0.5652173913043478,0.8333333333333334,1.3513607678188404,-0.18003765296566257,0.334757428808747,-0.44596607096607094,0.30161782920403607,0.0088352405078034,-0.4347826086956521,-0.6666666666666667,-0.446708306459062,0.042007028012177094,0.07231458816949643,-0.17177759840803325,0.22338544969949864,0.004961055788492898
2022-07-05_Bulgaria_Italy,2022-07-05,Italy,Bulgaria,1,0.5652173913043478,0.8333333333333334,1.3513607678188404,-0.18003765296566257,0.334757428808747,-0.44596607096607094,0.30161782920403607,0.0088352405078034,0.13043478260869565,0.16666666666666666,0.9046524613597784,-0.13803062495348548,0.4070720169782434,-0.6177436693741042,0.5250032789035347,0.013796296296296298,0.4347826086956521,0.6666666666666667,0.446708306459062,-0.042007028012177094,-0.07231458816949643,0.17177759840803325,-0.22338544969949864,-0.004961055788492898
2022-07-05_Germany_United States,2022-07-05,Germany,United States,0,0.3181818181818182,0.3333333333333333,0.76859605274052,-0.23408705116166675,0.22695578343406927,-0.6858545865898807,0.41302765092167276,0.015616687327363198,0.6086956521739131,0.6666666666666666,1.1684831680419916,-0.16664134423381874,0.3640241702741702,-1.383119658119658,0.775173831336622,0.007824833029751063,-0.2905138339920949,-0.3333333333333333,-0.3998871153014716,-0.06744570692784801,-0.13706838684010095,0.6972650715297773,-0.3621461804149492,0.007791854297612135
2022-07-05_Germany_United States,2022-07-05,United States,Germany,1,0.6086956521739131,0.6666666666666666,1.1684831680419916,-0.16664134423381874,0.3640241702741702,-1.383119658119658,0.775173831336622,0.007824833029751063,0.3181818181818182,0.3333333333333333,0.76859605274052,-0.23408705116166675,0.22695578343406927,-0.6858545865898807,0.41302765092167276,0.015616687327363198,0.2905138339920949,0.3333333333333333,0.3998871153014716,0.06744570692784801,0.13706838684010095,-0.6972650715297773,0.3621461804149492,-0.007791854297612135
2022-07-05_Iran_Poland,2022-07-05,Iran,Poland,1,0.391304347826087,0.5,1.19997224997225,-0.16511026777559548,0.32114082218225554,-1.0988455988455987,0.8633312020460356,0.028892313648411206,0.8,1.0,1.3871594092182329,-0.10405851056688865,0.2820852785558668,-0.4355054302422723,0.45086726998491705,0.008083480305702528,-0.40869565217391307,-0.5,-0.18718715924598284,-0.06105175720870683,0.039055543626388745,-0.6633401686033265,0.4124639320611186,0.02080883334270868
2022-07-05_Iran_Poland,2022-07-05,Poland,Iran,0,0.8,1.0,1.3871594092182329,-0.10405851056688865,0.2820852785558668,-0.4355054302422723,0.45086726998491705,0.008083480305702528,0.391304347826087,0.5,1.19997224997225,-0.16511026777559548,0.32114082218225554,-1.0988455988455987,0.8633312020460356,0.028892313648411206,0.40869565217391307,0.5,0.18718715924598284,0.06105175720870683,-0.039055543626388745,0.6633401686033265,-0.4124639320611186,-0.02080883334270868
2022-07-06_Australia_Japan,2022-07-06,Australia,Japan,0,0.08695652173913043,0.16666666666666666,0.8960969417935712,-0.1876840527676725,0.3434657875286886,-0.7131610219845513,1.3263831377961812,0.025821746098243795,0.5652173913043478,0.6666666666666666,0.9809714055702502,-0.1441062833379798,0.3623757598872015,-0.6882663510952985,0.23551195807067973,0.01918578497525866,-0.47826086956521735,-0.5,-0.08487446377667895,-0.043577769429692687,-0.018909972358512883,-0.02489467088925279,1.0908711797255015,0.006635961122985135
2022-07-06_Australia_Japan,2022-07-06,Japan,Australia,1,0.5652173913043478,0.6666666666666666,0.9809714055702502,-0.1441062833379798,0.3623757598872015,-0.6882663510952985,0.23551195807067973,0.01918578497525866,0.08695652173913043,0.16666666666666666,0.8960969417935712,-0.1876840527676725,0.3434657875286886,-0.7131610219845513,1.3263831377961812,0.025821746098243795,0.47826086956521735,0.5,0.08487446377667895,0.043577769429692687,0.018909972358512883,0.02489467088925279,-1.0908711797255015,-0.006635961122985135
2022-07-06_Brazil_Germany,2022-07-06,Brazil,Germany,1,0.8,0.5,1.5192740266913705,-0.19396183438638012,0.3192077654672026,-0.6030905487427226,0.8019980506822612,0.020009517196589697,0.30434782608695654,0.3333333333333333,0.7290127194071866,-0.246686520657688,0.3218651880932582,-0.7883798391151333,0.4158481637421854,0.013473282246365048,0.4956521739130435,0.16666666666666669,0.7902613072841839,0.052724686271307886,-0.0026574226260556166,0.1852892903724107,0.38614988694007574,0.006536234950224649
2022-07-06_Brazil_Germany,2022-07-06,Germany,Brazil,0,0.30434782608695654,0.3333333333333333,0.7290127194071866,-0.246686520657688,0.3218651880932582,-0.7883798391151333,0.4158481637421854,0.013473282246365048,0.8,0.5,1.5192740266913705,-0.19396183438638012,0.3192077654672026,-0.6030905487427226,0.8019980506822612,0.020009517196589697,-0.4956521739130435,-0.16666666666666669,-0.7902613072841839,-0.052724686271307886,0.0026574226260556166,-0.1852892903724107,-0.38614988694007574,-0.006536234950224649
2022-07-06_China_Netherlands,2022-07-06,China,Netherlands,0,0.16666666666666666,0.16666666666666666,0.9868276237871442,-0.15370960884353738,0.19907929669239158,-0.9927045177045176,0.2999113244856279,0.03589016319315986,0.34782608695652173,0.8333333333333334,1.1210881904249115,-0.16166125541125537,0.3826678255249683,-0.655493452907246,0.4362514029180695,0.006431663574520717,-0.18115942028985507,-0.6666666666666667,-0.1342605666377673,0.00795164656771799,-0.18358852883257673,-0.3372110647972716,-0.1363400784324416,0.029458499618639142
2022-07-06_China_Netherlands,2022-07-06,Netherlands,China,1,0.34782608695652173,0.8333333333333334,1.1210881904249115,-0.16166125541125537,0.3826678255249683,-0.655493452907246,0.4362514029180695,0.006431663574520717,0.16666666666666666,0.16666666666666666,0.9868276237871442,-0.15370960884353738,0.19907929669239158,-0.9927045177045176,0.2999113244856279,0.03589016319315986,0.18115942028985507,0.6666666666666667,0.1342605666377673,-0.00795164656771799,0.18358852883257673,0.3372110647972716,0.1363400784324416,-0.029458499618639142
2022-07-06_Serbia_Slovenia,2022-07-06,Serbia,Slovenia,0,0.6086956521739131,0.5,1.346987799138337,-0.16173138634352627,0.14236911120891002,-1.129979769685652,0.6658138401559454,0.019509455204846166,0.6,0.5,1.0996900050772782,-0.21945045695045692,0.3469477513227513,-0.4855797299762817,0.3696022191353261,0.019014550264550265,0.008695652173913104,0.0,0.24729779406105878,0.057719070606930656,-0.20457864011384128,-0.6444000397093703,0.29621162102061926,0.000494904940295901
2022-07-06_Serbia_Slovenia,2022-07-06,Slovenia,Serbia,1,0.6,0.5,1.0996900050772782,-0.21945045695045692,0.3469477513227513,-0.4855797299762817,0.3696022191353261,0.019014550264550265,0.6086956521739131,0.5,1.346987799138337,-0.16173138634352627,0.14236911120891002,-1.129979769685652,0.6658138401559454,0.019509455204846166,-0.008695652173913104,0.0,-0.24729779406105878,-0.057719070606930656,0.20457864011384128,0.6444000397093703,-0.29621162102061926,-0.000494904940295901
2022-07-07_Australia_Germany,2022-07-07,Australia,Germany,0,0.08333333333333333,0.16666666666666666,1.0739048309835741,-0.1768254669090866,0.3226324541953553,-0.8308080808080808,1.3888831377961814,0.02534436216221324,0.2916666666666667,0.16666666666666666,0.6489937800132473,-0.255671721503354,0.3032402413073919,-1.0883798391151334,0.42140371929774106,0.014834443770865957,-0.20833333333333337,0.0,0.4249110509703269,0.07884625459426739,0.01939221288796339,0.2575717583070526,0.9674794184984403,0.010509918391347284
2022-07-07_Australia_Germany,2022-07-07,Germany,Australia,1,0.2916666666666667,0.16666666666666666,0.6489937800132473,-0.255671721503354,0.3032402413073919,-1.0883798391151334,0.42140371929774106,0.014834443770865957,0.08333333333333333,0.16666666666666666,1.0739048309835741,-0.1768254669090866,0.3226324541953553,-0.8308080808080808,1.3888831377961814,0.02534436216221324,0.20833333333333337,0.0,-0.4249110509703269,-0.07884625459426739,-0.01939221288796339,-0.2575717583070526,-0.9674794184984403,-0.010509918391347284
2022-07-07_Brazil_Canada,2022-07-07,Brazil,Canada,1,0.8076923076923077,0.6666666666666666,1.6276656350829792,-0.16285967353738387,0.29569558538702995,-0.6361823361823361,0.8066764132553605,0.019504466691539196,0.375,0.3333333333333333,1.0003150264489233,-0.26950478576865305,0.13168849875337493,-2.120498084291188,0.5868686868686869,0.020722932743330997,0.4326923076923077,0.3333333333333333,0.6273506086340559,0.10664511223126918,0.164007086633655,1.4843157481088518,0.21980772638667367,-0.0012184660517918014
2022-07-07_Brazil_Canada,2022-07-07,Canada,Brazil,0,0.375,0.3333333333333333,1.0003150264489233,-0.26950478576865305,0.13168849875337493,-2.120498084291188,0.5868686868686869,0.020722932743330997,0.8076923076923077,0.6666666666666666,1.6276656350829792,-0.16285967353738387,0.29569558538702995,-0.6361823361823361,0.8066764132553605,0.019504466691539196,-0.4326923076923077,-0.3333333333333333,-0.6273506086340559,-0.10664511223126918,-0.164007086633655,-1.4843157481088518,-0.21980772638667367,0.0012184660517918014
2022-07-07_Bulgaria_Slovenia,2022-07-07,Bulgaria,Slovenia,0,0.125,0.16666666666666666,0.9006842073915245,-0.13163222840707786,0.3651219035995586,-0.6594103360407709,0.5491578682755153,0.016111111111111114,0.6153846153846154,0.5,0.9740215558794172,-0.20017146008525313,0.28787037037037033,-1.7236749680715198,0.3847537342868413,0.008597883597883597,-0.4903846153846154,-0.33333333333333337,-0.07333734848789264,0.06853923167817527,0.07725153322918826,1.0642646320307487,0.16440413398867398,0.007513227513227517
2022-07-07_Bulgaria_Slovenia,2022-07-07,Slovenia,Bulgaria,1,0.6153846153846154,0.5,0.9740215558794172,-0.20017146008525313,0.28787037037037033,-1.7236749680715198,0.3847537342868413,0.008597883597883597,0.125,0.16666666666666666,0.9006842073915245,-0.13163222840707786,0.3651219035995586,-0.6594103360407709,0.5491578682755153,0.016111111111111114,0.4903846153846154,0.33333333333333337,0.07333734848789264,-0.06853923167817527,-0.07725153322918826,-1.0642646320307487,-0.16440413398867398,-0.007513227513227517
2022-07-07_China_Poland,2022-07-07,China,Poland,0,0.14285714285714285,0.16666666666666666,0.8708855948016372,-0.1512719671201814,0.21495231256540745,-1.0412454212454212,0.3221335467078501,0.01936873980899138,0.7692307692307693,0.8333333333333334,1.394434541493365,-0.13121160068849452,0.2412229876935759,-0.9793650793650793,0.5338235294117647,0.005888275982838631,-0.6263736263736264,-0.6666666666666667,-0.5235489466917278,-0.020060366431686877,-0.02627067512816844,-0.06188034188034186,-0.2116899827039146,0.013480463826152748
2022-07-07_China_Poland,2022-07-07,Poland,China,1,0.7692307692307693,0.8333333333333334,1.394434541493365,-0.13121160068849452,0.2412229876935759,-0.9793650793650793,0.5338235294117647,0.005888275982838631,0.14285714285714285,0.16666666666666666,0.8708855948016372,-0.1512719671201814,0.21495231256540745,-1.0412454212454212,0.3221335467078501,0.01936873980899138,0.6263736263736264,0.6666666666666667,0.5235489466917278,0.020060366431686877,0.02627067512816844,0.06188034188034186,0.2116899827039146,-0.013480463826152748
2022-07-07_France_United States,2022-07-07,France,United States,0,0.75,0.8333333333333334,1.1409489113286737,-0.20332547548263424,0.33874010883814804,-0.37586726998491704,0.345897815498096,0.023672521292369908,0.625,0.6666666666666666,1.2237080357668593,-0.1481591430095958,0.4497249278499278,-1.4155270655270655,0.7726951988579897,0.01017225087012665,0.125,0.16666666666666674,-0.08275912443818556,-0.055166332473038454,-0.11098481901177976,1.0396597955421485,-0.42679738335989365,0.013500270422243258
2022-07-07_France_United States,2022-07-07,United States,France,1,0.625,0.6666666666666666,1.2237080357668593,-0.1481591430095958,0.4497249278499278,-1.4155270655270655,0.7726951988579897,0.01017225087012665,0.75,0.8333333333333334,1.1409489113286737,-0.20332547548263424,0.33874010883814804,-0.37586726998491704,0.345897815498096,0.023672521292369908,-0.125,-0.16666666666666674,0.08275912443818556,0.055166332473038454,0.11098481901177976,-1.0396597955421485,0.42679738335989365,-0.013500270422243258
2022-07-07_Iran_Italy,2022-07-07,Iran,Italy,0,0.4166666666666667,0.5,1.1940198690198691,-0.15091657850820822,0.22216253354879445,-2.0115440115440113,0.910802822273074,0.02095580571190327,0.5833333333333334,0.8333333333333334,1.3037417201997927,-0.16265016027133178,0.2947214414043385,-0.7338448588448587,0.3511127786989856,0.011613018285581178,-0.16666666666666669,-0.33333333333333337,-0.10972185117992361,0.011733581763123557,-0.07255890785554403,-1.2776991526991526,0.5596900435740884,0.009342787426322092
2022-07-07_Iran_Italy,2022-07-07,Italy,Iran,1,0.5833333333333334,0.8333333333333334,1.3037417201997927,-0.16265016027133178,0.2947214414043385,-0.7338448588448587,0.3511127786989856,0.011613018285581178,0.4166666666666667,0.5,1.1940198690198691,-0.15091657850820822,0.22216253354879445,-2.0115440115440113,0.910802822273074,0.02095580571190327,0.16666666666666669,0.33333333333333337,0.10972185117992361,-0.011733581763123557,0.07255890785554403,1.2776991526991526,-0.5596900435740884,-0.009342787426322092
2022-07-08_Argentina_Australia,2022-07-08,Argentina,Australia,1,0.4166666666666667,0.3333333333333333,1.027969434378577,-0.23386850577789267,0.33715633490173436,-0.6866596163197863,0.4396319654384171,0.00666682047496001,0.08,0.16666666666666666,1.0368677939465374,-0.16949408860996637,0.379470979078993,-0.6679292929292929,1.47762772654077,0.0173239144273287,0.33666666666666667,0.16666666666666666,-0.008898359567960368,-0.0643744171679263,-0.042314644177258665,-0.01873032339049341,-1.037995761102353,-0.01065709395236869
2022-07-08_Argentina_Australia,2022-07-08,Australia,Argentina,0,0.08,0.16666666666666666,1.0368677939465374,-0.16949408860996637,0.379470979078993,-0.6679292929292929,1.47762772654077,0.0173239144273287,0.4166666666666667,0.3333333333333333,1.027969434378577,-0.23386850577789267,0.33715633490173436,-0.6866596163197863,0.4396319654384171,0.00666682047496001,-0.33666666666666667,-0.16666666666666666,0.008898359567960368,0.0643744171679263,0.042314644177258665,0.01873032339049341,1.037995761102353,0.01065709395236869
2022-07-08_Brazil_France,2022-07-08,Brazil,France,0,0.8148148148148148,0.8333333333333334,1.6052484810868777,-0.14315067882838914,0.21359735812751238,-0.6342592592592592,0.7574828648682637,0.007876559714795008,0.72,0.6666666666666666,1.1020100133472226,-0.23251077106137244,0.3268397512108204,-0.26439540851305554,0.3324115030987401,0.021941752061600674,0.0948148148148148,0.16666666666666674,0.5032384677396551,0.0893600922329833,-0.113242393083308,-0.36986385074620365,0.42507136176952354,-0.014065192346805666
2022-07-08_Brazil_France,2022-07-08,France,Brazil,1,0.72,0.6666666666666666,1.1020100133472226,-0.23251077106137244,0.3268397512108204,-0.26439540851305554,0.3324115030987401,0.021941752061600674,0.8148148148148148,0.8333333333333334,1.6052484810868777,-0.14315067882838914,0.21359735812751238,-0.6342592592592592,0.7574828648682637,0.007876559714795008,-0.0948148148148148,-0.16666666666666674,-0.5032384677396551,-0.0893600922329833,0.113242393083308,0.36986385074620365,-0.42507136176952354,0.014065192346805666
2022-07-08_Bulgaria_Netherlands,2022-07-08,Bulgaria,Netherlands,1,0.12,0.16666666666666666,0.8882499654020458,-0.1577006044754539,0.3409550445215936,-0.6162924032489251,0.6991578682755154,0.015217673814165044,0.375,0.8333333333333334,1.0631171759321578,-0.1199945887445887,0.38910721946436233,0.07069702328323017,0.44130190796857466,0.0030303030303030303,-0.255,-0.6666666666666667,-0.174867210530112,-0.0377060157308652,-0.048152174942768744,-0.6869894265321552,0.25785596030694075,0.012187370783862013
2022-07-08_Bulgaria_Netherlands,2022-07-08,Netherlands,Bulgaria,0,0.375,0.8333333333333334,1.0631171759321578,-0.1199945887445887,0.38910721946436233,0.07069702328323017,0.44130190796857466,0.0030303030303030303,0.12,0.16666666666666666,0.8882499654020458,-0.1577006044754539,0.3409550445215936,-0.6162924032489251,0.6991578682755154,0.015217673814165044,0.255,0.6666666666666667,0.174867210530112,0.0377060157308652,0.048152174942768744,0.6869894265321552,-0.25785596030694075,-0.012187370783862013
2022-07-08_Canada_Japan,2022-07-08,Canada,Japan,0,0.36,0.16666666666666666,0.8742646062808563,-0.2639153548743441,0.17219775801263415,-2.1723986690865096,0.6315546772068511,0.01739324837916387,0.5833333333333334,0.8333333333333334,1.235270347369192,-0.1205950269835862,0.38552390803534964,-0.6814790207785565,0.3074816550403767,0.013938871395011746,-0.22333333333333338,-0.6666666666666667,-0.3610057410883356,-0.14332032789075788,-0.2133261500227155,-1.490919648307953,0.3240730221664744,0.0034543769841521247
2022-07-08_Canada_Japan,2022-07-08,Japan,Canada,1,0.5833333333333334,0.8333333333333334,1.235270347369192,-0.1205950269835862,0.38552390803534964,-0.6814790207785565,0.3074816550403767,0.013938871395011746,0.36,0.16666666666666666,0.8742646062808563,-0.2639153548743441,0.17219775801263415,-2.1723986690865096,0.6315546772068511,0.01739324837916387,0.22333333333333338,0.6666666666666667,0.3610057410883356,0.14332032789075788,0.2133261500227155,1.490919648307953,-0.3240730221664744,-0.0034543769841521247
2022-07-08_Iran_Slovenia,2022-07-08,Iran,Slovenia,1,0.4,0.5,1.23514541014541,-0.13345296104459076,0.20714392642492419,-2.6186868686868685,0.9035564454614796,0.00876068376068376,0.6296296296296297,0.5,1.0343301112791368,-0.19286626528005835,0.1807275132275132,-1.5014527458492974,0.40174934832192893,0.007547463429816371,-0.22962962962962963,0.0,0.20081529886627325,0.05941330423546759,0.026416413197410976,-1.117234122837571,0.5018070971395507,0.00121322033086739
2022-07-08_Iran_Slovenia,2022-07-08,Slovenia,Iran,0,0.6296296296296297,0.5,1.0343301112791368,-0.19286626528005835,0.1807275132275132,-1.5014527458492974,0.40174934832192893,0.007547463429816371,0.4,0.5,1.23514541014541,-0.13345296104459076,0.20714392642492419,-2.6186868686868685,0.9035564454614796,0.00876068376068376,0.22962962962962963,0.0,-0.20081529886627325,-0.05941330423546759,-0.026416413197410976,1.117234122837571,-0.5018070971395507,-0.00121322033086739
2022-07-08_Italy_Serbia,2022-07-08,Italy,Serbia,1,0.6,0.8333333333333334,1.368411373055336,-0.1425491501703217,0.2572879629331242,-0.8267676767676768,0.33219385978006666,0.008468364197530864,0.5833333333333334,0.3333333333333333,1.2982652798275822,-0.2144225461665169,0.1426065281129936,-1.3030345471521942,0.6634990253411305,0.01794863187053732,0.016666666666666607,0.5,0.07014609322775378,0.07187339599619522,0.11468143482013063,0.4762668703845174,-0.3313051655610638,-0.009480267673006455
2022-07-08_Italy_Serbia,2022-07-08,Serbia,Italy,0,0.5833333333333334,0.3333333333333333,1.2982652798275822,-0.2144225461665169,0.1426065281129936,-1.3030345471521942,0.6634990253411305,0.01794863187053732,0.6,0.8333333333333334,1.368411373055336,-0.1425491501703217,0.2572879629331242,-0.8267676767676768,0.33219385978006666,0.008468364197530864,-0.016666666666666607,-0.5,-0.07014609322775378,-0.07187339599619522,-0.11468143482013063,-0.4762668703845174,0.3313051655610638,0.009480267673006455
2022-07-09_Argentina_France,2022-07-09,Argentina,France,1,0.44,0.5,1.119189781651749,-0.20358565443339752,0.47797423613630224,-0.6033262829864529,0.4644067402131918,0.00666682047496001,0.7307692307692307,0.6666666666666666,1.201879677733016,-0.24048143900334604,0.32871900890403155,-0.3643954085130556,0.28426335495059196,0.020608951848352642,-0.2907692307692307,-0.16666666666666663,-0.08268989608126698,0.03689578456994852,0.1492552272322707,-0.23893087447339728,0.18014338526259982,-0.013942131373392633
2022-07-09_Argentina_France,2022-07-09,France,Argentina,0,0.7307692307692307,0.6666666666666666,1.201879677733016,-0.24048143900334604,0.32871900890403155,-0.3643954085130556,0.28426335495059196,0.020608951848352642,0.44,0.5,1.119189781651749,-0.20358565443339752,0.47797423613630224,-0.6033262829864529,0.4644067402131918,0.00666682047496001,0.2907692307692307,0.16666666666666663,0.08268989608126698,-0.03689578456994852,-0.1492552272322707,0.23893087447339728,-0.18014338526259982,0.013942131373392633
2022-07-09_Bulgaria_China,2022-07-09,Bulgaria,China,0,0.15384615384615385,0.16666666666666666,0.8146013167533971,-0.15810072087295135,0.2328592842876754,-0.5395962732919255,0.7645424836601307,0.01928271446457155,0.125,0.16666666666666666,0.9727374466534888,-0.16130753622587243,0.17619262264292687,-1.0848901098901098,0.427396704602587,0.015665036105287678,0.028846153846153855,0.0,-0.15813612990009174,0.003206815352921083,0.05666666164474854,0.5452938365981843,0.33714577905754367,0.0036176783592838727
2022-07-09_Bulgaria_China,2022-07-09,China,Bulgaria,1,0.125,0.16666666666666666,0.9727374466534888,-0.16130753622587243,0.17619262264292687,-1.0848901098901098,0.427396704602587,0.015665036105287678,0.15384615384615385,0.16666666666666666,0.8146013167533971,-0.15810072087295135,0.2328592842876754,-0.5395962732919255,0.7645424836601307,0.01928271446457155,-0.028846153846153855,0.0,0.15813612990009174,-0.003206815352921083,-0.05666666164474854,-0.5452938365981843,-0.33714577905754367,-0.0036176783592838727
2022-07-09_Canada_United States,2022-07-09,Canada,United States,0,0.34615384615384615,0.0,0.8533680778009103,-0.2667569659442724,0.16657752517441657,-2.1360350327228734,0.6252415458937198,0.020317224987351005,0.64,0.6666666666666666,1.1817392377005003,-0.15473809037801686,0.3412142895520555,-1.3021011396011397,0.7953390177074389,0.014676755374631154,-0.29384615384615387,-0.6666666666666666,-0.32837115989959,-0.11201887556625553,-0.17463676437763895,-0.8339338931217337,-0.17009747181371904,0.005640469612719851
2022-07-09_Canada_United States,2022-07-09,United States,Canada,1,0.64,0.6666666666666666,1.1817392377005003,-0.15473809037801686,0.3412142895520555,-1.3021011396011397,0.7953390177074389,0.014676755374631154,0.34615384615384615,0.0,0.8533680778009103,-0.2667569659442724,0.16657752517441657,-2.1360350327228734,0.6252415458937198,0.020317224987351005,0.29384615384615387,0.6666666666666666,0.32837115989959,0.11201887556625553,0.17463676437763895,0.8339338931217337,0.17009747181371904,-0.005640469612719851
2022-07-09_Germany_Japan,2022-07-09,Germany,Japan,0,0.32,0.16666666666666666,0.7245146133465806,-0.26660722597334124,0.3542450923122429,-1.1717131724484666,0.3723046201986419,0.011689789682815642,0.6,0.8333333333333334,1.1913426987903808,-0.13220278859134782,0.3896905747020163,-0.737839729313178,0.34280091094786797,0.009665367121507472,-0.27999999999999997,-0.6666666666666667,-0.46682808544380017,-0.13440443738199342,-0.03544548238977341,-0.43387344313528864,0.029503709250773946,0.0020244225613081698
2022-07-09_Germany_Japan,2022-07-09,Japan,Germany,1,0.6,0.8333333333333334,1.1913426987903808,-0.13220278859134782,0.3896905747020163,-0.737839729313178,0.34280091094786797,0.009665367121507472,0.32,0.16666666666666666,0.7245146133465806,-0.26660722597334124,0.3542450923122429,-1.1717131724484666,0.3723046201986419,0.011689789682815642,0.27999999999999997,0.6666666666666667,0.46682808544380017,0.13440443738199342,0.03544548238977341,0.43387344313528864,-0.029503709250773946,-0.0020244225613081698
2022-07-09_Iran_Serbia,2022-07-09,Iran,Serbia,1,0.4230769230769231,0.6666666666666666,1.257872682872683,-0.14261495917717712,0.21971646027405378,-2.202020202020202,0.8688342232392577,0.00876068376068376,0.56,0.3333333333333333,1.1733494549117574,-0.2203379558086346,0.11962673013319564,-1.4890873015873016,0.7884990253411305,0.015238604770266317,-0.13692307692307698,0.3333333333333333,0.0845232279609256,0.07772299663145749,0.10008973014085815,-0.7129329004329004,0.08033519789812726,-0.006477921009582556
2022-07-09_Iran_Serbia,2022-07-09,Serbia,Iran,0,0.56,0.3333333333333333,1.1733494549117574,-0.2203379558086346,0.11962673013319564,-1.4890873015873016,0.7884990253411305,0.015238604770266317,0.4230769230769231,0.6666666666666666,1.257872682872683,-0.14261495917717712,0.21971646027405378,-2.202020202020202,0.8688342232392577,0.00876068376068376,0.13692307692307698,-0.3333333333333333,-0.0845232279609256,-0.07772299663145749,-0.10008973014085815,0.7129329004329004,-0.08033519789812726,0.006477921009582556
2022-07-09_Netherlands_Poland,2022-07-09,Netherlands,Poland,0,0.36,0.6666666666666666,0.966096241954702,-0.10812684413430677,0.292681900702978,-2.9293029767167695,0.44728276921259374,0.006861720654824103,0.7777777777777778,0.8333333333333334,1.6595860566448801,-0.10915652674662814,0.28455632102690925,-1.08,0.5221833177715531,0.005888275982838631,-0.4177777777777778,-0.16666666666666674,-0.6934898146901781,0.0010296826123213643,0.00812557967606875,-1.8493029767167695,-0.07490054855895939,0.000973444671985472
2022-07-09_Netherlands_Poland,2022-07-09,Poland,Netherlands,1,0.7777777777777778,0.8333333333333334,1.6595860566448801,-0.10915652674662814,0.28455632102690925,-1.08,0.5221833177715531,0.005888275982838631,0.36,0.6666666666666666,0.966096241954702,-0.10812684413430677,0.292681900702978,-2.9293029767167695,0.44728276921259374,0.006861720654824103,0.4177777777777778,0.16666666666666674,0.6934898146901781,-0.0010296826123213643,-0.00812557967606875,1.8493029767167695,0.07490054855895939,-0.000973444671985472
2022-07-10_Argentina_United States,2022-07-10,Argentina,United States,0,0.46153846153846156,0.6666666666666666,1.1150715645974858,-0.21040760528519908,0.4635138902806076,-0.6007146970415337,0.45885118465763636,0.008627604788685501,0.6538461538461539,0.6666666666666666,1.1768674428287051,-0.15223182471385643,0.3991736912614572,-1.1187678062678061,0.6723231446915658,0.024200564898440677,-0.1923076923076923,0.0,-0.06179587823121935,-0.05817578057134265,0.06434019901915039,0.5180531092262725,-0.2134719600339295,-0.015572960109755176
2022-07-10_Argentina_United States,2022-07-10,United States,Argentina,1,0.6538461538461539,0.6666666666666666,1.1768674428287051,-0.15223182471385643,0.3991736912614572,-1.1187678062678061,0.6723231446915658,0.024200564898440677,0.46153846153846156,0.6666666666666666,1.1150715645974858,-0.21040760528519908,0.4635138902806076,-0.6007146970415337,0.45885118465763636,0.008627604788685501,0.1923076923076923,0.0,0.06179587823121935,0.05817578057134265,-0.06434019901915039,-0.5180531092262725,0.2134719600339295,0.015572960109755176
2022-07-10_Australia_France,2022-07-10,Australia,France,0,0.07692307692307693,0.16666666666666666,1.030142647747707,-0.18093964788161263,0.3647422969084504,-0.7026515151515151,1.4634800384800384,0.01646001224763705,0.7037037037037037,0.6666666666666666,1.1894672653206035,-0.2564125024753931,0.34019860074076624,-0.34976247200511906,0.27285501506074145,0.011988262193180227,-0.6267806267806268,-0.5,-0.15932461757289662,0.07547285459378048,0.024543696167684148,-0.3528890431463961,1.190625023419297,0.004471750054456823
2022-07-10_Australia_France,2022-07-10,France,Australia,1,0.7037037037037037,0.6666666666666666,1.1894672653206035,-0.2564125024753931,0.34019860074076624,-0.34976247200511906,0.27285501506074145,0.011988262193180227,0.07692307692307693,0.16666666666666666,1.030142647747707,-0.18093964788161263,0.3647422969084504,-0.7026515151515151,1.4634800384800384,0.01646001224763705,0.6267806267806268,0.5,0.15932461757289662,-0.07547285459378048,-0.024543696167684148,0.3528890431463961,-1.190625023419297,-0.004471750054456823
2022-07-10_Brazil_Japan,2022-07-10,Brazil,Japan,1,0.7857142857142857,0.8333333333333334,1.6115286743235924,-0.10317022917052011,0.21417339499387186,-0.6747821350762527,0.7034477771489657,0.005793226381461676,0.6153846153846154,0.8333333333333334,1.2421535096011915,-0.14008663562331128,0.36910233940789866,-0.7164722079456566,0.3569423250892821,0.011887589343729695,0.17032967032967028,0.0,0.36937516472240084,0.036916406452791165,-0.1549289444140268,0.04169007286940385,0.3465054520596836,-0.006094362962268019
2022-07-10_Brazil_Japan,2022-07-10,Japan,Brazil,0,0.6153846153846154,0.8333333333333334,1.2421535096011915,-0.14008663562331128,0.36910233940789866,-0.7164722079456566,0.3569423250892821,0.011887589343729695,0.7857142857142857,0.8333333333333334,1.6115286743235924,-0.10317022917052011,0.21417339499387186,-0.6747821350762527,0.7034477771489657,0.005793226381461676,-0.17032967032967028,0.0,-0.36937516472240084,-0.036916406452791165,0.1549289444140268,-0.04169007286940385,-0.3465054520596836,0.006094362962268019
2022-07-10_China_Serbia,2022-07-10,China,Serbia,0,0.2222222222222222,0.3333333333333333,1.2557235577646002,-0.16226953718787337,0.1507795479302832,-0.9465201465201464,0.47600781571369805,0.0030864197530864196,0.5384615384615384,0.3333333333333333,1.028411183306819,-0.20270412764849066,0.08817005023901575,-1.5069444444444444,0.7051656920077972,0.015238604770266317,-0.3162393162393162,0.0,0.22731237445778119,0.04043459046061729,0.06260949769126745,0.560424297924298,-0.22915787629409917,-0.012152185017179898
2022-07-10_China_Serbia,2022-07-10,Serbia,China,1,0.5384615384615384,0.3333333333333333,1.028411183306819,-0.20270412764849066,0.08817005023901575,-1.5069444444444444,0.7051656920077972,0.015238604770266317,0.2222222222222222,0.3333333333333333,1.2557235577646002,-0.16226953718787337,0.1507795479302832,-0.9465201465201464,0.47600781571369805,0.0030864197530864196,0.3162393162393162,0.0,-0.22731237445778119,-0.04043459046061729,-0.06260949769126745,-0.560424297924298,0.22915787629409917,0.012152185017179898
2022-07-10_Italy_Netherlands,2022-07-10,Italy,Netherlands,1,0.6153846153846154,0.8333333333333334,1.2630982800762087,-0.1277276135702007,0.2662526093977707,-0.9652777777777778,0.3079514355376424,0.011341927415921669,0.34615384615384615,0.5,0.9663740197324797,-0.14385623102648437,0.23920065972173699,-3.4151635720601234,0.5398753618051864,0.006861720654824103,0.2692307692307693,0.33333333333333337,0.296724260343729,0.01612861745628366,0.027051949676033693,2.4498857942823458,-0.23192392626754393,0.004480206761097566
2022-07-10_Italy_Netherlands,2022-07-10,Netherlands,Italy,0,0.34615384615384615,0.5,0.9663740197324797,-0.14385623102648437,0.23920065972173699,-3.4151635720601234,0.5398753618051864,0.006861720654824103,0.6153846153846154,0.8333333333333334,1.2630982800762087,-0.1277276135702007,0.2662526093977707,-0.9652777777777778,0.3079514355376424,0.011341927415921669,-0.2692307692307693,-0.33333333333333337,-0.296724260343729,-0.01612861745628366,-0.027051949676033693,-2.4498857942823458,0.23192392626754393,-0.004480206761097566
2022-07-10_Poland_Slovenia,2022-07-10,Poland,Slovenia,1,0.7857142857142857,0.8333333333333334,1.988289760348584,-0.12146785147889899,0.22091109685536928,-2.013333333333333,0.5463160477866361,0.005888275982838631,0.6071428571428571,0.5,1.011711063660089,-0.17607039964698346,0.1699316109422492,-2.022286079182631,0.5585593841642229,0.008374183006535947,0.1785714285714286,0.33333333333333337,0.9765786966884951,0.054602548168084464,0.05097948591312007,0.008952745849297727,-0.012243336377586789,-0.0024859070236973166
2022-07-10_Poland_Slovenia,2022-07-10,Slovenia,Poland,0,0.6071428571428571,0.5,1.011711063660089,-0.17607039964698346,0.1699316109422492,-2.022286079182631,0.5585593841642229,0.008374183006535947,0.7857142857142857,0.8333333333333334,1.988289760348584,-0.12146785147889899,0.22091109685536928,-2.013333333333333,0.5463160477866361,0.005888275982838631,-0.1785714285714286,-0.33333333333333337,-0.9765786966884951,-0.054602548168084464,-0.05097948591312007,-0.008952745849297727,0.012243336377586789,0.0024859070236973166
2022-07-20_Brazil_United States,2022-07-20,Brazil,United States,0,0.7931034482758621,0.8333333333333334,1.6565061855679704,-0.11452384469080233,0.2442176707686979,-0.6494410044719642,0.589811413512602,0.0025252525252525255,0.6666666666666666,0.8333333333333334,1.2736166688348973,-0.15962390040871155,0.45083586556514094,-0.8718542260208926,0.5714459517091096,0.0214227871206629,0.12643678160919547,0.0,0.38288951673307303,0.04510005571790922,-0.20661819479644303,0.2224132215489284,0.01836546180349241,-0.018897534595410374
2022-07-20_Brazil_United States,2022-07-20,United States,Brazil,1,0.6666666666666666,0.8333333333333334,1.2736166688348973,-0.15962390040871155,0.45083586556514094,-0.8718542260208926,0.5714459517091096,0.0214227871206629,0.7931034482758621,0.8333333333333334,1.6565061855679704,-0.11452384469080233,0.2442176707686979,-0.6494410044719642,0.589811413512602,0.0025252525252525255,-0.12643678160919547,0.0,-0.38288951673307303,-0.04510005571790922,0.20661819479644303,-0.2224132215489284,-0.01836546180349241,0.018897534595410374
2022-07-20_Italy_Netherlands,2022-07-20,Italy,Netherlands,1,0.6296296296296297,1.0,1.246263263241192,-0.11085463980067523,0.21572350886867017,-3.6041666666666665,0.29235209235209236,0.011341927415921669,0.3333333333333333,0.5,1.0388740197324797,-0.15783799394441747,0.1735388440599213,-3.9564544650751547,0.47876425069407524,0.009507223300326748,0.29629629629629634,0.5,0.20738924350871235,0.046983354143742245,0.042184664808748884,0.35228779840848823,-0.18641215834198288,0.0018347041155949203
2022-07-20_Italy_Netherlands,2022-07-20,Netherlands,Italy,0,0.3333333333333333,0.5,1.0388740197324797,-0.15783799394441747,0.1735388440599213,-3.9564544650751547,0.47876425069407524,0.009507223300326748,0.6296296296296297,1.0,1.246263263241192,-0.11085463980067523,0.21572350886867017,-3.6041666666666665,0.29235209235209236,0.011341927415921669,-0.29629629629629634,-0.5,-0.20738924350871235,-0.046983354143742245,-0.042184664808748884,-0.35228779840848823,0.18641215834198288,-0.0018347041155949203
2022-07-21_France_Japan,2022-07-21,France,Japan,1,0.7142857142857143,0.6666666666666666,1.122006947860286,-0.28451848170919186,0.3226032928228777,-0.36895439119703816,0.2832897976694371,0.015534361483960368,0.5925925925925926,0.6666666666666666,1.246218550251598,-0.176710350917068,0.3778742692324601,-0.5874657976892463,0.4218063912831355,0.011887589343729695,0.12169312169312174,0.0,-0.12421160239131179,-0.10780813079212387,-0.055270976409582395,0.21851140649220818,-0.1385165936136984,0.003646772140230674
2022-07-21_France_Japan,2022-07-21,Japan,France,0,0.5925925925925926,0.6666666666666666,1.246218550251598,-0.176710350917068,0.3778742692324601,-0.5874657976892463,0.4218063912831355,0.011887589343729695,0.7142857142857143,0.6666666666666666,1.122006947860286,-0.28451848170919186,0.3226032928228777,-0.36895439119703816,0.2832897976694371,0.015534361483960368,-0.12169312169312174,0.0,0.12421160239131179,0.10780813079212387,0.055270976409582395,-0.21851140649220818,0.1385165936136984,-0.003646772140230674
2022-07-21_Iran_Poland,2022-07-21,Iran,Poland,0,0.4444444444444444,0.6666666666666666,1.2211663336663336,-0.1335775485004222,0.2148937652385928,-2.4924242424242427,0.8021675565725909,0.0032051282051282055,0.7931034482758621,0.8333333333333334,1.8212962962962962,-0.12125218550236344,0.17027279898302886,-2.416666666666667,0.5787234551940434,0.005888275982838631,-0.3486590038314177,-0.16666666666666674,-0.6001299626299625,-0.012325362998058753,0.04462096625556394,-0.07575757575757569,0.22344410137854742,-0.0026831477777104254
2022-07-21_Iran_Poland,2022-07-21,Poland,Iran,1,0.7931034482758621,0.8333333333333334,1.8212962962962962,-0.12125218550236344,0.17027279898302886,-2.416666666666667,0.5787234551940434,0.005888275982838631,0.4444444444444444,0.6666666666666666,1.2211663336663336,-0.1335775485004222,0.2148937652385928,-2.4924242424242427,0.8021675565725909,0.0032051282051282055,0.3486590038314177,0.16666666666666674,0.6001299626299625,0.012325362998058753,-0.04462096625556394,0.07575757575757569,-0.22344410137854742,0.0026831477777104254
2022-07-21_Poland_United States,2022-07-21,Poland,United States,0,0.7931034482758621,0.8333333333333334,1.8212962962962962,-0.12125218550236344,0.17027279898302886,-2.416666666666667,0.5787234551940434,0.005888275982838631,0.6785714285714286,0.8333333333333334,1.1992119069301355,-0.15494983051725034,0.5325175472468225,-0.9026234567901233,0.5243738796370375,0.018690546683504432,0.1145320197044335,0.0,0.6220843893661607,0.033697645014886896,-0.3622447482637937,-1.5140432098765437,0.054349575557005925,-0.0128022707006658
2022-07-21_Poland_United States,2022-07-21,United States,Poland,1,0.6785714285714286,0.8333333333333334,1.1992119069301355,-0.15494983051725034,0.5325175472468225,-0.9026234567901233,0.5243738796370375,0.018690546683504432,0.7931034482758621,0.8333333333333334,1.8212962962962962,-0.12125218550236344,0.17027279898302886,-2.416666666666667,0.5787234551940434,0.005888275982838631,-0.1145320197044335,0.0,-0.6220843893661607,-0.033697645014886896,0.3622447482637937,1.5140432098765437,-0.054349575557005925,0.0128022707006658
2022-07-23_France_Italy,2022-07-23,France,Italy,1,0.7241379310344828,0.6666666666666666,1.2940999711161,-0.3137582477910632,0.39976378665003826,-0.33597756410256413,0.2998264011625624,0.014029344761552341,0.6428571428571429,1.0,1.177194194172123,-0.08924970152907029,0.15890532705048835,-3.713235294117647,0.30764031290347077,0.010902262913757165,0.08128078817733986,-0.33333333333333337,0.11690577694397719,-0.2245085462619929,0.2408584595995499,3.3772577300150832,-0.007813911740908397,0.0031270818477951764
2022-07-23_France_Italy,2022-07-23,Italy,France,0,0.6428571428571429,1.0,1.177194194172123,-0.08924970152907029,0.15890532705048835,-3.713235294117647,0.30764031290347077,0.010902262913757165,0.7241379310344828,0.6666666666666666,1.2940999711161,-0.3137582477910632,0.39976378665003826,-0.33597756410256413,0.2998264011625624,0.014029344761552341,-0.08128078817733986,0.33333333333333337,-0.11690577694397719,0.2245085462619929,-0.2408584595995499,-3.3772577300150832,0.007813911740908397,-0.0031270818477951764
2022-07-23_Italy_Poland,2022-07-23,Italy,Poland,0,0.6428571428571429,1.0,1.177194194172123,-0.08924970152907029,0.15890532705048835,-3.713235294117647,0.30764031290347077,0.010902262913757165,0.7741935483870968,0.6666666666666666,1.5626770779996588,-0.16776192348751126,0.1734318403773644,-2.5625,0.6085553879671527,0.0017730496453900709,-0.13133640552995385,0.33333333333333337,-0.3854828838275359,0.07851222195844097,-0.014526513326876045,-1.1507352941176472,-0.3009150750636819,0.009129213268367093
2022-07-23_Italy_Poland,2022-07-23,Poland,Italy,1,0.7741935483870968,0.6666666666666666,1.5626770779996588,-0.16776192348751126,0.1734318403773644,-2.5625,0.6085553879671527,0.0017730496453900709,0.6428571428571429,1.0,1.177194194172123,-0.08924970152907029,0.15890532705048835,-3.713235294117647,0.30764031290347077,0.010902262913757165,0.13133640552995385,-0.33333333333333337,0.3854828838275359,-0.07851222195844097,0.014526513326876045,1.1507352941176472,0.3009150750636819,-0.009129213268367093
2022-07-24_France_United States,2022-07-24,France,United States,1,0.7333333333333333,0.6666666666666666,1.4065999711161001,-0.26937418982004874,0.5150415644278159,-0.4570601851851852,0.3354585850706084,0.014534395266602848,0.6896551724137931,1.0,1.2845293672475957,-0.13969409859485177,0.5417250064542818,-0.5676875593542261,0.37868623394939177,0.016375731868689614,0.04367816091954013,-0.33333333333333337,0.12207060386850443,-0.12968009122519697,-0.026683442026465887,0.11062737416904089,-0.04322764887878339,-0.0018413366020867666
2022-07-24_France_United States,2022-07-24,United States,France,0,0.6896551724137931,1.0,1.2845293672475957,-0.13969409859485177,0.5417250064542818,-0.5676875593542261,0.37868623394939177,0.016375731868689614,0.7333333333333333,0.6666666666666666,1.4065999711161001,-0.26937418982004874,0.5150415644278159,-0.4570601851851852,0.3354585850706084,0.014534395266602848,-0.04367816091954013,0.33333333333333337,-0.12207060386850443,0.12968009122519697,0.026683442026465887,-0.11062737416904089,0.04322764887878339,0.0018413366020867666
2023-06-06_Argentina_Italy,2023-06-06,Argentina,Italy,1,0.4444444444444444,0.6666666666666666,1.204618922001986,-0.2158375008375267,0.4652232919900092,-0.7825328788597155,0.46937307017952185,0.009037038132937056,0.6,0.6666666666666666,0.8965770104299392,-0.11844674737099532,0.11458495208495208,-3.85609243697479,0.37466583124477865,0.0050380653828929695,-0.15555555555555556,0.0,0.30804191157204686,-0.09739075346653138,0.35063833990505716,3.0735595581150745,0.0947072389347432,0.003998972750044087
2023-06-06_Argentina_Italy,2023-06-06,Italy,Argentina,0,0.6,0.6666666666666666,0.8965770104299392,-0.11844674737099532,0.11458495208495208,-3.85609243697479,0.37466583124477865,0.0050380653828929695,0.4444444444444444,0.6666666666666666,1.204618922001986,-0.2158375008375267,0.4652232919900092,-0.7825328788597155,0.46937307017952185,0.009037038132937056,0.15555555555555556,0.0,-0.30804191157204686,0.09739075346653138,-0.35063833990505716,-3.0735595581150745,-0.0947072389347432,-0.003998972750044087
2023-06-06_Bulgaria_China,2023-06-06,Bulgaria,China,0,0.14814814814814814,0.16666666666666666,0.992169683346154,-0.16526261294490338,0.1680232812365694,-3.267857142857143,0.7921717171717172,0.019220151902008986,0.2,0.16666666666666666,1.2049989200834406,-0.19771268690538754,0.1221161018755328,-1.1465201465201464,0.519947209653092,0.005169753086419753,-0.05185185185185187,0.0,-0.2128292367372866,0.03245007396048416,0.045907179361036596,-2.1213369963369964,0.27222450751862515,0.014050398815589234
2023-06-06_Bulgaria_China,2023-06-06,China,Bulgaria,1,0.2,0.16666666666666666,1.2049989200834406,-0.19771268690538754,0.1221161018755328,-1.1465201465201464,0.519947209653092,0.005169753086419753,0.14814814814814814,0.16666666666666666,0.992169683346154,-0.16526261294490338,0.1680232812365694,-3.267857142857143,0.7921717171717172,0.019220151902008986,0.05185185185185187,0.0,0.2128292367372866,-0.03245007396048416,-0.045907179361036596,2.1213369963369964,-0.27222450751862515,-0.014050398815589234
2023-06-06_Iran_Japan,2023-06-06,Iran,Japan,0,0.42857142857142855,0.6666666666666666,1.2197803322803324,-0.14174253166540535,0.2361780365228641,-2.078787878787879,0.4278985507246377,0.006505458238131506,0.5714285714285714,0.6666666666666666,1.221469176818014,-0.16615452047009457,0.4116906943532331,-1.019283979507428,0.5083109719737626,0.005308641975308642,-0.14285714285714285,0.0,-0.0016888445376814776,0.024411988804689227,-0.17551265783036898,-1.059503899280451,-0.0804124212491249,0.001196816262822864
2023-06-06_Iran_Japan,2023-06-06,Japan,Iran,1,0.5714285714285714,0.6666666666666666,1.221469176818014,-0.16615452047009457,0.4116906943532331,-1.019283979507428,0.5083109719737626,0.005308641975308642,0.42857142857142855,0.6666666666666666,1.2197803322803324,-0.14174253166540535,0.2361780365228641,-2.078787878787879,0.4278985507246377,0.006505458238131506,0.14285714285714285,0.0,0.0016888445376814776,-0.024411988804689227,0.17551265783036898,1.059503899280451,0.0804124212491249,-0.001196816262822864
2023-06-07_Brazil_Germany,2023-06-07,Brazil,Germany,1,0.7666666666666667,0.6666666666666666,1.493128992585514,-0.11438815948049025,0.343316769867797,-0.7018219568529166,0.5739383976395861,0.0025252525252525255,0.3076923076923077,0.16666666666666666,0.7579230217549889,-0.2674136775862445,0.36257842564557624,-1.1369909502262445,0.4375220115029898,0.011689789682815642,0.458974358974359,0.5,0.7352059708305251,0.15302551810575427,-0.01926165577777922,0.43516899337332793,0.1364163861365963,-0.009164537157563116
2023-06-07_Brazil_Germany,2023-06-07,Germany,Brazil,0,0.3076923076923077,0.16666666666666666,0.7579230217549889,-0.2674136775862445,0.36257842564557624,-1.1369909502262445,0.4375220115029898,0.011689789682815642,0.7666666666666667,0.6666666666666666,1.493128992585514,-0.11438815948049025,0.343316769867797,-0.7018219568529166,0.5739383976395861,0.0025252525252525255,-0.458974358974359,-0.5,-0.7352059708305251,-0.15302551810575427,0.01926165577777922,-0.43516899337332793,-0.1364163861365963,0.009164537157563116
2023-06-07_France_Poland,2023-06-07,France,Poland,0,0.7419354838709677,0.8333333333333334,1.5202039597200887,-0.24899315304556935,0.5373400206885364,-0.8013362794612795,0.320746244271311,0.014783683015890595,0.78125,0.8333333333333334,1.5256400409626216,-0.15393727552780315,0.29488021182573587,-1.75,0.4860063683593096,0.0026455026455026454,-0.03931451612903225,0.0,-0.00543608124253292,-0.0950558775177662,0.2424598088628005,0.9486637205387205,-0.16526012408799862,0.01213818037038795
2023-06-07_France_Poland,2023-06-07,Poland,France,1,0.78125,0.8333333333333334,1.5256400409626216,-0.15393727552780315,0.29488021182573587,-1.75,0.4860063683593096,0.0026455026455026454,0.7419354838709677,0.8333333333333334,1.5202039597200887,-0.24899315304556935,0.5373400206885364,-0.8013362794612795,0.320746244271311,0.014783683015890595,0.03931451612903225,0.0,0.00543608124253292,0.0950558775177662,-0.2424598088628005,-0.9486637205387205,0.16526012408799862,-0.01213818037038795
2023-06-07_Netherlands_United States,2023-06-07,Netherlands,United States,0,0.32142857142857145,0.3333333333333333,1.021330160083357,-0.16544033312570403,0.22736907180319255,-4.138505747126437,0.48639907850434166,0.008064221857325306,0.6666666666666666,0.8333333333333334,1.3081255440695791,-0.14062147354413593,0.4547347582273314,-0.6681303934927123,0.4046833849465428,0.01841427894059473,-0.3452380952380952,-0.5,-0.28679538398622206,-0.024818859581568098,-0.22736568642413885,-3.4703753536337243,0.08171569355779884,-0.010350057083269424
2023-06-07_Netherlands_United States,2023-06-07,United States,Netherlands,1,0.6666666666666666,0.8333333333333334,1.3081255440695791,-0.14062147354413593,0.4547347582273314,-0.6681303934927123,0.4046833849465428,0.01841427894059473,0.32142857142857145,0.3333333333333333,1.021330160083357,-0.16544033312570403,0.22736907180319255,-4.138505747126437,0.48639907850434166,0.008064221857325306,0.3452380952380952,0.5,0.28679538398622206,0.024818859581568098,0.22736568642413885,3.4703753536337243,-0.08171569355779884,0.010350057083269424
2023-06-07_Serbia_Slovenia,2023-06-07,Serbia,Slovenia,0,0.5555555555555556,0.5,1.092927312339077,-0.17048513540042864,0.0748403940522167,-3.0694444444444446,0.6416736285157337,0.012188009532171078,0.5862068965517241,0.3333333333333333,0.986813256153586,-0.20515536696724487,0.08394676245740074,-2.3577777777777778,0.5793927174975562,0.010334967320261438,-0.030651340996168508,0.16666666666666669,0.10611405618549108,0.03467023156681623,-0.009106368405184043,-0.7116666666666669,0.062280911018177565,0.00185304221190964
2023-06-07_Serbia_Slovenia,2023-06-07,Slovenia,Serbia,1,0.5862068965517241,0.3333333333333333,0.986813256153586,-0.20515536696724487,0.08394676245740074,-2.3577777777777778,0.5793927174975562,0.010334967320261438,0.5555555555555556,0.5,1.092927312339077,-0.17048513540042864,0.0748403940522167,-3.0694444444444446,0.6416736285157337,0.012188009532171078,0.030651340996168508,-0.16666666666666669,-0.10611405618549108,-0.03467023156681623,0.009106368405184043,0.7116666666666669,-0.062280911018177565,-0.00185304221190964
2023-06-08_Argentina_Brazil,2023-06-08,Argentina,Brazil,0,0.4642857142857143,0.6666666666666666,1.1120901863698023,-0.2150513373155141,0.4525598932971988,-0.5649402862671228,0.4414227596205155,0.00639153548743441,0.7741935483870968,0.6666666666666666,1.3034208512644696,-0.10260655028508796,0.328316769867797,-0.8018219568529165,0.45600467444270504,0.004906204906204906,-0.30990783410138245,0.0,-0.19133066489466732,-0.11244478703042614,0.1242431234294018,0.23688167058579368,-0.014581914822189512,0.0014853305812295037
2023-06-08_Argentina_Brazil,2023-06-08,Brazil,Argentina,1,0.7741935483870968,0.6666666666666666,1.3034208512644696,-0.10260655028508796,0.328316769867797,-0.8018219568529165,0.45600467444270504,0.004906204906204906,0.4642857142857143,0.6666666666666666,1.1120901863698023,-0.2150513373155141,0.4525598932971988,-0.5649402862671228,0.4414227596205155,0.00639153548743441,0.30990783410138245,0.0,0.19133066489466732,0.11244478703042614,-0.1242431234294018,-0.23688167058579368,0.014581914822189512,-0.0014853305812295037
2023-06-08_Bulgaria_Slovenia,2023-06-08,Bulgaria,Slovenia,1,0.14285714285714285,0.16666666666666666,1.0210995348566507,-0.16380758648987695,0.20549910328685952,-3.1607142857142856,0.6775883838383838,0.019005961808300813,0.6,0.5,1.0478111662894272,-0.20168314474502266,0.12910275588925624,-2.477777777777778,0.45115197675681545,0.011864019308029022,-0.45714285714285713,-0.33333333333333337,-0.02671163143277644,0.037875558255145714,0.07639634739760329,-0.6829365079365077,0.22643640708156837,0.007141942500271791
2023-06-08_Bulgaria_Slovenia,2023-06-08,Slovenia,Bulgaria,0,0.6,0.5,1.0478111662894272,-0.20168314474502266,0.12910275588925624,-2.477777777777778,0.45115197675681545,0.011864019308029022,0.14285714285714285,0.16666666666666666,1.0210995348566507,-0.16380758648987695,0.20549910328685952,-3.1607142857142856,0.6775883838383838,0.019005961808300813,0.45714285714285713,0.33333333333333337,0.02671163143277644,-0.037875558255145714,-0.07639634739760329,0.6829365079365077,-0.22643640708156837,-0.007141942500271791
2023-06-08_China_Serbia,2023-06-08,China,Serbia,0,0.2727272727272727,0.3333333333333333,1.274687029245234,-0.1940089832016838,0.10427617902114517,-0.8063492063492063,0.4726923076923077,0.010916879523201362,0.5357142857142857,0.3333333333333333,0.9645585180128359,-0.15708152094259734,0.09405734807520522,-2.7430555555555554,0.5084149499043116,0.009737029140014215,-0.262987012987013,0.0,0.31012851123239804,-0.03692746225908647,0.01021883094593995,1.9367063492063492,-0.035722642212003886,0.0011798503831871466
2023-06-08_China_Serbia,2023-06-08,Serbia,China,1,0.5357142857142857,0.3333333333333333,0.9645585180128359,-0.15708152094259734,0.09405734807520522,-2.7430555555555554,0.5084149499043116,0.009737029140014215,0.2727272727272727,0.3333333333333333,1.274687029245234,-0.1940089832016838,0.10427617902114517,-0.8063492063492063,0.4726923076923077,0.010916879523201362,0.262987012987013,0.0,-0.31012851123239804,0.03692746225908647,-0.01021883094593995,-1.9367063492063492,0.035722642212003886,-0.0011798503831871466
2023-06-08_Cuba_Netherlands,2023-06-08,Cuba,Netherlands,0,0.0,0.0,1.0909090909090908,-0.2439024390243902,0.2898550724637681,-0.5897435897435898,0.5,0.016,0.3103448275862069,0.16666666666666666,0.900313003220612,-0.16827480024588545,0.17918313076010864,-4.122222222222223,0.40819770998039245,0.008064221857325306,-0.3103448275862069,-0.16666666666666666,0.1905960876884788,-0.07562763877850476,0.11067194170365949,3.532478632478633,0.09180229001960755,0.007935778142674694
2023-06-08_Cuba_Netherlands,2023-06-08,Netherlands,Cuba,1,0.3103448275862069,0.16666666666666666,0.900313003220612,-0.16827480024588545,0.17918313076010864,-4.122222222222223,0.40819770998039245,0.008064221857325306,0.0,0.0,1.0909090909090908,-0.2439024390243902,0.2898550724637681,-0.5897435897435898,0.5,0.016,0.3103448275862069,0.16666666666666666,-0.1905960876884788,0.07562763877850476,-0.11067194170365949,-3.532478632478633,-0.09180229001960755,-0.007935778142674694
2023-06-08_Iran_Poland,2023-06-08,Iran,Poland,0,0.41379310344827586,0.5,1.024166297192613,-0.1555630023824278,0.23491677526160284,-2.0158508158508157,0.37234299516908215,0.00792995966263293,0.7878787878787878,0.8333333333333334,1.3311955965181772,-0.1846710281483482,0.33183673356486626,-1.3857142857142857,0.45359896095190216,0.009055759055759055,-0.374085684430512,-0.33333333333333337,-0.3070292993255641,0.02910802576592042,-0.09691995830326341,-0.63013653013653,-0.08125596578282002,-0.0011257993931261256
2023-06-08_Iran_Poland,2023-06-08,Poland,Iran,1,0.7878787878787878,0.8333333333333334,1.3311955965181772,-0.1846710281483482,0.33183673356486626,-1.3857142857142857,0.45359896095190216,0.009055759055759055,0.41379310344827586,0.5,1.024166297192613,-0.1555630023824278,0.23491677526160284,-2.0158508158508157,0.37234299516908215,0.00792995966263293,0.374085684430512,0.33333333333333337,0.3070292993255641,-0.02910802576592042,0.09691995830326341,0.63013653013653,0.08125596578282002,0.0011257993931261256
2023-06-08_Italy_United States,2023-06-08,Italy,United States,0,0.5806451612903226,0.5,0.8333675161058939,-0.1380839355796121,0.11371082621082622,-3.227731092436975,0.3521168116369355,0.010593620938448525,0.6774193548387096,0.8333333333333334,1.3473335167944676,-0.13822160595062385,0.49556862884843617,-0.5789048042671231,0.37899416188889873,0.013909774436090224,-0.09677419354838701,-0.33333333333333337,-0.5139660006885737,0.0001376703710117555,-0.38185780263760993,-2.6488262881698517,-0.02687735025196325,-0.003316153497641699
2023-06-08_Italy_United States,2023-06-08,United States,Italy,1,0.6774193548387096,0.8333333333333334,1.3473335167944676,-0.13822160595062385,0.49556862884843617,-0.5789048042671231,0.37899416188889873,0.013909774436090224,0.5806451612903226,0.5,0.8333675161058939,-0.1380839355796121,0.11371082621082622,-3.227731092436975,0.3521168116369355,0.010593620938448525,0.09677419354838701,0.33333333333333337,0.5139660006885737,-0.0001376703710117555,0.38185780263760993,2.6488262881698517,0.02687735025196325,0.003316153497641699
2023-06-09_Argentina_Canada,2023-06-09,Argentina,Canada,1,0.4482758620689655,0.6666666666666666,1.0191249300918523,-0.21739404146544716,0.40659150594225685,-0.6064195466369379,0.42823532976641904,0.00639153548743441,0.35714285714285715,0.16666666666666666,0.7633867183763053,-0.2184881585463445,0.20902119261808405,-1.8443683660562067,0.5828173034694774,0.014424969095095115,0.09113300492610837,0.5,0.255738211715547,0.00109411708089735,0.1975703133241728,1.2379488194192687,-0.15458197370305832,-0.008033433607660706
2023-06-09_Argentina_Canada,2023-06-09,Canada,Argentina,0,0.35714285714285715,0.16666666666666666,0.7633867183763053,-0.2184881585463445,0.20902119261808405,-1.8443683660562067,0.5828173034694774,0.014424969095095115,0.4482758620689655,0.6666666666666666,1.0191249300918523,-0.21739404146544716,0.40659150594225685,-0.6064195466369379,0.42823532976641904,0.00639153548743441,-0.09113300492610837,-0.5,-0.255738211715547,-0.00109411708089735,-0.1975703133241728,-1.2379488194192687,0.15458197370305832,0.008033433607660706
2023-06-09_Bulgaria_Poland,2023-06-09,Bulgaria,Poland,0,0.1724137931034483,0.3333333333333333,1.0441764579335737,-0.15905741055743502,0.20973060751836378,-3.095982142857143,0.5835407647907648,0.012833122302127978,0.7941176470588235,0.8333333333333334,1.1176539298515105,-0.1836236086092128,0.4128893651438137,-0.46397515527950317,0.35491082738004764,0.012678947461556157,-0.6217038539553752,-0.5,-0.07347747191793674,0.024566198051777788,-0.2031587576254499,-2.6320069875776397,0.22862993741071713,0.00015417484057182046
2023-06-09_Bulgaria_Poland,2023-06-09,Poland,Bulgaria,1,0.7941176470588235,0.8333333333333334,1.1176539298515105,-0.1836236086092128,0.4128893651438137,-0.46397515527950317,0.35491082738004764,0.012678947461556157,0.1724137931034483,0.3333333333333333,1.0441764579335737,-0.15905741055743502,0.20973060751836378,-3.095982142857143,0.5835407647907648,0.012833122302127978,0.6217038539553752,0.5,0.07347747191793674,-0.024566198051777788,0.2031587576254499,2.6320069875776397,-0.22862993741071713,-0.00015417484057182046
2023-06-09_China_France,2023-06-09,China,France,0,0.25,0.3333333333333333,1.3547561536691972,-0.2096433071066844,0.11851520796605645,-0.6158730158730158,0.41500000000000004,0.017327135933457773,0.71875,0.6666666666666666,1.4735449735449737,-0.24943863695246318,0.5542333949755044,-0.8013362794612794,0.30818010670517343,0.01403556956285911,-0.46875,-0.3333333333333333,-0.1187888198757765,0.03979532984577877,-0.4357181870094479,0.1854632635882636,0.1068198932948266,0.003291566370598664
2023-06-09_China_France,2023-06-09,France,China,1,0.71875,0.6666666666666666,1.4735449735449737,-0.24943863695246318,0.5542333949755044,-0.8013362794612794,0.30818010670517343,0.01403556956285911,0.25,0.3333333333333333,1.3547561536691972,-0.2096433071066844,0.11851520796605645,-0.6158730158730158,0.41500000000000004,0.017327135933457773,0.46875,0.3333333333333333,0.1187888198757765,-0.03979532984577877,0.4357181870094479,-0.1854632635882636,-0.1068198932948266,-0.003291566370598664
2023-06-09_Cuba_Italy,2023-06-09,Cuba,Italy,0,0.0,0.0,0.8287878787878787,-0.26480836236933797,0.21492753623188407,-0.6184012066365008,0.625,0.015142857142857142,0.5625,0.3333333333333333,0.7701591464459111,-0.16713022324658944,0.07343304843304846,-2.820728291316527,0.3243390338591577,0.012848262848262848,-0.5625,-0.3333333333333333,0.05862873234196764,-0.09767813912274853,0.1414944877988356,2.202327084680026,0.3006609661408423,0.002294594294594294
2023-06-09_Cuba_Italy,2023-06-09,Italy,Cuba,1,0.5625,0.3333333333333333,0.7701591464459111,-0.16713022324658944,0.07343304843304846,-2.820728291316527,0.3243390338591577,0.012848262848262848,0.0,0.0,0.8287878787878787,-0.26480836236933797,0.21492753623188407,-0.6184012066365008,0.625,0.015142857142857142,0.5625,0.3333333333333333,-0.05862873234196764,0.09767813912274853,-0.1414944877988356,-2.202327084680026,-0.3006609661408423,-0.002294594294594294
2023-06-09_Germany_Netherlands,2023-06-09,Germany,Netherlands,0,0.2962962962962963,0.16666666666666666,0.8109967922467923,-0.27081830788344863,0.37268844646032506,-1.1516968325791856,0.5344244237836916,0.012159227652253612,0.3333333333333333,0.16666666666666666,0.829485513739546,-0.21414918448233866,0.20078427736125523,-5.354365079365079,0.40932004443606024,0.010841999635103084,-0.037037037037037035,0.0,-0.018488721492753712,-0.056669123401109966,0.17190416909906983,4.202668246785894,0.12510437934763136,0.0013172280171505277
2023-06-09_Germany_Netherlands,2023-06-09,Netherlands,Germany,1,0.3333333333333333,0.16666666666666666,0.829485513739546,-0.21414918448233866,0.20078427736125523,-5.354365079365079,0.40932004443606024,0.010841999635103084,0.2962962962962963,0.16666666666666666,0.8109967922467923,-0.27081830788344863,0.37268844646032506,-1.1516968325791856,0.5344244237836916,0.012159227652253612,0.037037037037037035,0.0,0.018488721492753712,0.056669123401109966,-0.17190416909906983,-4.202668246785894,-0.12510437934763136,-0.0013172280171505277
2023-06-09_Japan_Serbia,2023-06-09,Japan,Serbia,1,0.5862068965517241,0.6666666666666666,1.2784136212624586,-0.16211599919019395,0.38375508829262706,-1.044004872649374,0.47351953601953595,0.005308641975308642,0.5517241379310345,0.3333333333333333,0.7343541757395281,-0.13039267957093342,0.14035364437150152,-2.46875,0.4551742091635708,0.012341195806680881,0.03448275862068961,0.3333333333333333,0.5440594455229305,-0.03172331961926053,0.24340144392112553,1.424745127350626,0.018345326855965127,-0.007032553831372239
2023-06-09_Japan_Serbia,2023-06-09,Serbia,Japan,0,0.5517241379310345,0.3333333333333333,0.7343541757395281,-0.13039267957093342,0.14035364437150152,-2.46875,0.4551742091635708,0.012341195806680881,0.5862068965517241,0.6666666666666666,1.2784136212624586,-0.16211599919019395,0.38375508829262706,-1.044004872649374,0.47351953601953595,0.005308641975308642,-0.03448275862068961,-0.3333333333333333,-0.5440594455229305,0.03172331961926053,-0.24340144392112553,-1.424745127350626,-0.018345326855965127,0.007032553831372239
2023-06-10_Brazil_Cuba,2023-06-10,Brazil,Cuba,0,0.78125,0.6666666666666666,1.1495746974183159,-0.1055701829955561,0.29368335128297174,-0.777218782249742,0.4889806328572599,0.003953279424977538,0.0,0.0,0.7747474747474747,-0.27098335269066975,0.16023417669696224,-0.8567119155354449,0.5471014492753623,0.014261904761904762,0.78125,0.6666666666666666,0.3748272226708411,0.16541316969511366,0.1334491745860095,0.07949313328570295,-0.058120816418102406,-0.010308625336927224
2023-06-10_Brazil_Cuba,2023-06-10,Cuba,Brazil,1,0.0,0.0,0.7747474747474747,-0.27098335269066975,0.16023417669696224,-0.8567119155354449,0.5471014492753623,0.014261904761904762,0.78125,0.6666666666666666,1.1495746974183159,-0.1055701829955561,0.29368335128297174,-0.777218782249742,0.4889806328572599,0.003953279424977538,-0.78125,-0.6666666666666666,-0.3748272226708411,-0.16541316969511366,-0.1334491745860095,-0.07949313328570295,0.058120816418102406,0.010308625336927224
2023-06-10_Bulgaria_Japan,2023-06-10,Bulgaria,Japan,0,0.16666666666666666,0.3333333333333333,1.0840924243201284,-0.18982899659540195,0.24076802248435017,-3.0886292016806722,0.47242965367965356,0.012254418598424277,0.6,0.6666666666666666,1.3362839916328288,-0.18254083579150115,0.336797416334955,-1.0969460491199623,0.39431533181533185,0.004386724386724387,-0.43333333333333335,-0.3333333333333333,-0.2521915673127004,-0.007288160803900795,-0.09602939385060485,-1.99168315256071,0.07811432186432171,0.00786769421169989
2023-06-10_Bulgaria_Japan,2023-06-10,Japan,Bulgaria,1,0.6,0.6666666666666666,1.3362839916328288,-0.18254083579150115,0.336797416334955,-1.0969460491199623,0.39431533181533185,0.004386724386724387,0.16666666666666666,0.3333333333333333,1.0840924243201284,-0.18982899659540195,0.24076802248435017,-3.0886292016806722,0.47242965367965356,0.012254418598424277,0.43333333333333335,0.3333333333333333,0.2521915673127004,0.007288160803900795,0.09602939385060485,1.99168315256071,-0.07811432186432171,-0.00786769421169989
2023-06-10_Canada_United States,2023-06-10,Canada,United States,0,0.3448275862068966,0.16666666666666666,0.7096976538176757,-0.16253577759396357,0.26335125797756115,-0.9243683660562064,0.521461992114166,0.015926470596596617,0.6875,0.8333333333333334,1.2553005497615006,-0.11755673622915036,0.42322430650411386,-0.5789048042671231,0.34519999906247784,0.011793372319688111,-0.3426724137931034,-0.6666666666666667,-0.5456028959438249,-0.044979041364813205,-0.1598730485265527,-0.34546356178908333,0.17626199305168816,0.0041330982769085065
2023-06-10_Canada_United States,2023-06-10,United States,Canada,1,0.6875,0.8333333333333334,1.2553005497615006,-0.11755673622915036,0.42322430650411386,-0.5789048042671231,0.34519999906247784,0.011793372319688111,0.3448275862068966,0.16666666666666666,0.7096976538176757,-0.16253577759396357,0.26335125797756115,-0.9243683660562064,0.521461992114166,0.015926470596596617,0.3426724137931034,0.6666666666666667,0.5456028959438249,0.044979041364813205,0.1598730485265527,0.34546356178908333,-0.17626199305168816,-0.0041330982769085065
2023-06-10_China_Iran,2023-06-10,China,Iran,0,0.23076923076923078,0.3333333333333333,1.3658068783068782,-0.22649067105226262,0.12507808952893804,-0.6146825396825397,0.36103174603174604,0.018162284807822334,0.4,0.3333333333333333,0.9647691340720456,-0.18121579716006955,0.2815223787098787,-0.9200174825174825,0.2758517670989067,0.011402181884855152,-0.16923076923076924,0.0,0.4010377442348326,-0.04527487389219306,-0.15644428918094064,0.3053349428349428,0.08517997893283935,0.006760102922967182
2023-06-10_China_Iran,2023-06-10,Iran,China,1,0.4,0.3333333333333333,0.9647691340720456,-0.18121579716006955,0.2815223787098787,-0.9200174825174825,0.2758517670989067,0.011402181884855152,0.23076923076923078,0.3333333333333333,1.3658068783068782,-0.22649067105226262,0.12507808952893804,-0.6146825396825397,0.36103174603174604,0.018162284807822334,0.16923076923076924,0.0,-0.4010377442348326,0.04527487389219306,0.15644428918094064,-0.3053349428349428,-0.08517997893283935,-0.006760102922967182
2023-06-10_France_Slovenia,2023-06-10,France,Slovenia,0,0.7272727272727273,0.8333333333333334,1.4994708994708994,-0.2248752776064951,0.6271328250177916,-0.7752946127946129,0.2398210557677253,0.01403556956285911,0.5806451612903226,0.5,1.0385519070301679,-0.17914549720737513,0.129871986658487,-2.3923076923076922,0.3784638047138047,0.014596259745187494,0.14662756598240467,0.33333333333333337,0.46091899244073153,-0.04572978039911996,0.49726083835930457,1.6170130795130793,-0.1386427489460794,-0.0005606901823283841
2023-06-10_France_Slovenia,2023-06-10,Slovenia,France,1,0.5806451612903226,0.5,1.0385519070301679,-0.17914549720737513,0.129871986658487,-2.3923076923076922,0.3784638047138047,0.014596259745187494,0.7272727272727273,0.8333333333333334,1.4994708994708994,-0.2248752776064951,0.6271328250177916,-0.7752946127946129,0.2398210557677253,0.01403556956285911,-0.14662756598240467,-0.33333333333333337,-0.46091899244073153,0.04572978039911996,-0.49726083835930457,-1.6170130795130793,0.1386427489460794,0.0005606901823283841
2023-06-10_Germany_Italy,2023-06-10,Germany,Italy,0,0.2857142857142857,0.16666666666666666,0.8155422467922468,-0.25932602657984655,0.3393551131269917,-1.0507352941176469,0.5676010173051126,0.01173594722897319,0.5757575757575758,0.3333333333333333,0.7561299657500639,-0.18355671149500252,0.11545874760160475,-1.0658263305322129,0.33401165290677676,0.012848262848262848,-0.2900432900432901,-0.16666666666666666,0.05941228104218299,-0.07576931508484402,0.22389636552538694,0.015091036414565995,0.23358936439833583,-0.0011123156192896586
2023-06-10_Germany_Italy,2023-06-10,Italy,Germany,1,0.5757575757575758,0.3333333333333333,0.7561299657500639,-0.18355671149500252,0.11545874760160475,-1.0658263305322129,0.33401165290677676,0.012848262848262848,0.2857142857142857,0.16666666666666666,0.8155422467922468,-0.25932602657984655,0.3393551131269917,-1.0507352941176469,0.5676010173051126,0.01173594722897319,0.2900432900432901,0.16666666666666666,-0.05941228104218299,0.07576931508484402,-0.22389636552538694,-0.015091036414565995,-0.23358936439833583,0.0011123156192896586
2023-06-11_Argentina_Netherlands,2023-06-11,Argentina,Netherlands,1,0.4666666666666667,0.6666666666666666,1.0105523623087582,-0.20683838707417634,0.4334290301202066,-0.5778869379412858,0.37951221148684916,0.005895503741402665,0.3548387096774194,0.3333333333333333,0.8540426796010596,-0.22148538483650004,0.19363394600443629,-0.6710317460317461,0.4741560474871663,0.009574684574684576,0.1118279569892473,0.3333333333333333,0.1565096827076986,0.014646997762323699,0.23979508411577033,0.09314480809046033,-0.09464383600031712,-0.003679180833281911
2023-06-11_Argentina_Netherlands,2023-06-11,Netherlands,Argentina,0,0.3548387096774194,0.3333333333333333,0.8540426796010596,-0.22148538483650004,0.19363394600443629,-0.6710317460317461,0.4741560474871663,0.009574684574684576,0.4666666666666667,0.6666666666666666,1.0105523623087582,-0.20683838707417634,0.4334290301202066,-0.5778869379412858,0.37951221148684916,0.005895503741402665,-0.1118279569892473,-0.3333333333333333,-0.1565096827076986,-0.014646997762323699,-0.23979508411577033,-0.09314480809046033,0.09464383600031712,0.003679180833281911
2023-06-11_Brazil_United States,2023-06-11,Brazil,United States,1,0.7575757575757576,0.5,1.0963339566775752,-0.1343700867954599,0.3132036159645268,-0.8492776057791538,0.5911311704916685,0.008119946091644204,0.696969696969697,0.8333333333333334,1.269335637480799,-0.10765839487013484,0.38651229831338685,-0.6472469559426082,0.338234054790032,0.014244352711844974,0.06060606060606055,-0.33333333333333337,-0.17300168080322376,-0.02671169192532505,-0.07330868234886007,-0.20203064983654562,0.25289711570163653,-0.00612440662020077
2023-06-11_Brazil_United States,2023-06-11,United States,Brazil,0,0.696969696969697,0.8333333333333334,1.269335637480799,-0.10765839487013484,0.38651229831338685,-0.6472469559426082,0.338234054790032,0.014244352711844974,0.7575757575757576,0.5,1.0963339566775752,-0.1343700867954599,0.3132036159645268,-0.8492776057791538,0.5911311704916685,0.008119946091644204,-0.06060606060606055,0.33333333333333337,0.17300168080322376,0.02671169192532505,0.07330868234886007,0.20203064983654562,-0.25289711570163653,0.00612440662020077
2023-06-11_Canada_Germany,2023-06-11,Canada,Germany,0,0.3333333333333333,0.16666666666666666,0.6835071776271994,-0.14002306880674495,0.2821437409843584,-0.9316480595427964,0.6199967906489645,0.01669611579016238,0.27586206896551724,0.16666666666666666,0.8669535371148275,-0.25419782145164144,0.23944431919300416,-0.9633615567439097,0.6276971711512664,0.014192292381947557,0.05747126436781608,0.0,-0.1834463594876281,0.11417475264489649,0.04269942179135425,0.03171349720111327,-0.007700380502301929,0.0025038234082148236
2023-06-11_Canada_Germany,2023-06-11,Germany,Canada,1,0.27586206896551724,0.16666666666666666,0.8669535371148275,-0.25419782145164144,0.23944431919300416,-0.9633615567439097,0.6276971711512664,0.014192292381947557,0.3333333333333333,0.16666666666666666,0.6835071776271994,-0.14002306880674495,0.2821437409843584,-0.9316480595427964,0.6199967906489645,0.01669611579016238,-0.05747126436781608,0.0,0.1834463594876281,-0.11417475264489649,-0.04269942179135425,-0.03171349720111327,0.007700380502301929,-0.0025038234082148236
2023-06-11_France_Japan,2023-06-11,France,Japan,0,0.7058823529411765,0.6666666666666666,1.3050264550264548,-0.22336356180906505,0.6298737063165476,-0.8375841750841749,0.2012844704018716,0.012262519917469038,0.6129032258064516,0.6666666666666666,1.4333517368299977,-0.2099773632280286,0.3620847726567941,-1.0547465606289135,0.33986261607229346,0.004386724386724387,0.09297912713472489,0.0,-0.12832528180354297,-0.013386198581036457,0.2677889336597535,0.21716238554473855,-0.13857814567042184,0.007875795530744651
2023-06-11_France_Japan,2023-06-11,Japan,France,1,0.6129032258064516,0.6666666666666666,1.4333517368299977,-0.2099773632280286,0.3620847726567941,-1.0547465606289135,0.33986261607229346,0.004386724386724387,0.7058823529411765,0.6666666666666666,1.3050264550264548,-0.22336356180906505,0.6298737063165476,-0.8375841750841749,0.2012844704018716,0.012262519917469038,-0.09297912713472489,0.0,0.12832528180354297,0.013386198581036457,-0.2677889336597535,-0.21716238554473855,0.13857814567042184,-0.007875795530744651
2023-06-11_Iran_Slovenia,2023-06-11,Iran,Slovenia,0,0.41935483870967744,0.5,1.151118340421252,-0.16246787841215082,0.31775681610710677,-0.13430319680319677,0.23961988304093565,0.013538934021607288,0.59375,0.5,0.9247543570624052,-0.2105011429139336,0.17143042821692855,-0.7607287449392712,0.3330092592592593,0.014596259745187494,-0.17439516129032256,0.0,0.22636398335884678,0.048033264501782774,0.1463263878901782,0.6264255481360744,-0.09338937621832363,-0.0010573257235802058
2023-06-11_Iran_Slovenia,2023-06-11,Slovenia,Iran,1,0.59375,0.5,0.9247543570624052,-0.2105011429139336,0.17143042821692855,-0.7607287449392712,0.3330092592592593,0.014596259745187494,0.41935483870967744,0.5,1.151118340421252,-0.16246787841215082,0.31775681610710677,-0.13430319680319677,0.23961988304093565,0.013538934021607288,0.17439516129032256,0.0,-0.22636398335884678,-0.048033264501782774,-0.1463263878901782,-0.6264255481360744,0.09338937621832363,0.0010573257235802058
2023-06-11_Poland_Serbia,2023-06-11,Poland,Serbia,0,0.8,0.8333333333333334,1.0706349596618085,-0.18622022696670074,0.48475215281207246,-0.433312629399586,0.29170631852336487,0.012678947461556157,0.5333333333333333,0.3333333333333333,0.8050824670560548,-0.12398716097029287,0.16370529272314985,-2.175,0.3434017223910841,0.009449404761904761,0.2666666666666667,0.5,0.26555249260575375,-0.06223306599640786,0.3210468600889226,1.741687370600414,-0.0516954038677192,0.003229542699651396
2023-06-11_Poland_Serbia,2023-06-11,Serbia,Poland,1,0.5333333333333333,0.3333333333333333,0.8050824670560548,-0.12398716097029287,0.16370529272314985,-2.175,0.3434017223910841,0.009449404761904761,0.8,0.8333333333333334,1.0706349596618085,-0.18622022696670074,0.48475215281207246,-0.433312629399586,0.29170631852336487,0.012678947461556157,-0.2666666666666667,-0.5,-0.26555249260575375,0.06223306599640786,-0.3210468600889226,-1.741687370600414,0.0516954038677192,-0.003229542699651396
2023-06-20_Argentina_Slovenia,2023-06-20,Argentina,Slovenia,0,0.4838709677419355,0.6666666666666666,0.9621807147991798,-0.2130672931690741,0.2892563248061969,-0.5964054564598041,0.3713422768463263,0.010703196049094971,0.6060606060606061,0.5,0.7818706707004579,-0.2109444053252811,0.2283409973226196,-1.1145748987854251,0.28925925925925927,0.011831051097625903,-0.12218963831867058,0.16666666666666663,0.18031004409872187,-0.0021228878437929977,0.06091532748357731,0.518169442325621,0.08208301758706704,-0.0011278550485309315
2023-06-20_Argentina_Slovenia,2023-06-20,Slovenia,Argentina,1,0.6060606060606061,0.5,0.7818706707004579,-0.2109444053252811,0.2283409973226196,-1.1145748987854251,0.28925925925925927,0.011831051097625903,0.4838709677419355,0.6666666666666666,0.9621807147991798,-0.2130672931690741,0.2892563248061969,-0.5964054564598041,0.3713422768463263,0.010703196049094971,0.12218963831867058,-0.16666666666666663,-0.18031004409872187,0.0021228878437929977,-0.06091532748357731,-0.518169442325621,-0.08208301758706704,0.0011278550485309315
2023-06-20_Brazil_Bulgaria,2023-06-20,Brazil,Bulgaria,1,0.7647058823529411,0.6666666666666666,1.1598260201696384,-0.15107662587042,0.3394132933838816,-0.7990325077399381,0.5811311704916685,0.008119946091644204,0.16129032258064516,0.3333333333333333,1.0759691750204083,-0.1776067743731797,0.27668351544209663,-2.593980284421461,0.25144199935866607,0.012749608185294678,0.603415559772296,0.3333333333333333,0.08385684514923009,0.0265301485027597,0.06272977794178497,1.7949477766815227,0.32968917113300245,-0.004629662093650474
2023-06-20_Brazil_Bulgaria,2023-06-20,Bulgaria,Brazil,0,0.16129032258064516,0.3333333333333333,1.0759691750204083,-0.1776067743731797,0.27668351544209663,-2.593980284421461,0.25144199935866607,0.012749608185294678,0.7647058823529411,0.6666666666666666,1.1598260201696384,-0.15107662587042,0.3394132933838816,-0.7990325077399381,0.5811311704916685,0.008119946091644204,-0.603415559772296,-0.3333333333333333,-0.08385684514923009,-0.0265301485027597,-0.06272977794178497,-1.7949477766815227,-0.32968917113300245,0.004629662093650474
2023-06-20_Canada_Japan,2023-06-20,Canada,Japan,0,0.3225806451612903,0.16666666666666666,0.6904758187421819,-0.14465269843637457,0.2848849690545338,-0.9908585858585858,0.6284854034854034,0.011405110499157092,0.625,0.6666666666666666,1.4004224439007047,-0.19318452496799496,0.42433967461757843,-1.1530371589195119,0.27187504808472546,0.004102486660626196,-0.3024193548387097,-0.5,-0.7099466251585228,0.04853182653162039,-0.13945470556304462,0.1621785730609261,0.3566103554006779,0.007302623838530896
2023-06-20_Canada_Japan,2023-06-20,Japan,Canada,1,0.625,0.6666666666666666,1.4004224439007047,-0.19318452496799496,0.42433967461757843,-1.1530371589195119,0.27187504808472546,0.004102486660626196,0.3225806451612903,0.16666666666666666,0.6904758187421819,-0.14465269843637457,0.2848849690545338,-0.9908585858585858,0.6284854034854034,0.011405110499157092,0.3024193548387097,0.5,0.7099466251585228,-0.04853182653162039,0.13945470556304462,-0.1621785730609261,-0.3566103554006779,-0.007302623838530896
2023-06-20_China_Netherlands,2023-06-20,China,Netherlands,0,0.21428571428571427,0.3333333333333333,1.2656911375661375,-0.1896950444753072,0.1644720289228774,-0.6750793650793651,0.21190893901420216,0.018162284807822334,0.34375,0.3333333333333333,0.8244774622097553,-0.21153227927615936,0.2557499214268633,-0.6736675020885547,0.4619728116197199,0.01117724867724868,-0.12946428571428573,0.0,0.44121367535638223,0.021837234800852173,-0.09127789250398591,-0.0014118629908103086,-0.25006387260551777,0.006985036130573654
2023-06-20_China_Netherlands,2023-06-20,Netherlands,China,1,0.34375,0.3333333333333333,0.8244774622097553,-0.21153227927615936,0.2557499214268633,-0.6736675020885547,0.4619728116197199,0.01117724867724868,0.21428571428571427,0.3333333333333333,1.2656911375661375,-0.1896950444753072,0.1644720289228774,-0.6750793650793651,0.21190893901420216,0.018162284807822334,0.12946428571428573,0.0,-0.44121367535638223,-0.021837234800852173,0.09127789250398591,0.0014118629908103086,0.25006387260551777,-0.006985036130573654
2023-06-20_Germany_Iran,2023-06-20,Germany,Iran,0,0.3,0.3333333333333333,0.9105141431754334,-0.2483392355930556,0.2814472538958655,-0.496694890077243,0.5691865328533942,0.010095330961667596,0.40625,0.3333333333333333,1.0756051439403136,-0.15330588027956446,0.3263426746929654,-0.43430319680319673,0.18368895211000477,0.015954392958805356,-0.10625000000000001,0.0,-0.16509100076488015,-0.09503335531349114,-0.044895420797099905,-0.062391693274046256,0.38549758074338936,-0.00585906199713776
2023-06-20_Germany_Iran,2023-06-20,Iran,Germany,1,0.40625,0.3333333333333333,1.0756051439403136,-0.15330588027956446,0.3263426746929654,-0.43430319680319673,0.18368895211000477,0.015954392958805356,0.3,0.3333333333333333,0.9105141431754334,-0.2483392355930556,0.2814472538958655,-0.496694890077243,0.5691865328533942,0.010095330961667596,0.10625000000000001,0.0,0.16509100076488015,0.09503335531349114,0.044895420797099905,0.062391693274046256,-0.38549758074338936,0.00585906199713776
2023-06-20_Serbia_United States,2023-06-20,Serbia,United States,0,0.5483870967741935,0.5,0.9968074087809965,-0.11219968736015916,0.2211832985882525,-1.8731060606060606,0.17673505572441742,0.009449404761904761,0.6764705882352942,0.6666666666666666,1.2207245263696875,-0.13128132366547743,0.28189154853134674,-0.6713210300166823,0.3068578510000351,0.01625238484035903,-0.12808349146110065,-0.16666666666666663,-0.22391711758869104,0.01908163630531827,-0.060708249943094234,-1.2017850305893782,-0.13012279527561768,-0.006802980078454269
2023-06-20_Serbia_United States,2023-06-20,United States,Serbia,1,0.6764705882352942,0.6666666666666666,1.2207245263696875,-0.13128132366547743,0.28189154853134674,-0.6713210300166823,0.3068578510000351,0.01625238484035903,0.5483870967741935,0.5,0.9968074087809965,-0.11219968736015916,0.2211832985882525,-1.8731060606060606,0.17673505572441742,0.009449404761904761,0.12808349146110065,0.16666666666666663,0.22391711758869104,-0.01908163630531827,0.060708249943094234,1.2017850305893782,0.13012279527561768,0.006802980078454269
2023-06-21_Argentina_France,2023-06-21,Argentina,France,1,0.46875,0.5,0.9265019233064348,-0.21459810067003082,0.3725896581395302,-0.6113627214170692,0.36229834919774745,0.013246916239873988,0.6857142857142857,0.5,1.2464057653712826,-0.2190900575355608,0.49425279128386784,-0.8476851851851852,0.18032173748261696,0.010776083648424075,-0.21696428571428572,0.0,-0.3199038420648478,0.004491956865529972,-0.12166313314433763,0.23632246376811605,0.1819766117151305,0.0024708325914499125
2023-06-21_Argentina_France,2023-06-21,France,Argentina,0,0.6857142857142857,0.5,1.2464057653712826,-0.2190900575355608,0.49425279128386784,-0.8476851851851852,0.18032173748261696,0.010776083648424075,0.46875,0.5,0.9265019233064348,-0.21459810067003082,0.3725896581395302,-0.6113627214170692,0.36229834919774745,0.013246916239873988,0.21696428571428572,0.0,0.3199038420648478,-0.004491956865529972,0.12166313314433763,-0.23632246376811605,-0.1819766117151305,-0.0024708325914499125
2023-06-21_Canada_Slovenia,2023-06-21,Canada,Slovenia,0,0.3125,0.16666666666666666,0.6812596258050587,-0.12926587071132425,0.26466933563135325,-1.1079914529914527,0.6988259052775182,0.01056446722430329,0.6176470588235294,0.6666666666666666,0.856870670700458,-0.20504856516805872,0.3687665292375133,-0.4279082321187584,0.15731481481481482,0.00835882887540368,-0.30514705882352944,-0.5,-0.17561104489539925,0.07578269445673447,-0.10409719360616004,-0.6800832208726943,0.5415110904627034,0.00220563834889961
2023-06-21_Canada_Slovenia,2023-06-21,Slovenia,Canada,1,0.6176470588235294,0.6666666666666666,0.856870670700458,-0.20504856516805872,0.3687665292375133,-0.4279082321187584,0.15731481481481482,0.00835882887540368,0.3125,0.16666666666666666,0.6812596258050587,-0.12926587071132425,0.26466933563135325,-1.1079914529914527,0.6988259052775182,0.01056446722430329,0.30514705882352944,0.5,0.17561104489539925,-0.07578269445673447,0.10409719360616004,0.6800832208726943,-0.5415110904627034,-0.00220563834889961
2023-06-21_China_United States,2023-06-21,China,United States,0,0.2,0.16666666666666666,0.8629133597883598,-0.18794502144868844,0.17844949490927198,-0.5753866503866504,0.18715048490792197,0.018162284807822334,0.6857142857142857,0.6666666666666666,1.13303579233949,-0.15022263941044614,0.25382887046866864,-0.6154235941192464,0.34094165337652044,0.018739947029413756,-0.4857142857142857,-0.5,-0.2701224325511302,-0.0377223820382423,-0.07537937555939667,0.04003694373259603,-0.15379116846859847,-0.0005776622215914219
2023-06-21_China_United States,2023-06-21,United States,China,1,0.6857142857142857,0.6666666666666666,1.13303579233949,-0.15022263941044614,0.25382887046866864,-0.6154235941192464,0.34094165337652044,0.018739947029413756,0.2,0.16666666666666666,0.8629133597883598,-0.18794502144868844,0.17844949490927198,-0.5753866503866504,0.18715048490792197,0.018162284807822334,0.4857142857142857,0.5,0.2701224325511302,0.0377223820382423,0.07537937555939667,-0.04003694373259603,0.15379116846859847,0.0005776622215914219
2023-06-21_Cuba_Japan,2023-06-21,Cuba,Japan,0,0.25,0.25,0.9400349650349651,-0.2664559053226,0.15307036936482693,-0.762099154042888,0.5862520128824477,0.010696428571428572,0.6363636363636364,0.8333333333333334,1.4837557772340382,-0.16484332999944148,0.3765416080225194,-1.2103523927053341,0.20816731861612645,0.004102486660626196,-0.38636363636363635,-0.5833333333333334,-0.5437208121990731,-0.10161257532315851,-0.22347123865769247,0.44825323866244615,0.3780846942663212,0.006593941910802376
2023-06-21_Cuba_Japan,2023-06-21,Japan,Cuba,1,0.6363636363636364,0.8333333333333334,1.4837557772340382,-0.16484332999944148,0.3765416080225194,-1.2103523927053341,0.20816731861612645,0.004102486660626196,0.25,0.25,0.9400349650349651,-0.2664559053226,0.15307036936482693,-0.762099154042888,0.5862520128824477,0.010696428571428572,0.38636363636363635,0.5833333333333334,0.5437208121990731,0.10161257532315851,0.22347123865769247,-0.44825323866244615,-0.3780846942663212,-0.006593941910802376
2023-06-21_Germany_Poland,2023-06-21,Germany,Poland,0,0.2903225806451613,0.16666666666666666,0.8830141431754335,-0.27380219855601856,0.20496860133025643,-0.6300282234105764,0.5916503009693362,0.012740833607170243,0.7777777777777778,0.6666666666666666,1.034920673947523,-0.17557423213465942,0.4745419426018622,-0.46664596273291936,0.1862075972957434,0.012678947461556157,-0.4874551971326165,-0.5,-0.1519065307720895,-0.09822796642135914,-0.2695733412716058,-0.16338226067765704,0.4054427036735928,6.18861456140856e-05
2023-06-21_Germany_Poland,2023-06-21,Poland,Germany,1,0.7777777777777778,0.6666666666666666,1.034920673947523,-0.17557423213465942,0.4745419426018622,-0.46664596273291936,0.1862075972957434,0.012678947461556157,0.2903225806451613,0.16666666666666666,0.8830141431754335,-0.27380219855601856,0.20496860133025643,-0.6300282234105764,0.5916503009693362,0.012740833607170243,0.4874551971326165,0.5,0.1519065307720895,0.09822796642135914,0.2695733412716058,0.16338226067765704,-0.4054427036735928,-6.18861456140856e-05
2023-06-21_Iran_Italy,2023-06-21,Iran,Italy,0,0.42424242424242425,0.3333333333333333,1.0307819116170813,-0.15802922710817444,0.3188426746929654,-0.38756035631035624,0.2240398293029872,0.015954392958805356,0.5882352941176471,0.3333333333333333,0.7784154090881388,-0.21642056126026074,0.10409511123796837,-0.9685412626589097,0.37958289809291285,0.014699824940788794,-0.16399286987522282,0.0,0.25236650252894255,0.058391334152086305,0.21474756345499701,0.5809809063485535,-0.15554306878992566,0.0012545680180165615
2023-06-21_Iran_Italy,2023-06-21,Italy,Iran,1,0.5882352941176471,0.3333333333333333,0.7784154090881388,-0.21642056126026074,0.10409511123796837,-0.9685412626589097,0.37958289809291285,0.014699824940788794,0.42424242424242425,0.3333333333333333,1.0307819116170813,-0.15802922710817444,0.3188426746929654,-0.38756035631035624,0.2240398293029872,0.015954392958805356,0.16399286987522282,0.0,-0.25236650252894255,-0.058391334152086305,-0.21474756345499701,-0.5809809063485535,0.15554306878992566,-0.0012545680180165615
2023-06-22_Brazil_Japan,2023-06-22,Brazil,Japan,0,0.7714285714285715,0.6666666666666666,1.2091013824884793,-0.14898226960939712,0.3205057303586715,-0.7448529411764705,0.6114342007946988,0.008119946091644204,0.6470588235294118,1.0,1.7278033962816572,-0.15499455633061443,0.36419592901017367,-0.948447630800572,0.1930158034646113,0.004102486660626196,0.12436974789915967,-0.33333333333333337,-0.5187020137931779,0.006012286721217314,-0.04369019865150214,0.20359468962410154,0.41841839733008745,0.004017459431018008
2023-06-22_Brazil_Japan,2023-06-22,Japan,Brazil,1,0.6470588235294118,1.0,1.7278033962816572,-0.15499455633061443,0.36419592901017367,-0.948447630800572,0.1930158034646113,0.004102486660626196,0.7714285714285715,0.6666666666666666,1.2091013824884793,-0.14898226960939712,0.3205057303586715,-0.7448529411764705,0.6114342007946988,0.008119946091644204,-0.12436974789915967,0.33333333333333337,0.5187020137931779,-0.006012286721217314,0.04369019865150214,-0.20359468962410154,-0.41841839733008745,-0.004017459431018008
2023-06-22_Bulgaria_Canada,2023-06-22,Bulgaria,Canada,0,0.15625,0.16666666666666666,0.9674749665262,-0.22266790171278805,0.26853370830012824,-2.4209094962771434,0.2806086660253327,0.011288734201554839,0.30303030303030304,0.16666666666666666,0.7136670332124662,-0.11847395704663356,0.2361145570765747,-0.8246581196581196,0.6689685077730619,0.01056446722430329,-0.14678030303030304,0.0,0.25380793331373386,-0.10419394466615449,0.032419151223553544,-1.5962513766190236,-0.38835984174772925,0.0007242669772515482
2023-06-22_Bulgaria_Canada,2023-06-22,Canada,Bulgaria,1,0.30303030303030304,0.16666666666666666,0.7136670332124662,-0.11847395704663356,0.2361145570765747,-0.8246581196581196,0.6689685077730619,0.01056446722430329,0.15625,0.16666666666666666,0.9674749665262,-0.22266790171278805,0.26853370830012824,-2.4209094962771434,0.2806086660253327,0.011288734201554839,0.14678030303030304,0.0,-0.25380793331373386,0.10419394466615449,-0.032419151223553544,1.5962513766190236,0.38835984174772925,-0.0007242669772515482
2023-06-22_China_Italy,2023-06-22,China,Italy,0,0.1875,0.16666666666666666,0.8752590388007055,-0.1502983460901487,0.1734643988048419,-0.4664122914122914,0.3204838182412553,0.016078951474489,0.6,0.5,0.8077465494390158,-0.21412758432105738,0.12973613687899402,-0.7018745959922431,0.32781522132523605,0.014699824940788794,-0.4125,-0.33333333333333337,0.06751248936168974,0.06382923823090869,0.04372826192584789,0.2354623045799517,-0.007331403083980725,0.001379126533700207
2023-06-22_China_Italy,2023-06-22,Italy,China,1,0.6,0.5,0.8077465494390158,-0.21412758432105738,0.12973613687899402,-0.7018745959922431,0.32781522132523605,0.014699824940788794,0.1875,0.16666666666666666,0.8752590388007055,-0.1502983460901487,0.1734643988048419,-0.4664122914122914,0.3204838182412553,0.016078951474489,0.4125,0.33333333333333337,-0.06751248936168974,-0.06382923823090869,-0.04372826192584789,-0.2354623045799517,0.007331403083980725,-0.001379126533700207
2023-06-22_Cuba_Slovenia,2023-06-22,Cuba,Slovenia,0,0.2,0.2,0.9520279720279721,-0.3104620215553773,0.19356740660297264,-0.7207904343454216,0.9261444674488153,0.008557142857142857,0.6285714285714286,0.8333333333333334,0.9919134057431931,-0.168068861005692,0.4724597110556951,-0.4290539615482407,0.1592989417989418,0.006398044561678191,-0.42857142857142855,-0.6333333333333333,-0.03988543371522102,-0.1423931605496853,-0.2788923044527225,-0.29173647279718085,0.7668455256498735,0.0021590982954646657
2023-06-22_Cuba_Slovenia,2023-06-22,Slovenia,Cuba,1,0.6285714285714286,0.8333333333333334,0.9919134057431931,-0.168068861005692,0.4724597110556951,-0.4290539615482407,0.1592989417989418,0.006398044561678191,0.2,0.2,0.9520279720279721,-0.3104620215553773,0.19356740660297264,-0.7207904343454216,0.9261444674488153,0.008557142857142857,0.42857142857142855,0.6333333333333333,0.03988543371522102,0.1423931605496853,0.2788923044527225,0.29173647279718085,-0.7668455256498735,-0.0021590982954646657
2023-06-22_Germany_Serbia,2023-06-22,Germany,Serbia,0,0.28125,0.16666666666666666,0.8809549411162313,-0.24457694352431192,0.17000704547317816,-0.6243092691622103,0.5262133224888795,0.014656542419430778,0.53125,0.5,0.950268947242535,-0.12835589709353215,0.24499282239777628,-1.544674688057041,0.2150233440127057,0.011301256613756612,-0.25,-0.33333333333333337,-0.06931400612630367,-0.11622104643077977,-0.07498577692459812,0.9203654188948307,0.3111899784761738,0.003355285805674166
2023-06-22_Germany_Serbia,2023-06-22,Serbia,Germany,1,0.53125,0.5,0.950268947242535,-0.12835589709353215,0.24499282239777628,-1.544674688057041,0.2150233440127057,0.011301256613756612,0.28125,0.16666666666666666,0.8809549411162313,-0.24457694352431192,0.17000704547317816,-0.6243092691622103,0.5262133224888795,0.014656542419430778,0.25,0.33333333333333337,0.06931400612630367,0.11622104643077977,0.07498577692459812,-0.9203654188948307,-0.3111899784761738,-0.003355285805674166
2023-06-22_Netherlands_Poland,2023-06-22,Netherlands,Poland,0,0.36363636363636365,0.5,0.8206194375183973,-0.18779629208787293,0.2578866735636154,-0.5502784739626846,0.43846853811544645,0.011309523809523811,0.7837837837837838,0.8333333333333334,1.0507996436899585,-0.15718691769471338,0.44300843367590376,-0.35553485162180815,0.13362292706401432,0.012678947461556157,-0.4201474201474201,-0.33333333333333337,-0.2301802061715612,-0.030609374393159555,-0.18512176011228837,-0.19474362234087644,0.30484561105143215,-0.0013694236520323463
2023-06-22_Netherlands_Poland,2023-06-22,Poland,Netherlands,1,0.7837837837837838,0.8333333333333334,1.0507996436899585,-0.15718691769471338,0.44300843367590376,-0.35553485162180815,0.13362292706401432,0.012678947461556157,0.36363636363636365,0.5,0.8206194375183973,-0.18779629208787293,0.2578866735636154,-0.5502784739626846,0.43846853811544645,0.011309523809523811,0.4201474201474201,0.33333333333333337,0.2301802061715612,0.030609374393159555,0.18512176011228837,0.19474362234087644,-0.30484561105143215,0.0013694236520323463
2023-06-23_Argentina_Bulgaria,2023-06-23,Argentina,Bulgaria,1,0.48484848484848486,0.6666666666666666,0.9105234388894119,-0.1992957096714373,0.3677433224421307,-0.6669182769726247,0.32745429461685077,0.013424750924750926,0.15151515151515152,0.16666666666666666,0.8299151579137597,-0.24053907217626017,0.27459282563411663,-0.7304333058009528,0.23704805996472664,0.009036481949302587,0.33333333333333337,0.5,0.0806082809756522,0.041243362504822856,0.09315049680801407,0.06351502882832805,0.09040623465212413,0.004388268975448339
2023-06-23_Argentina_Bulgaria,2023-06-23,Bulgaria,Argentina,0,0.15151515151515152,0.16666666666666666,0.8299151579137597,-0.24053907217626017,0.27459282563411663,-0.7304333058009528,0.23704805996472664,0.009036481949302587,0.48484848484848486,0.6666666666666666,0.9105234388894119,-0.1992957096714373,0.3677433224421307,-0.6669182769726247,0.32745429461685077,0.013424750924750926,-0.33333333333333337,-0.5,-0.0806082809756522,-0.041243362504822856,-0.09315049680801407,-0.06351502882832805,-0.09040623465212413,-0.004388268975448339
2023-06-23_Cuba_France,2023-06-23,Cuba,France,0,0.16666666666666666,0.16666666666666666,0.9600233100233101,-0.30588816261690244,0.18762196164282807,-0.8402420286211846,0.9134537228740127,0.007130952380952381,0.6666666666666666,0.3333333333333333,1.0538619057221597,-0.24754274295755566,0.45000214528903576,-0.7577380952380953,0.16552288690790432,0.011577198242642117,-0.5,-0.16666666666666666,-0.09383859569884956,-0.05834541965934678,-0.2623801836462077,-0.08250393338308926,0.7479308359661084,-0.004446245861689736
2023-06-23_Cuba_France,2023-06-23,France,Cuba,1,0.6666666666666666,0.3333333333333333,1.0538619057221597,-0.24754274295755566,0.45000214528903576,-0.7577380952380953,0.16552288690790432,0.011577198242642117,0.16666666666666666,0.16666666666666666,0.9600233100233101,-0.30588816261690244,0.18762196164282807,-0.8402420286211846,0.9134537228740127,0.007130952380952381,0.5,0.16666666666666666,0.09383859569884956,0.05834541965934678,0.2623801836462077,0.08250393338308926,-0.7479308359661084,0.004446245861689736
2023-06-23_Iran_United States,2023-06-23,Iran,United States,0,0.4117647058823529,0.3333333333333333,0.9863803672155367,-0.14805771713666446,0.23202502080214074,-0.3929716117216117,0.21952095636306165,0.012654062925802054,0.6944444444444444,0.8333333333333334,1.2601130161909075,-0.15377669852006084,0.19920205520355552,-0.6321460021460021,0.3947915559106335,0.018057685820836757,-0.2826797385620915,-0.5,-0.27373264897537086,0.005718981383396382,0.03282296559858522,0.23917439042439043,-0.17527059954757182,-0.005403622895034703
2023-06-23_Iran_United States,2023-06-23,United States,Iran,1,0.6944444444444444,0.8333333333333334,1.2601130161909075,-0.15377669852006084,0.19920205520355552,-0.6321460021460021,0.3947915559106335,0.018057685820836757,0.4117647058823529,0.3333333333333333,0.9863803672155367,-0.14805771713666446,0.23202502080214074,-0.3929716117216117,0.21952095636306165,0.012654062925802054,0.2826797385620915,0.5,0.27373264897537086,-0.005718981383396382,-0.03282296559858522,-0.23917439042439043,0.17527059954757182,0.005403622895034703
2023-06-23_Italy_Serbia,2023-06-23,Italy,Serbia,1,0.6111111111111112,0.6666666666666666,0.93182062351309,-0.19456493656692028,0.1751906823335395,-0.6066365007541478,0.3481003090445343,0.014699824940788794,0.5454545454545454,0.5,0.950268947242535,-0.13741974990738495,0.220987066249163,-0.4266191325014854,0.2684143974037591,0.008523478835978836,0.06565656565656575,0.16666666666666663,-0.018448323729444938,-0.05714518665953533,-0.04579638391562352,-0.18001736825266235,0.07968591164077521,0.0061763461048099585
2023-06-23_Italy_Serbia,2023-06-23,Serbia,Italy,0,0.5454545454545454,0.5,0.950268947242535,-0.13741974990738495,0.220987066249163,-0.4266191325014854,0.2684143974037591,0.008523478835978836,0.6111111111111112,0.6666666666666666,0.93182062351309,-0.19456493656692028,0.1751906823335395,-0.6066365007541478,0.3481003090445343,0.014699824940788794,-0.06565656565656575,-0.16666666666666663,0.018448323729444938,0.05714518665953533,0.04579638391562352,0.18001736825266235,-0.07968591164077521,-0.0061763461048099585
2023-06-24_Argentina_Japan,2023-06-24,Argentina,Japan,0,0.5,0.6666666666666666,0.9323183106842837,-0.16124006528384538,0.3310448592730793,-0.7919182769726247,0.355404605175857,0.023228672493378375,0.6571428571428571,1.0,1.702803396281657,-0.16619408477152217,0.42422882374701576,-1.1349278172807586,0.30616466661347447,0.004102486660626196,-0.15714285714285714,-0.33333333333333337,-0.7704850855973732,0.004954019487676792,-0.09318396447393645,0.3430095403081339,0.04923993856238251,0.01912618583275218
2023-06-24_Argentina_Japan,2023-06-24,Japan,Argentina,1,0.6571428571428571,1.0,1.702803396281657,-0.16619408477152217,0.42422882374701576,-1.1349278172807586,0.30616466661347447,0.004102486660626196,0.5,0.6666666666666666,0.9323183106842837,-0.16124006528384538,0.3310448592730793,-0.7919182769726247,0.355404605175857,0.023228672493378375,0.15714285714285714,0.33333333333333337,0.7704850855973732,-0.004954019487676792,0.09318396447393645,-0.3430095403081339,-0.04923993856238251,-0.01912618583275218
2023-06-24_Brazil_Slovenia,2023-06-24,Brazil,Slovenia,1,0.75,0.6666666666666666,1.2353694984305081,-0.13567921964184357,0.19927924071112924,-0.6706771170006465,0.6134183277788258,0.010104073075771188,0.6388888888888888,0.8333333333333334,1.0573522772165471,-0.17437754645170137,0.4360145190175679,-0.2981015805958597,0.3063888888888889,0.0048689925739106065,0.11111111111111116,-0.16666666666666674,0.17801722121396102,0.0386983268098578,-0.23673527830643865,-0.37257553640478674,0.3070294388899369,0.005235080501860581
2023-06-24_Brazil_Slovenia,2023-06-24,Slovenia,Brazil,0,0.6388888888888888,0.8333333333333334,1.0573522772165471,-0.17437754645170137,0.4360145190175679,-0.2981015805958597,0.3063888888888889,0.0048689925739106065,0.75,0.6666666666666666,1.2353694984305081,-0.13567921964184357,0.19927924071112924,-0.6706771170006465,0.6134183277788258,0.010104073075771188,-0.11111111111111116,0.16666666666666674,-0.17801722121396102,-0.0386983268098578,0.23673527830643865,0.37257553640478674,-0.3070294388899369,-0.005235080501860581
2023-06-24_Canada_France,2023-06-24,Canada,France,0,0.3235294117647059,0.16666666666666666,0.7763225058492821,-0.10981627619449565,0.2310640520260696,-0.8246581196581196,0.5979728367773908,0.01118606784590391,0.6756756756756757,0.3333333333333333,0.9585460015827262,-0.24631424172905445,0.38535568064257114,-0.48366402116402113,0.18168450306952053,0.009725346390790264,-0.35214626391096976,-0.16666666666666666,-0.1822234957334441,0.13649796553455879,-0.15429162861650153,-0.3409940984940985,0.4162883337078702,0.0014607214551136463
2023-06-24_Canada_France,2023-06-24,France,Canada,1,0.6756756756756757,0.3333333333333333,0.9585460015827262,-0.24631424172905445,0.38535568064257114,-0.48366402116402113,0.18168450306952053,0.009725346390790264,0.3235294117647059,0.16666666666666666,0.7763225058492821,-0.10981627619449565,0.2310640520260696,-0.8246581196581196,0.5979728367773908,0.01118606784590391,0.35214626391096976,0.16666666666666666,0.1822234957334441,-0.13649796553455879,0.15429162861650153,0.3409940984940985,-0.4162883337078702,-0.0014607214551136463
2023-06-24_China_Germany,2023-06-24,China,Germany,1,0.17647058823529413,0.0,0.7535659171075838,-0.1634766406637921,0.1602585700252426,-0.5723951973951974,0.4693727071301442,0.013019997080718144,0.2727272727272727,0.16666666666666666,0.8631519108132012,-0.2242483442483442,0.16092041647129487,-0.70274064171123,0.49630901626878376,0.012762603025491384,-0.09625668449197858,-0.16666666666666666,-0.10958599370561739,0.060771703584552084,-0.0006618464460522722,0.13034544431603257,-0.02693630913863959,0.00025739405522676
2023-06-24_China_Germany,2023-06-24,Germany,China,0,0.2727272727272727,0.16666666666666666,0.8631519108132012,-0.2242483442483442,0.16092041647129487,-0.70274064171123,0.49630901626878376,0.012762603025491384,0.17647058823529413,0.0,0.7535659171075838,-0.1634766406637921,0.1602585700252426,-0.5723951973951974,0.4693727071301442,0.013019997080718144,0.09625668449197858,0.16666666666666666,0.10958599370561739,-0.060771703584552084,0.0006618464460522722,-0.13034544431603257,0.02693630913863959,-0.00025739405522676
2023-06-24_Iran_Netherlands,2023-06-24,Iran,Netherlands,0,0.4,0.3333333333333333,1.088055008363862,-0.14579014344051935,0.13911961539673534,-0.41511613386613383,0.27721326405536934,0.008024433296172426,0.35294117647058826,0.5,0.9787390956380554,-0.1958802274163903,0.19092015682198626,-0.694722918407129,0.48978432758913065,0.016132478632478634,0.047058823529411764,-0.16666666666666669,0.10931591272580665,0.05009008397587095,-0.05180054142525092,0.27960678454099513,-0.21257106353376132,-0.008108045336306208
2023-06-24_Iran_Netherlands,2023-06-24,Netherlands,Iran,1,0.35294117647058826,0.5,0.9787390956380554,-0.1958802274163903,0.19092015682198626,-0.694722918407129,0.48978432758913065,0.016132478632478634,0.4,0.3333333333333333,1.088055008363862,-0.14579014344051935,0.13911961539673534,-0.41511613386613383,0.27721326405536934,0.008024433296172426,-0.047058823529411764,0.16666666666666669,-0.10931591272580665,-0.05009008397587095,0.05180054142525092,-0.27960678454099513,0.21257106353376132,0.008108045336306208
2023-06-24_Poland_United States,2023-06-24,Poland,United States,0,0.7894736842105263,0.8333333333333334,1.2613259594794322,-0.1745864448814746,0.3436494593169294,-0.42284254392950044,0.23954790575114135,0.012316549838884562,0.7027027027027027,0.8333333333333334,1.2215825502410869,-0.12547481172760802,0.1972709797430683,-0.7028530728530727,0.5082000772138916,0.018057685820836757,0.08677098150782359,0.0,0.039743409238345295,-0.049111633153866574,0.14637847957386113,0.2800105289235723,-0.2686521714627502,-0.0057411359819521945
2023-06-24_Poland_United States,2023-06-24,United States,Poland,1,0.7027027027027027,0.8333333333333334,1.2215825502410869,-0.12547481172760802,0.1972709797430683,-0.7028530728530727,0.5082000772138916,0.018057685820836757,0.7894736842105263,0.8333333333333334,1.2613259594794322,-0.1745864448814746,0.3436494593169294,-0.42284254392950044,0.23954790575114135,0.012316549838884562,-0.08677098150782359,0.0,-0.039743409238345295,0.049111633153866574,-0.14637847957386113,-0.2800105289235723,0.2686521714627502,0.0057411359819521945
2023-06-25_Brazil_France,2023-06-25,Brazil,France,1,0.7567567567567568,0.6666666666666666,1.2195910973084887,-0.17194682527564634,0.22153730522725826,-0.8151215614450908,0.5695586786560188,0.0077231206948188075,0.6842105263157895,0.5,1.070318488355213,-0.23200406560380982,0.3841876662670096,-0.5246896621896622,0.24363335668504074,0.010473459843821751,0.07254623044096731,0.16666666666666663,0.14927260895327565,0.06005724032816348,-0.16265036103975136,-0.29043189925542867,0.3259253219709781,-0.0027503391490029437
2023-06-25_Brazil_France,2023-06-25,France,Brazil,0,0.6842105263157895,0.5,1.070318488355213,-0.23200406560380982,0.3841876662670096,-0.5246896621896622,0.24363335668504074,0.010473459843821751,0.7567567567567568,0.6666666666666666,1.2195910973084887,-0.17194682527564634,0.22153730522725826,-0.8151215614450908,0.5695586786560188,0.0077231206948188075,-0.07254623044096731,-0.16666666666666663,-0.14927260895327565,-0.06005724032816348,0.16265036103975136,0.29043189925542867,-0.3259253219709781,0.0027503391490029437
2023-06-25_Bulgaria_Cuba,2023-06-25,Bulgaria,Cuba,0,0.14705882352941177,0.16666666666666666,0.7682040779698607,-0.26368722032440833,0.19767569514555752,-0.7377593131269601,0.33996472663139327,0.009375867661164118,0.14285714285714285,0.16666666666666666,0.8539627039627039,-0.3393118301869115,0.16582793441401822,-0.8472145882253233,0.9025841576566215,0.007028388278388279,0.00420168067226892,0.0,-0.08575862599284323,0.07562460986250319,0.031847760731539304,0.10945527509836317,-0.5626194310252282,0.002347479382775839
2023-06-25_Bulgaria_Cuba,2023-06-25,Cuba,Bulgaria,1,0.14285714285714285,0.16666666666666666,0.8539627039627039,-0.3393118301869115,0.16582793441401822,-0.8472145882253233,0.9025841576566215,0.007028388278388279,0.14705882352941177,0.16666666666666666,0.7682040779698607,-0.26368722032440833,0.19767569514555752,-0.7377593131269601,0.33996472663139327,0.009375867661164118,-0.00420168067226892,0.0,0.08575862599284323,-0.07562460986250319,-0.031847760731539304,-0.10945527509836317,0.5626194310252282,-0.002347479382775839
2023-06-25_Italy_Poland,2023-06-25,Italy,Poland,0,0.6216216216216216,0.8333333333333334,1.0382632005439023,-0.14719972182430682,0.2004432075860647,-0.5709222150398621,0.36648266198571083,0.009144269385233241,0.7692307692307693,0.6666666666666666,1.114372554461511,-0.19088274117777093,0.27335960424446565,-0.5736361947231512,0.28483776082360507,0.005906293428628151,-0.14760914760914767,0.16666666666666674,-0.07610935391760876,0.04368301935346411,-0.07291639665840094,0.002713979683289125,0.08164490116210577,0.00323797595660509
2023-06-25_Italy_Poland,2023-06-25,Poland,Italy,1,0.7692307692307693,0.6666666666666666,1.114372554461511,-0.19088274117777093,0.27335960424446565,-0.5736361947231512,0.28483776082360507,0.005906293428628151,0.6216216216216216,0.8333333333333334,1.0382632005439023,-0.14719972182430682,0.2004432075860647,-0.5709222150398621,0.36648266198571083,0.009144269385233241,0.14760914760914767,-0.16666666666666674,0.07610935391760876,-0.04368301935346411,0.07291639665840094,-0.002713979683289125,-0.08164490116210577,-0.00323797595660509
2023-06-25_Netherlands_Serbia,2023-06-25,Netherlands,Serbia,0,0.37142857142857144,0.6666666666666666,0.9975692238431836,-0.17652924377969237,0.19527243536781316,-0.627771351455562,0.5023291304565142,0.019963896256999705,0.5294117647058824,0.5,0.9175266304576649,-0.15300590404775596,0.1930033091870161,-0.44905502993738283,0.364496801996802,0.010687981000481002,-0.15798319327731092,0.16666666666666663,0.08004259338551867,-0.023523339731936405,0.002269126180797054,-0.17871632151817912,0.13783232845971216,0.009275915256518703
2023-06-25_Netherlands_Serbia,2023-06-25,Serbia,Netherlands,1,0.5294117647058824,0.5,0.9175266304576649,-0.15300590404775596,0.1930033091870161,-0.44905502993738283,0.364496801996802,0.010687981000481002,0.37142857142857144,0.6666666666666666,0.9975692238431836,-0.17652924377969237,0.19527243536781316,-0.627771351455562,0.5023291304565142,0.019963896256999705,0.15798319327731092,-0.16666666666666663,-0.08004259338551867,0.023523339731936405,-0.002269126180797054,0.17871632151817912,-0.13783232845971216,-0.009275915256518703
2023-07-04_Argentina_Serbia,2023-07-04,Argentina,Serbia,1,0.4857142857142857,0.6666666666666666,1.0387938491238788,-0.16212733529411902,0.37211734887498066,-0.9247685185185186,0.48071324715116565,0.02521279947750536,0.5428571428571428,0.5,0.994953194953195,-0.1793421982662381,0.12157473775844464,-0.4882216966040495,0.39190908269855634,0.008083814333814334,-0.057142857142857106,0.16666666666666663,0.043840654170683835,0.017214862972119077,0.25054261111653603,-0.4365468219144691,0.0888041644526093,0.017128985143691024
2023-07-04_Argentina_Serbia,2023-07-04,Serbia,Argentina,0,0.5428571428571428,0.5,0.994953194953195,-0.1793421982662381,0.12157473775844464,-0.4882216966040495,0.39190908269855634,0.008083814333814334,0.4857142857142857,0.6666666666666666,1.0387938491238788,-0.16212733529411902,0.37211734887498066,-0.9247685185185186,0.48071324715116565,0.02521279947750536,0.057142857142857106,-0.16666666666666663,-0.043840654170683835,-0.017214862972119077,-0.25054261111653603,0.4365468219144691,-0.0888041644526093,-0.017128985143691024
2023-07-04_Brazil_Italy,2023-07-04,Brazil,Italy,0,0.7631578947368421,0.6666666666666666,1.2770623616763048,-0.17913258246140354,0.20568763202464388,-0.8294072757308051,0.5639305014592142,0.008433898673624702,0.6052631578947368,0.8333333333333334,1.0866866239673258,-0.14342388716611923,0.2388270459699031,-0.5553544494720964,0.3682441796008869,0.005931773069288649,0.1578947368421053,-0.16666666666666674,0.19037573770897898,-0.03570869529528431,-0.03313941394525921,-0.27405282625870864,0.1956863218583273,0.0025021256043360526
2023-07-04_Brazil_Italy,2023-07-04,Italy,Brazil,1,0.6052631578947368,0.8333333333333334,1.0866866239673258,-0.14342388716611923,0.2388270459699031,-0.5553544494720964,0.3682441796008869,0.005931773069288649,0.7631578947368421,0.6666666666666666,1.2770623616763048,-0.17913258246140354,0.20568763202464388,-0.8294072757308051,0.5639305014592142,0.008433898673624702,-0.1578947368421053,0.16666666666666674,-0.19037573770897898,0.03570869529528431,0.03313941394525921,0.27405282625870864,-0.1956863218583273,-0.0025021256043360526
2023-07-04_China_Japan,2023-07-04,China,Japan,0,0.2222222222222222,0.16666666666666666,0.9331294091710758,-0.1583596815994646,0.19337403843482867,-0.6007834757834757,0.6760393737968108,0.006609740670461733,0.6666666666666666,1.0,1.7274947543063484,-0.17033120061076568,0.4058927536868078,-1.119138343596548,0.3872457476945556,0.003556107473470309,-0.4444444444444444,-0.8333333333333334,-0.7943653451352726,0.011971519011301085,-0.2125187152519791,0.5183548678130724,0.2887936261022552,0.003053633196991424
2023-07-04_China_Japan,2023-07-04,Japan,China,1,0.6666666666666666,1.0,1.7274947543063484,-0.17033120061076568,0.4058927536868078,-1.119138343596548,0.3872457476945556,0.003556107473470309,0.2222222222222222,0.16666666666666666,0.9331294091710758,-0.1583596815994646,0.19337403843482867,-0.6007834757834757,0.6760393737968108,0.006609740670461733,0.4444444444444444,0.8333333333333334,0.7943653451352726,-0.011971519011301085,0.2125187152519791,-0.5183548678130724,-0.2887936261022552,-0.003053633196991424
2023-07-04_France_Iran,2023-07-04,France,Iran,1,0.6666666666666666,0.3333333333333333,1.0544454724821972,-0.24166590135260213,0.29484832692767027,-0.6883801383801383,0.3456741730115714,0.012637962008323915,0.3888888888888889,0.3333333333333333,1.0401289391611972,-0.11278294595963763,0.11047378206340201,-0.5633533133533133,0.34131582815793343,0.006774433296172427,0.27777777777777773,0.0,0.014316533321000025,-0.12888295539296452,0.18437454486426824,-0.12502682502682505,0.004358344853637952,0.005863528712151489
2023-07-04_France_Iran,2023-07-04,Iran,France,0,0.3888888888888889,0.3333333333333333,1.0401289391611972,-0.11278294595963763,0.11047378206340201,-0.5633533133533133,0.34131582815793343,0.006774433296172427,0.6666666666666666,0.3333333333333333,1.0544454724821972,-0.24166590135260213,0.29484832692767027,-0.6883801383801383,0.3456741730115714,0.012637962008323915,-0.27777777777777773,0.0,-0.014316533321000025,0.12888295539296452,-0.18437454486426824,0.12502682502682505,-0.004358344853637952,-0.005863528712151489
2023-07-05_Bulgaria_Germany,2023-07-05,Bulgaria,Germany,0,0.14285714285714285,0.0,0.7650509248167076,-0.26957118310492284,0.16814966561952804,-0.8229308817544111,0.4686277302943969,0.01182684805332098,0.2647058823529412,0.16666666666666666,0.9759871598553467,-0.206161223036223,0.27599978155065996,-0.8948702713408596,0.6767687863837262,0.010540380803269161,-0.12184873949579833,-0.16666666666666666,-0.21093623503863912,-0.06340996006869984,-0.10785011593113192,0.07193938958644852,-0.20814105608932926,0.001286467250051819
2023-07-05_Bulgaria_Germany,2023-07-05,Germany,Bulgaria,1,0.2647058823529412,0.16666666666666666,0.9759871598553467,-0.206161223036223,0.27599978155065996,-0.8948702713408596,0.6767687863837262,0.010540380803269161,0.14285714285714285,0.0,0.7650509248167076,-0.26957118310492284,0.16814966561952804,-0.8229308817544111,0.4686277302943969,0.01182684805332098,0.12184873949579833,0.16666666666666666,0.21093623503863912,0.06340996006869984,0.10785011593113192,-0.07193938958644852,0.20814105608932926,-0.001286467250051819
2023-07-05_Canada_Netherlands,2023-07-05,Canada,Netherlands,0,0.3142857142857143,0.16666666666666666,0.8511154665118079,-0.10812976825798772,0.1776397837680418,-0.9668803418803419,0.6634689348821845,0.012660756820592886,0.3611111111111111,0.5,0.9529849070322736,-0.13160023769449966,0.19520808530346312,-0.7349142085984192,0.49615629095034136,0.020889822182925632,-0.046825396825396826,-0.33333333333333337,-0.10186944052046565,0.023470469436511945,-0.017568301535421327,-0.23196613328192273,0.16731264393184314,-0.008229065362332746
2023-07-05_Canada_Netherlands,2023-07-05,Netherlands,Canada,1,0.3611111111111111,0.5,0.9529849070322736,-0.13160023769449966,0.19520808530346312,-0.7349142085984192,0.49615629095034136,0.020889822182925632,0.3142857142857143,0.16666666666666666,0.8511154665118079,-0.10812976825798772,0.1776397837680418,-0.9668803418803419,0.6634689348821845,0.012660756820592886,0.046825396825396826,0.33333333333333337,0.10186944052046565,-0.023470469436511945,0.017568301535421327,0.23196613328192273,-0.16731264393184314,0.008229065362332746
2023-07-05_Cuba_United States,2023-07-05,Cuba,United States,0,0.25,0.3333333333333333,0.9857087357087355,-0.3223945369538288,0.18676543441401824,-0.9316791432781134,0.8982738128290353,0.004647435897435897,0.7105263157894737,0.8333333333333334,1.2046411582996948,-0.15174192234544004,0.19055547302756157,-0.6935938135938136,0.5107955536692124,0.013574255021616485,-0.4605263157894737,-0.5,-0.21893242259095924,-0.17065261460838876,-0.003790038613543323,-0.23808532968429985,0.3874782591598229,-0.008926819124180588
2023-07-05_Cuba_United States,2023-07-05,United States,Cuba,1,0.7105263157894737,0.8333333333333334,1.2046411582996948,-0.15174192234544004,0.19055547302756157,-0.6935938135938136,0.5107955536692124,0.013574255021616485,0.25,0.3333333333333333,0.9857087357087355,-0.3223945369538288,0.18676543441401824,-0.9316791432781134,0.8982738128290353,0.004647435897435897,0.4605263157894737,0.5,0.21893242259095924,0.17065261460838876,0.003790038613543323,0.23808532968429985,-0.3874782591598229,0.008926819124180588
2023-07-05_Poland_Slovenia,2023-07-05,Poland,Slovenia,1,0.775,0.6666666666666666,1.0401235234537591,-0.19797774566160276,0.22755713510866316,-0.5684188034188034,0.33787236093704803,0.004198813835091586,0.6216216216216216,0.8333333333333334,1.0837411661054361,-0.18527498234913728,0.3977740238805209,-0.36701183700611617,0.4070906432748538,0.004169272461955389,0.15337837837837842,-0.16666666666666674,-0.043617642651677,-0.012702763312465476,-0.17021688877185776,-0.20140696641268718,-0.06921828233780575,2.9541373136197403e-05
2023-07-05_Poland_Slovenia,2023-07-05,Slovenia,Poland,0,0.6216216216216216,0.8333333333333334,1.0837411661054361,-0.18527498234913728,0.3977740238805209,-0.36701183700611617,0.4070906432748538,0.004169272461955389,0.775,0.6666666666666666,1.0401235234537591,-0.19797774566160276,0.22755713510866316,-0.5684188034188034,0.33787236093704803,0.004198813835091586,-0.15337837837837842,0.16666666666666674,0.043617642651677,0.012702763312465476,0.17021688877185776,0.20140696641268718,0.06921828233780575,-2.9541373136197403e-05
2023-07-06_Argentina_Germany,2023-07-06,Argentina,Germany,1,0.5,0.6666666666666666,1.0567875513281073,-0.15898435954840356,0.34749613675376856,-0.9247685185185186,0.5438259922492049,0.023625497890203778,0.2857142857142857,0.3333333333333333,1.0451115838184803,-0.18375685145152354,0.2868754877653492,-1.004466230936819,0.5805187863837262,0.009135353082451966,0.2142857142857143,0.3333333333333333,0.011675967509626961,0.024772491903119975,0.060620648988419346,0.07969771241830048,-0.03669279413452131,0.014490144807751812
2023-07-06_Argentina_Germany,2023-07-06,Germany,Argentina,0,0.2857142857142857,0.3333333333333333,1.0451115838184803,-0.18375685145152354,0.2868754877653492,-1.004466230936819,0.5805187863837262,0.009135353082451966,0.5,0.6666666666666666,1.0567875513281073,-0.15898435954840356,0.34749613675376856,-0.9247685185185186,0.5438259922492049,0.023625497890203778,-0.2142857142857143,-0.3333333333333333,-0.011675967509626961,-0.024772491903119975,-0.060620648988419346,-0.07969771241830048,0.03669279413452131,-0.014490144807751812
2023-07-06_Brazil_Netherlands,2023-07-06,Brazil,Netherlands,1,0.7435897435897436,0.6666666666666666,1.2358208650776654,-0.18267608197264498,0.17040911743578444,-0.7656817855347265,0.48597351221190227,0.006003343118069145,0.3783783783783784,0.5,1.0217325844756033,-0.14772366229250056,0.18943816103371913,-0.9071364308206413,0.43343765027068115,0.01832571961882307,0.3652113652113652,0.16666666666666663,0.2140882806020621,-0.034952419680144425,-0.019029043597934697,0.14145464528591478,0.05253586194122112,-0.012322376500753924
2023-07-06_Brazil_Netherlands,2023-07-06,Netherlands,Brazil,0,0.3783783783783784,0.5,1.0217325844756033,-0.14772366229250056,0.18943816103371913,-0.9071364308206413,0.43343765027068115,0.01832571961882307,0.7435897435897436,0.6666666666666666,1.2358208650776654,-0.18267608197264498,0.17040911743578444,-0.7656817855347265,0.48597351221190227,0.006003343118069145,-0.3652113652113652,-0.16666666666666663,-0.2140882806020621,0.034952419680144425,0.019029043597934697,-0.14145464528591478,-0.05253586194122112,0.012322376500753924
2023-07-06_Bulgaria_Iran,2023-07-06,Bulgaria,Iran,1,0.1388888888888889,0.0,0.8278686444971722,-0.2593823907764841,0.1431146516139258,-0.8486661758720583,0.5746883363550029,0.010090736942209869,0.3783783783783784,0.16666666666666666,0.8379067169389751,-0.17046944550660229,0.09203929539295391,-0.5347818847818847,0.4996491614912668,0.00463768115942029,-0.2394894894894895,-0.16666666666666666,-0.010038072441802881,-0.08891294526988183,0.051075356220971896,-0.3138842910901736,0.07503917486373612,0.005453055782789579
2023-07-06_Bulgaria_Iran,2023-07-06,Iran,Bulgaria,0,0.3783783783783784,0.16666666666666666,0.8379067169389751,-0.17046944550660229,0.09203929539295391,-0.5347818847818847,0.4996491614912668,0.00463768115942029,0.1388888888888889,0.0,0.8278686444971722,-0.2593823907764841,0.1431146516139258,-0.8486661758720583,0.5746883363550029,0.010090736942209869,0.2394894894894895,0.16666666666666666,0.010038072441802881,0.08891294526988183,-0.051075356220971896,0.3138842910901736,-0.07503917486373612,-0.005453055782789579
2023-07-06_Canada_Italy,2023-07-06,Canada,Italy,0,0.3055555555555556,0.16666666666666666,0.8778207432170847,-0.10041371887527166,0.142837330480351,-1.0113247863247863,0.5642286689752519,0.007196275946275946,0.6153846153846154,0.8333333333333334,1.0327101668900933,-0.10341843497501994,0.2237373737373737,-0.5683209263854426,0.40470251293422027,0.005931773069288649,-0.30982905982905984,-0.6666666666666667,-0.15488942367300862,0.0030047160997482836,-0.08090004325702271,-0.44300385993934366,0.15952615604103165,0.0012645028769872968
2023-07-06_Canada_Italy,2023-07-06,Italy,Canada,1,0.6153846153846154,0.8333333333333334,1.0327101668900933,-0.10341843497501994,0.2237373737373737,-0.5683209263854426,0.40470251293422027,0.005931773069288649,0.3055555555555556,0.16666666666666666,0.8778207432170847,-0.10041371887527166,0.142837330480351,-1.0113247863247863,0.5642286689752519,0.007196275946275946,0.30982905982905984,0.6666666666666667,0.15488942367300862,-0.0030047160997482836,0.08090004325702271,0.44300385993934366,-0.15952615604103165,-0.0012645028769872968
2023-07-06_China_Slovenia,2023-07-06,China,Slovenia,0,0.21052631578947367,0.16666666666666666,0.9956294091710759,-0.16109088078645648,0.1863227563835466,-0.49893162393162394,0.7154482407918848,0.006656426011264721,0.6052631578947368,0.6666666666666666,1.0980437665782492,-0.16002162257826266,0.378834629941127,-0.4766609598131337,0.4955260174245137,0.008201530526471518,-0.39473684210526316,-0.5,-0.1024143574071733,-0.001069258208193813,-0.1925118735575804,-0.022270664118490213,0.21992222336737116,-0.0015451045152067968
2023-07-06_China_Slovenia,2023-07-06,Slovenia,China,1,0.6052631578947368,0.6666666666666666,1.0980437665782492,-0.16002162257826266,0.378834629941127,-0.4766609598131337,0.4955260174245137,0.008201530526471518,0.21052631578947367,0.16666666666666666,0.9956294091710759,-0.16109088078645648,0.1863227563835466,-0.49893162393162394,0.7154482407918848,0.006656426011264721,0.39473684210526316,0.5,0.1024143574071733,0.001069258208193813,0.1925118735575804,0.022270664118490213,-0.21992222336737116,0.0015451045152067968
2023-07-06_Cuba_Serbia,2023-07-06,Cuba,Serbia,0,0.2222222222222222,0.3333333333333333,0.9958097458097459,-0.3335056480649399,0.1921797470317207,-0.995171206770177,0.8978712363395024,0.006267806267806268,0.5277777777777778,0.5,0.8997150997150998,-0.1538371477611876,0.12054846518044797,-0.4153050299373829,0.47765554344501715,0.007683982683982685,-0.3055555555555556,-0.16666666666666669,0.09609464609464613,-0.17966850030375228,0.07163128185127272,-0.5798661768327942,0.42021569289448524,-0.001416176416176417
2023-07-06_Cuba_Serbia,2023-07-06,Serbia,Cuba,1,0.5277777777777778,0.5,0.8997150997150998,-0.1538371477611876,0.12054846518044797,-0.4153050299373829,0.47765554344501715,0.007683982683982685,0.2222222222222222,0.3333333333333333,0.9958097458097459,-0.3335056480649399,0.1921797470317207,-0.995171206770177,0.8978712363395024,0.006267806267806268,0.3055555555555556,0.16666666666666669,-0.09609464609464613,0.17966850030375228,-0.07163128185127272,0.5798661768327942,-0.42021569289448524,0.001416176416176417
2023-07-07_Argentina_United States,2023-07-07,Argentina,United States,1,0.5135135135135135,0.6666666666666666,1.0476879344698697,-0.15792474784482138,0.3735140801630163,-0.8645833333333334,0.5281864030802039,0.02202293378763967,0.717948717948718,0.8333333333333334,1.2074189360774727,-0.17403168931605814,0.2287188600281579,-0.5804985754985755,0.4797498020352254,0.01112327462945962,-0.20443520443520447,-0.16666666666666674,-0.159731001607603,0.016106941471236758,0.1447952201348584,-0.28408475783475784,0.048436601044978544,0.01089965915818005
2023-07-07_Argentina_United States,2023-07-07,United States,Argentina,0,0.717948717948718,0.8333333333333334,1.2074189360774727,-0.17403168931605814,0.2287188600281579,-0.5804985754985755,0.4797498020352254,0.01112327462945962,0.5135135135135135,0.6666666666666666,1.0476879344698697,-0.15792474784482138,0.3735140801630163,-0.8645833333333334,0.5281864030802039,0.02202293378763967,0.20443520443520447,0.16666666666666674,0.159731001607603,-0.016106941471236758,-0.1447952201348584,0.28408475783475784,-0.048436601044978544,-0.01089965915818005
2023-07-07_Brazil_Poland,2023-07-07,Brazil,Poland,0,0.75,0.6666666666666666,1.203439912696713,-0.1820649229274911,0.18603411743578446,-0.6833405156934568,0.48805684554523565,0.00897953359425962,0.7804878048780488,0.6666666666666666,1.0138620703630377,-0.19981883093292055,0.21178719076729022,-0.6074664224664225,0.42700279571965677,0.004198813835091586,-0.030487804878048808,0.0,0.18957784233367536,0.017753908005429447,-0.025753073331505755,-0.07587409322703431,0.06105404982557888,0.004780719759168034
2023-07-07_Brazil_Poland,2023-07-07,Poland,Brazil,1,0.7804878048780488,0.6666666666666666,1.0138620703630377,-0.19981883093292055,0.21178719076729022,-0.6074664224664225,0.42700279571965677,0.004198813835091586,0.75,0.6666666666666666,1.203439912696713,-0.1820649229274911,0.18603411743578446,-0.6833405156934568,0.48805684554523565,0.00897953359425962,0.030487804878048808,0.0,-0.18957784233367536,-0.017753908005429447,0.025753073331505755,0.07587409322703431,-0.06105404982557888,-0.004780719759168034
2023-07-07_Cuba_Germany,2023-07-07,Cuba,Germany,0,0.2,0.16666666666666666,0.888972138972139,-0.33302672086187474,0.18268773341559083,-0.9768645706145705,0.8820365610845372,0.012220187220187221,0.2777777777777778,0.16666666666666666,0.9242782504851471,-0.20005314774781988,0.22209430803865834,-1.1544662309368192,0.6693324549846289,0.009900647003148385,-0.07777777777777778,0.0,-0.03530611151300811,-0.13297357311405486,-0.039406574623067514,0.17760166032224867,0.2127041060999083,0.0023195402170388367
2023-07-07_Cuba_Germany,2023-07-07,Germany,Cuba,1,0.2777777777777778,0.16666666666666666,0.9242782504851471,-0.20005314774781988,0.22209430803865834,-1.1544662309368192,0.6693324549846289,0.009900647003148385,0.2,0.16666666666666666,0.888972138972139,-0.33302672086187474,0.18268773341559083,-0.9768645706145705,0.8820365610845372,0.012220187220187221,0.07777777777777778,0.0,0.03530611151300811,0.13297357311405486,0.039406574623067514,-0.17760166032224867,-0.2127041060999083,-0.0023195402170388367
2023-07-07_France_Serbia,2023-07-07,France,Serbia,1,0.675,0.5,1.1219057899425147,-0.22080713049383124,0.2716192154632647,-0.6957875457875459,0.4116181657848325,0.010864912362933845,0.5405405405405406,0.5,0.7625356125356125,-0.17053291380221772,0.08970522805537721,-0.4233264203117144,0.5387666545561283,0.0099987974987975,0.13445945945945947,0.0,0.35937017740690214,-0.05027421669161353,0.18191398740788745,-0.27246112547583146,-0.12714848877129575,0.0008661148641363452
2023-07-07_France_Serbia,2023-07-07,Serbia,France,0,0.5405405405405406,0.5,0.7625356125356125,-0.17053291380221772,0.08970522805537721,-0.4233264203117144,0.5387666545561283,0.0099987974987975,0.675,0.5,1.1219057899425147,-0.22080713049383124,0.2716192154632647,-0.6957875457875459,0.4116181657848325,0.010864912362933845,-0.13445945945945947,0.0,-0.35937017740690214,0.05027421669161353,-0.18191398740788745,0.27246112547583146,0.12714848877129575,-0.0008661148641363452
2023-07-07_Italy_Slovenia,2023-07-07,Italy,Slovenia,1,0.625,0.8333333333333334,1.0124439841919688,-0.09237998203515853,0.2388888888888889,-0.5134491315136476,0.380489009929625,0.0019157088122605363,0.6153846153846154,0.6666666666666666,1.1102192221499314,-0.15583904392759887,0.4034055423169174,-0.5336410167931908,0.5353408322393285,0.007622410788473276,0.009615384615384581,0.16666666666666674,-0.09777523795796261,0.06345906189244034,-0.1645166534280285,0.020191885279543187,-0.1548518223097035,-0.00570670197621274
2023-07-07_Italy_Slovenia,2023-07-07,Slovenia,Italy,0,0.6153846153846154,0.6666666666666666,1.1102192221499314,-0.15583904392759887,0.4034055423169174,-0.5336410167931908,0.5353408322393285,0.007622410788473276,0.625,0.8333333333333334,1.0124439841919688,-0.09237998203515853,0.2388888888888889,-0.5134491315136476,0.380489009929625,0.0019157088122605363,-0.009615384615384581,-0.16666666666666674,0.09777523795796261,-0.06345906189244034,0.1645166534280285,-0.020191885279543187,0.1548518223097035,0.00570670197621274
2023-07-07_Japan_Netherlands,2023-07-07,Japan,Netherlands,1,0.6756756756756757,1.0,1.6036475869809201,-0.1586319294178236,0.34470796146753274,-1.1856649542408058,0.46772798946711996,0.003556107473470309,0.3684210526315789,0.5,0.949856360425466,-0.18141707793036063,0.1650205983097048,-0.8315628815628816,0.37154681206405343,0.0215540733906551,0.30725462304409673,0.5,0.6537912265554542,0.022785148512537046,0.17968736315782793,-0.35410207267792415,0.09618117740306653,-0.01799796591718479
2023-07-07_Japan_Netherlands,2023-07-07,Netherlands,Japan,0,0.3684210526315789,0.5,0.949856360425466,-0.18141707793036063,0.1650205983097048,-0.8315628815628816,0.37154681206405343,0.0215540733906551,0.6756756756756757,1.0,1.6036475869809201,-0.1586319294178236,0.34470796146753274,-1.1856649542408058,0.46772798946711996,0.003556107473470309,-0.30725462304409673,-0.5,-0.6537912265554542,-0.022785148512537046,-0.17968736315782793,0.35410207267792415,-0.09618117740306653,0.01799796591718479
2023-07-08_Argentina_Iran,2023-07-08,Argentina,Iran,1,0.5263157894736842,0.8333333333333334,1.0477603667456916,-0.13768844819675702,0.30684741349634964,-0.8039772727272726,0.5742673677658199,0.020786403139344316,0.3684210526315789,0.16666666666666666,0.8145655157850279,-0.17787176540892222,0.11375646711012562,-0.5027306027306028,0.6111356479777532,0.0022222222222222222,0.15789473684210525,0.6666666666666667,0.23319485096066372,0.0401833172121652,0.19309094638622404,-0.3012466699966698,-0.036868280211933335,0.018564180917122093
2023-07-08_Argentina_Iran,2023-07-08,Iran,Argentina,0,0.3684210526315789,0.16666666666666666,0.8145655157850279,-0.17787176540892222,0.11375646711012562,-0.5027306027306028,0.6111356479777532,0.0022222222222222222,0.5263157894736842,0.8333333333333334,1.0477603667456916,-0.13768844819675702,0.30684741349634964,-0.8039772727272726,0.5742673677658199,0.020786403139344316,-0.15789473684210525,-0.6666666666666667,-0.23319485096066372,-0.0401833172121652,-0.19309094638622404,0.3012466699966698,0.036868280211933335,-0.018564180917122093
2023-07-08_Brazil_China,2023-07-08,Brazil,China,1,0.7317073170731707,0.5,1.124945289040799,-0.20352741105664593,0.1628739442756113,-0.7813797313797313,0.5034889443106677,0.01354574363992172,0.2,0.16666666666666666,0.9753747795414461,-0.16180927159105418,0.18365198083141512,-0.42254273504273504,0.7858673441057249,0.010128648233486942,0.5317073170731708,0.33333333333333337,0.1495705094993528,-0.04171813946559175,-0.02077803655580382,-0.35883699633699623,-0.2823783997950572,0.0034170954064347784
2023-07-08_Brazil_China,2023-07-08,China,Brazil,0,0.2,0.16666666666666666,0.9753747795414461,-0.16180927159105418,0.18365198083141512,-0.42254273504273504,0.7858673441057249,0.010128648233486942,0.7317073170731707,0.5,1.124945289040799,-0.20352741105664593,0.1628739442756113,-0.7813797313797313,0.5034889443106677,0.01354574363992172,-0.5317073170731708,-0.33333333333333337,-0.1495705094993528,0.04171813946559175,0.02077803655580382,0.35883699633699623,0.2823783997950572,-0.0034170954064347784
2023-07-08_Bulgaria_Serbia,2023-07-08,Bulgaria,Serbia,0,0.16216216216216217,0.16666666666666666,0.846004409441448,-0.27701952157817183,0.1333445366713971,-0.7905465177524,0.615914085914086,0.009020687876545393,0.5263157894736842,0.5,0.8109788359788359,-0.16654044675890323,0.11713491337979937,-0.41084870195164314,0.5004783662678399,0.008146945646945647,-0.364153627311522,-0.33333333333333337,0.035025573462612036,-0.11047907481926861,0.016209623291597725,-0.3796978158007569,0.1154357196462461,0.0008737422295997457
2023-07-08_Bulgaria_Serbia,2023-07-08,Serbia,Bulgaria,1,0.5263157894736842,0.5,0.8109788359788359,-0.16654044675890323,0.11713491337979937,-0.41084870195164314,0.5004783662678399,0.008146945646945647,0.16216216216216217,0.16666666666666666,0.846004409441448,-0.27701952157817183,0.1333445366713971,-0.7905465177524,0.615914085914086,0.009020687876545393,0.364153627311522,0.33333333333333337,-0.035025573462612036,0.11047907481926861,-0.016209623291597725,0.3796978158007569,-0.1154357196462461,-0.0008737422295997457
2023-07-08_Canada_Poland,2023-07-08,Canada,Poland,0,0.2972972972972973,0.16666666666666666,0.8534993983087205,-0.09842493431606457,0.11880987052611762,-0.8606837606837606,0.5647577695043525,0.008711427461427461,0.7857142857142857,0.8333333333333334,1.0995763560773233,-0.2203060956062318,0.1559155296324712,-0.6893291675644616,0.4852326093842531,0.006421036057313809,-0.4884169884169884,-0.6666666666666667,-0.24607695776860283,0.12188116129016723,-0.03710565910635359,-0.17135459311929901,0.07952516012009941,0.0022903914041136524
2023-07-08_Canada_Poland,2023-07-08,Poland,Canada,1,0.7857142857142857,0.8333333333333334,1.0995763560773233,-0.2203060956062318,0.1559155296324712,-0.6893291675644616,0.4852326093842531,0.006421036057313809,0.2972972972972973,0.16666666666666666,0.8534993983087205,-0.09842493431606457,0.11880987052611762,-0.8606837606837606,0.5647577695043525,0.008711427461427461,0.4884169884169884,0.6666666666666667,0.24607695776860283,-0.12188116129016723,0.03710565910635359,0.17135459311929901,-0.07952516012009941,-0.0022903914041136524
2023-07-08_France_United States,2023-07-08,France,United States,0,0.6829268292682927,0.6666666666666666,1.0233836224548298,-0.21813619032289108,0.27568876781250623,-0.7068986568986569,0.465189594356261,0.00872816022618171,0.7,0.8333333333333334,1.2143633805219172,-0.16981712992908496,0.26429110925484817,-0.565948310948311,0.46353995823917465,0.010616744002447066,-0.01707317073170722,-0.16666666666666674,-0.19097975806708734,-0.048319060393806124,0.011397658557658064,-0.14095034595034595,0.0016496361170863505,-0.0018885837762653568
2023-07-08_France_United States,2023-07-08,United States,France,1,0.7,0.8333333333333334,1.2143633805219172,-0.16981712992908496,0.26429110925484817,-0.565948310948311,0.46353995823917465,0.010616744002447066,0.6829268292682927,0.6666666666666666,1.0233836224548298,-0.21813619032289108,0.27568876781250623,-0.7068986568986569,0.465189594356261,0.00872816022618171,0.01707317073170722,0.16666666666666674,0.19097975806708734,0.048319060393806124,-0.011397658557658064,0.14095034595034595,-0.0016496361170863505,0.0018885837762653568
2023-07-08_Italy_Japan,2023-07-08,Italy,Japan,1,0.6341463414634146,0.8333333333333334,0.9718483089573708,-0.07601712093293062,0.19595959595959592,-0.45402884165857516,0.38133076077137584,0.0019157088122605363,0.6842105263157895,1.0,1.5977263051975694,-0.1717898241546657,0.32280873666133125,-1.150866419442271,0.5174074766466071,0.0016181229773462782,-0.05006418485237485,-0.16666666666666663,-0.6258779962401986,0.09577270322173509,-0.12684914070173534,0.6968375777836959,-0.1360767158752313,0.0002975858349142581
2023-07-08_Italy_Japan,2023-07-08,Japan,Italy,0,0.6842105263157895,1.0,1.5977263051975694,-0.1717898241546657,0.32280873666133125,-1.150866419442271,0.5174074766466071,0.0016181229773462782,0.6341463414634146,0.8333333333333334,0.9718483089573708,-0.07601712093293062,0.19595959595959592,-0.45402884165857516,0.38133076077137584,0.0019157088122605363,0.05006418485237485,0.16666666666666663,0.6258779962401986,-0.09577270322173509,0.12684914070173534,-0.6968375777836959,0.1360767158752313,-0.0002975858349142581
2023-07-09_Bulgaria_United States,2023-07-09,Bulgaria,United States,0,0.15789473684210525,0.16666666666666666,0.9021668744274423,-0.2642919110244743,0.15462113241607792,-0.5789063061121884,0.5970648795648796,0.008904083398933454,0.7073170731707317,0.8333333333333334,1.2306235431235433,-0.16970297467794337,0.2721614796252185,-0.5776149776149776,0.43372966013619374,0.00812918181339234,-0.5494223363286264,-0.6666666666666667,-0.328456668696101,-0.09458893634653093,-0.11754034720914061,-0.0012913284972108086,0.1633352194286859,0.0007749015855411136
2023-07-09_Bulgaria_United States,2023-07-09,United States,Bulgaria,1,0.7073170731707317,0.8333333333333334,1.2306235431235433,-0.16970297467794337,0.2721614796252185,-0.5776149776149776,0.43372966013619374,0.00812918181339234,0.15789473684210525,0.16666666666666666,0.9021668744274423,-0.2642919110244743,0.15462113241607792,-0.5789063061121884,0.5970648795648796,0.008904083398933454,0.5494223363286264,0.6666666666666667,0.328456668696101,0.09458893634653093,0.11754034720914061,0.0012913284972108086,-0.1633352194286859,-0.0007749015855411136
2023-07-09_Canada_China,2023-07-09,Canada,China,1,0.2894736842105263,0.16666666666666666,0.9154522602615822,-0.11574456013805216,0.14892191534404478,-0.6789341377576673,0.5626539826880833,0.009232260794760794,0.19047619047619047,0.16666666666666666,0.9837081128747794,-0.19362832468670302,0.1647555333635391,-0.5263888888888889,0.7504406130268199,0.010128648233486942,0.09899749373433586,0.0,-0.06825585261319722,0.07788376454865086,-0.015833618019494317,-0.1525452488687784,-0.18778663033873655,-0.0008963874387261477
2023-07-09_Canada_China,2023-07-09,China,Canada,0,0.19047619047619047,0.16666666666666666,0.9837081128747794,-0.19362832468670302,0.1647555333635391,-0.5263888888888889,0.7504406130268199,0.010128648233486942,0.2894736842105263,0.16666666666666666,0.9154522602615822,-0.11574456013805216,0.14892191534404478,-0.6789341377576673,0.5626539826880833,0.009232260794760794,-0.09899749373433586,0.0,0.06825585261319722,-0.07788376454865086,0.015833618019494317,0.1525452488687784,0.18778663033873655,0.0008963874387261477
2023-07-09_Cuba_Iran,2023-07-09,Cuba,Iran,1,0.18181818181818182,0.16666666666666666,0.8839216339216339,-0.303227691062845,0.11279017628399111,-0.9398275335775335,0.5963222753702514,0.01734839234839235,0.358974358974359,0.0,0.6921878934074056,-0.20765300864045785,0.13412031687538384,-0.5755744255744255,0.5280764374514374,0.0022222222222222222,-0.17715617715617715,0.16666666666666666,0.1917337405142283,-0.09557468242238712,-0.021330140591392724,-0.36425310800310795,0.068245837918814,0.015126170126170128
2023-07-09_Cuba_Iran,2023-07-09,Iran,Cuba,0,0.358974358974359,0.0,0.6921878934074056,-0.20765300864045785,0.13412031687538384,-0.5755744255744255,0.5280764374514374,0.0022222222222222222,0.18181818181818182,0.16666666666666666,0.8839216339216339,-0.303227691062845,0.11279017628399111,-0.9398275335775335,0.5963222753702514,0.01734839234839235,0.17715617715617715,-0.16666666666666666,-0.1917337405142283,0.09557468242238712,0.021330140591392724,0.36425310800310795,-0.068245837918814,-0.015126170126170128
2023-07-09_France_Germany,2023-07-09,France,Germany,1,0.6666666666666666,0.6666666666666666,0.9968098350451292,-0.22605474235909018,0.24610900445061312,-0.7283272283272284,0.5188660649444963,0.0048967426016606344,0.2972972972972973,0.3333333333333333,0.9835764960991823,-0.1506704316984371,0.2552604172917241,-1.003589037954363,0.6702020202020202,0.01052311821385489,0.3693693693693693,0.3333333333333333,0.013233338945946915,-0.07538431066065307,-0.009151412841110984,0.27526180962713465,-0.15133595525752397,-0.005626375612194256
2023-07-09_France_Germany,2023-07-09,Germany,France,0,0.2972972972972973,0.3333333333333333,0.9835764960991823,-0.1506704316984371,0.2552604172917241,-1.003589037954363,0.6702020202020202,0.01052311821385489,0.6666666666666666,0.6666666666666666,0.9968098350451292,-0.22605474235909018,0.24610900445061312,-0.7283272283272284,0.5188660649444963,0.0048967426016606344,-0.3693693693693693,-0.3333333333333333,-0.013233338945946915,0.07538431066065307,0.009151412841110984,-0.27526180962713465,0.15133595525752397,0.005626375612194256
2023-07-09_Japan_Poland,2023-07-09,Japan,Poland,0,0.6666666666666666,0.8333333333333334,1.480302062773327,-0.18477059338543492,0.3404532944844605,-1.0990456911509543,0.5656237531237531,0.004951456310679611,0.7906976744186046,0.8333333333333334,1.13680914912407,-0.21565994633474794,0.18744903855842965,-0.6827932198520433,0.5774592233499974,0.009025202723980476,-0.12403100775193798,0.0,0.34349291364925705,0.030889352949313026,0.15300425592603084,-0.41625247129891096,-0.011835470226244316,-0.0040737464133008645
2023-07-09_Japan_Poland,2023-07-09,Poland,Japan,1,0.7906976744186046,0.8333333333333334,1.13680914912407,-0.21565994633474794,0.18744903855842965,-0.6827932198520433,0.5774592233499974,0.009025202723980476,0.6666666666666666,0.8333333333333334,1.480302062773327,-0.18477059338543492,0.3404532944844605,-1.0990456911509543,0.5656237531237531,0.004951456310679611,0.12403100775193798,0.0,-0.34349291364925705,-0.030889352949313026,-0.15300425592603084,0.41625247129891096,0.011835470226244316,0.0040737464133008645
2023-07-09_Netherlands_Slovenia,2023-07-09,Netherlands,Slovenia,0,0.358974358974359,0.3333333333333333,0.921916139502789,-0.2128644238938356,0.21202914531825182,-0.8982295482295481,0.5728288633461046,0.0208339087816016,0.6,0.5,0.992794979725689,-0.16265773384488033,0.2874333200946952,-0.6107651997997267,0.5353408322393285,0.00993722560328809,-0.241025641025641,-0.16666666666666669,-0.07087884022290003,-0.05020669004895528,-0.07540417477644337,-0.2874643484298215,0.03748803110677612,0.01089668317831351
2023-07-09_Netherlands_Slovenia,2023-07-09,Slovenia,Netherlands,1,0.6,0.5,0.992794979725689,-0.16265773384488033,0.2874333200946952,-0.6107651997997267,0.5353408322393285,0.00993722560328809,0.358974358974359,0.3333333333333333,0.921916139502789,-0.2128644238938356,0.21202914531825182,-0.8982295482295481,0.5728288633461046,0.0208339087816016,0.241025641025641,0.16666666666666669,0.07087884022290003,0.05020669004895528,0.07540417477644337,0.2874643484298215,-0.03748803110677612,-0.01089668317831351
2023-07-19_Argentina_Italy,2023-07-19,Argentina,Italy,0,0.5384615384615384,0.8333333333333334,1.0629735450402653,-0.1454662259745348,0.2759298603048603,-0.5683141902899969,0.5587765129692539,0.01826115061409179,0.6428571428571429,0.8333333333333334,0.9678800549891168,-0.08332164768190181,0.21913250148544264,-0.48663753731074916,0.38653909410470916,0.004108691268400887,-0.10439560439560447,0.0,0.09509349005114853,-0.06214457829263298,0.05679735881941764,-0.0816766529792477,0.17223741886454474,0.014152459345690906
2023-07-19_Argentina_Italy,2023-07-19,Italy,Argentina,1,0.6428571428571429,0.8333333333333334,0.9678800549891168,-0.08332164768190181,0.21913250148544264,-0.48663753731074916,0.38653909410470916,0.004108691268400887,0.5384615384615384,0.8333333333333334,1.0629735450402653,-0.1454662259745348,0.2759298603048603,-0.5683141902899969,0.5587765129692539,0.01826115061409179,0.10439560439560447,0.0,-0.09509349005114853,0.06214457829263298,-0.05679735881941764,0.0816766529792477,-0.17223741886454474,-0.014152459345690906
2023-07-19_France_United States,2023-07-19,France,United States,0,0.6744186046511628,0.6666666666666666,1.0811829782418017,-0.22771518237569457,0.2892614592309749,-0.7402930402930403,0.5483532444316758,0.0048967426016606344,0.7142857142857143,0.8333333333333334,1.0117240215924426,-0.19709225206722078,0.28332796172193314,-0.3724867724867725,0.36009861282093586,0.009055107739318264,-0.039867109634551534,-0.16666666666666674,0.06945895664935908,-0.030622930308473795,0.005933497509041763,-0.36780626780626785,0.1882546316107399,-0.00415836513765763
2023-07-19_France_United States,2023-07-19,United States,France,1,0.7142857142857143,0.8333333333333334,1.0117240215924426,-0.19709225206722078,0.28332796172193314,-0.3724867724867725,0.36009861282093586,0.009055107739318264,0.6744186046511628,0.6666666666666666,1.0811829782418017,-0.22771518237569457,0.2892614592309749,-0.7402930402930403,0.5483532444316758,0.0048967426016606344,0.039867109634551534,0.16666666666666674,-0.06945895664935908,0.030622930308473795,-0.005933497509041763,0.36780626780626785,-0.1882546316107399,0.00415836513765763
2023-07-20_Brazil_Poland,2023-07-20,Brazil,Poland,0,0.7380952380952381,0.6666666666666666,1.1695105064321032,-0.1877694170377823,0.13235493842765808,-0.7017857142857142,0.4396000554217789,0.014591919686097765,0.7954545454545454,0.8333333333333334,1.0396161666679296,-0.18252863320343482,0.17662090273029385,-0.6690569561157796,0.5272713543215487,0.009519875478927202,-0.05735930735930728,-0.16666666666666674,0.12989433976417364,-0.005240783834347479,-0.04426596430263577,-0.03272875816993459,-0.08767129889976982,0.005072044207170563
2023-07-20_Brazil_Poland,2023-07-20,Poland,Brazil,1,0.7954545454545454,0.8333333333333334,1.0396161666679296,-0.18252863320343482,0.17662090273029385,-0.6690569561157796,0.5272713543215487,0.009519875478927202,0.7380952380952381,0.6666666666666666,1.1695105064321032,-0.1877694170377823,0.13235493842765808,-0.7017857142857142,0.4396000554217789,0.014591919686097765,0.05735930735930728,0.16666666666666674,-0.12989433976417364,0.005240783834347479,0.04426596430263577,0.03272875816993459,0.08767129889976982,-0.005072044207170563
2023-07-20_Japan_Slovenia,2023-07-20,Japan,Slovenia,1,0.65,0.6666666666666666,1.2673390998103644,-0.18299146007751776,0.308607054304887,-1.1942837863890496,0.560472237972238,0.004951456310679611,0.6097560975609756,0.5,0.9564313433620525,-0.17769532782984276,0.24844120297757807,-0.6595135528959059,0.6067694036678999,0.00993722560328809,0.040243902439024426,0.16666666666666663,0.3109077564483119,-0.005296132247675001,0.06016585132730892,-0.5347702334931438,-0.04629716569566189,-0.004985769292608479
2023-07-20_Japan_Slovenia,2023-07-20,Slovenia,Japan,0,0.6097560975609756,0.5,0.9564313433620525,-0.17769532782984276,0.24844120297757807,-0.6595135528959059,0.6067694036678999,0.00993722560328809,0.65,0.6666666666666666,1.2673390998103644,-0.18299146007751776,0.308607054304887,-1.1942837863890496,0.560472237972238,0.004951456310679611,-0.040243902439024426,-0.16666666666666663,-0.3109077564483119,0.005296132247675001,-0.06016585132730892,0.5347702334931438,0.04629716569566189,0.004985769292608479
2023-07-22_Italy_United States,2023-07-22,Italy,United States,0,0.6511627906976745,0.8333333333333334,1.0105387851478471,-0.10160522977145404,0.2320617944147356,-0.4366375373107491,0.37809314815876327,0.004108691268400887,0.7209302325581395,0.8333333333333334,1.0290851327035537,-0.22351501629486303,0.24936437628775945,-0.44038800705467374,0.2801581957404989,0.011219609903820428,-0.06976744186046502,0.0,-0.01854634755570661,0.12190978652340899,-0.01730258187302386,0.0037504697439246226,0.09793495241826439,-0.0071109186354195416
2023-07-22_Italy_United States,2023-07-22,United States,Italy,1,0.7209302325581395,0.8333333333333334,1.0290851327035537,-0.22351501629486303,0.24936437628775945,-0.44038800705467374,0.2801581957404989,0.011219609903820428,0.6511627906976745,0.8333333333333334,1.0105387851478471,-0.10160522977145404,0.2320617944147356,-0.4366375373107491,0.37809314815876327,0.004108691268400887,0.06976744186046502,0.0,0.01854634755570661,-0.12190978652340899,0.01730258187302386,-0.0037504697439246226,-0.09793495241826439,0.0071109186354195416
2023-07-22_Japan_Poland,2023-07-22,Japan,Poland,0,0.6585365853658537,0.6666666666666666,1.2310247366667328,-0.17339358982390982,0.257570371689257,-1.0078035999088633,0.4880705680095924,0.004951456310679611,0.8,1.0,1.1137726368199503,-0.15104715172195335,0.16392249003188114,-0.5672051042639278,0.5336481659157516,0.012165378124429848,-0.14146341463414636,-0.33333333333333337,0.11725209984678253,-0.022346438101956467,0.09364788165737586,-0.4405984956449355,-0.04557759790615917,-0.007213921813750236
2023-07-22_Japan_Poland,2023-07-22,Poland,Japan,1,0.8,1.0,1.1137726368199503,-0.15104715172195335,0.16392249003188114,-0.5672051042639278,0.5336481659157516,0.012165378124429848,0.6585365853658537,0.6666666666666666,1.2310247366667328,-0.17339358982390982,0.257570371689257,-1.0078035999088633,0.4880705680095924,0.004951456310679611,0.14146341463414636,0.33333333333333337,-0.11725209984678253,0.022346438101956467,-0.09364788165737586,0.4405984956449355,0.04557759790615917,0.007213921813750236
2023-07-23_Italy_Japan,2023-07-23,Italy,Japan,0,0.6363636363636364,0.8333333333333334,0.9529146716726696,-0.10234052388910113,0.2236569916703102,-0.4094882160437807,0.4176896552349451,0.004718234981392876,0.6428571428571429,0.5,0.9708836431923059,-0.16168071640890871,0.2124143782574015,-1.031926406926407,0.48574566245888035,0.005185185185185185,-0.006493506493506551,0.33333333333333337,-0.01796897151963628,0.059340192519807586,0.011242613412908692,0.6224381908826262,-0.06805600722393523,-0.00046695020379230925
2023-07-23_Italy_Japan,2023-07-23,Japan,Italy,1,0.6428571428571429,0.5,0.9708836431923059,-0.16168071640890871,0.2124143782574015,-1.031926406926407,0.48574566245888035,0.005185185185185185,0.6363636363636364,0.8333333333333334,0.9529146716726696,-0.10234052388910113,0.2236569916703102,-0.4094882160437807,0.4176896552349451,0.004718234981392876,0.006493506493506551,-0.33333333333333337,0.01796897151963628,-0.059340192519807586,-0.011242613412908692,-0.6224381908826262,0.06805600722393523,0.00046695020379230925
2023-07-23_Poland_United States,2023-07-23,Poland,United States,1,0.8043478260869565,1.0,1.2420805758736793,-0.1515413449515061,0.1487815629412685,-0.644460006224712,0.5878487079211717,0.010249669312169312,0.7272727272727273,0.8333333333333334,1.037769996227127,-0.21023228384704518,0.25915207962384995,-0.37226631393298054,0.29277383913831223,0.010983805338644048,0.07707509881422925,0.16666666666666663,0.2043105796465523,0.058690938895539085,-0.11037051668258144,-0.27219369229173146,0.2950748687828595,-0.0007341360264747354
2023-07-23_Poland_United States,2023-07-23,United States,Poland,0,0.7272727272727273,0.8333333333333334,1.037769996227127,-0.21023228384704518,0.25915207962384995,-0.37226631393298054,0.29277383913831223,0.010983805338644048,0.8043478260869565,1.0,1.2420805758736793,-0.1515413449515061,0.1487815629412685,-0.644460006224712,0.5878487079211717,0.010249669312169312,-0.07707509881422925,-0.16666666666666663,-0.2043105796465523,-0.058690938895539085,0.11037051668258144,0.27219369229173146,-0.2950748687828595,0.0007341360264747354
2024-05-21_Argentina_Japan,2024-05-21,Argentina,Japan,0,0.525,0.6666666666666666,0.8984957464161253,-0.175974700550806,0.26197472870266986,-0.6516475236233302,0.6227646082073491,0.008457229045464339,0.6511627906976745,0.5,0.9102775825862454,-0.136583450805314,0.22103908688211013,-0.9351355166572558,0.4747170085730837,0.008586545729402872,-0.12616279069767444,0.16666666666666663,-0.011781836170120075,-0.03939124974549199,0.040935641820559726,0.2834879930339256,0.14804759963426545,-0.0001293166839385334
2024-05-21_Argentina_Japan,2024-05-21,Japan,Argentina,1,0.6511627906976745,0.5,0.9102775825862454,-0.136583450805314,0.22103908688211013,-0.9351355166572558,0.4747170085730837,0.008586545729402872,0.525,0.6666666666666666,0.8984957464161253,-0.175974700550806,0.26197472870266986,-0.6516475236233302,0.6227646082073491,0.008457229045464339,0.12616279069767444,-0.16666666666666663,0.011781836170120075,0.03939124974549199,-0.040935641820559726,-0.2834879930339256,-0.14804759963426545,0.0001293166839385334
2024-05-21_Bulgaria_France,2024-05-21,Bulgaria,France,0,0.15384615384615385,0.16666666666666666,0.8299864232996227,-0.27256783907652177,0.1794798894782248,-0.4722810473130166,0.6059934509934509,0.014752036615307723,0.6590909090909091,0.5,0.8977899077519571,-0.24259613475664699,0.2741820941516098,-0.7045305571621361,0.5657233276932319,0.0021645021645021645,-0.5052447552447552,-0.33333333333333337,-0.06780348445233442,-0.02997170431987478,-0.09470220467338503,0.23224950984911946,0.04027012330021906,0.012587534450805559
2024-05-21_Bulgaria_France,2024-05-21,France,Bulgaria,1,0.6590909090909091,0.5,0.8977899077519571,-0.24259613475664699,0.2741820941516098,-0.7045305571621361,0.5657233276932319,0.0021645021645021645,0.15384615384615385,0.16666666666666666,0.8299864232996227,-0.27256783907652177,0.1794798894782248,-0.4722810473130166,0.6059934509934509,0.014752036615307723,0.5052447552447552,0.33333333333333337,0.06780348445233442,0.02997170431987478,0.09470220467338503,-0.23224950984911946,-0.04027012330021906,-0.012587534450805559
2024-05-22_Brazil_Cuba,2024-05-22,Brazil,Cuba,0,0.7209302325581395,0.5,1.065473239351358,-0.17094625584842393,0.09647368550573195,-0.5357726423902894,0.4591375354855747,0.014591919686097765,0.25,0.3333333333333333,1.033921633921634,-0.3022426186979135,0.12425216458808468,-0.8113553113553112,0.6094175134654894,0.021093710700452278,0.4709302325581395,0.16666666666666669,0.03155160542972402,0.1312963628494896,-0.02777847908235273,0.2755826689650218,-0.15027997797991477,-0.006501791014354512
2024-05-22_Brazil_Cuba,2024-05-22,Cuba,Brazil,1,0.25,0.3333333333333333,1.033921633921634,-0.3022426186979135,0.12425216458808468,-0.8113553113553112,0.6094175134654894,0.021093710700452278,0.7209302325581395,0.5,1.065473239351358,-0.17094625584842393,0.09647368550573195,-0.5357726423902894,0.4591375354855747,0.014591919686097765,-0.4709302325581395,-0.16666666666666669,-0.03155160542972402,-0.1312963628494896,0.02777847908235273,-0.2755826689650218,0.15027997797991477,0.006501791014354512
2024-05-22_Germany_Italy,2024-05-22,Germany,Italy,0,0.2894736842105263,0.3333333333333333,1.0525359317252845,-0.15779293882094425,0.27279773072455993,-0.8962127541074909,0.7308080808080808,0.011171511965696915,0.6222222222222222,0.6666666666666666,0.8994110997012453,-0.1245018633107145,0.22766481180716258,-0.3829051813962299,0.36560632190161174,0.008734299238420989,-0.3327485380116959,-0.3333333333333333,0.15312483202403915,-0.03329107551022975,0.04513291891739735,-0.513307572711261,0.36520175890646905,0.0024372127272759263
2024-05-22_Germany_Italy,2024-05-22,Italy,Germany,1,0.6222222222222222,0.6666666666666666,0.8994110997012453,-0.1245018633107145,0.22766481180716258,-0.3829051813962299,0.36560632190161174,0.008734299238420989,0.2894736842105263,0.3333333333333333,1.0525359317252845,-0.15779293882094425,0.27279773072455993,-0.8962127541074909,0.7308080808080808,0.011171511965696915,0.3327485380116959,0.3333333333333333,-0.15312483202403915,0.03329107551022975,-0.04513291891739735,0.513307572711261,-0.36520175890646905,-0.0024372127272759263
2024-05-22_Netherlands_Slovenia,2024-05-22,Netherlands,Slovenia,0,0.35,0.3333333333333333,0.7946606789139952,-0.21940037160625392,0.22464783597292448,-0.6815628815628815,0.6055211710384124,0.014423652371345193,0.5952380952380952,0.3333333333333333,0.8137526826923874,-0.16989854714573807,0.27793638165029505,-0.8154659338482867,0.5519353488338451,0.011969745928491343,-0.24523809523809526,0.0,-0.019092003778392264,-0.04950182446051585,-0.05328854567737057,0.13390305228540522,0.05358582220456731,0.0024539064428538496
2024-05-22_Netherlands_Slovenia,2024-05-22,Slovenia,Netherlands,1,0.5952380952380952,0.3333333333333333,0.8137526826923874,-0.16989854714573807,0.27793638165029505,-0.8154659338482867,0.5519353488338451,0.011969745928491343,0.35,0.3333333333333333,0.7946606789139952,-0.21940037160625392,0.22464783597292448,-0.6815628815628815,0.6055211710384124,0.014423652371345193,0.24523809523809526,0.0,0.019092003778392264,0.04950182446051585,0.05328854567737057,-0.13390305228540522,-0.05358582220456731,-0.0024539064428538496
2024-05-23_Canada_Poland,2024-05-23,Canada,Poland,0,0.325,0.3333333333333333,1.0021375656968876,-0.11394954193066147,0.12735775153850168,-0.6719293068397927,0.5713833853803343,0.009410323472823471,0.8125,1.0,1.3458115126928514,-0.09715696963689824,0.10252854695141043,-0.6018829754123872,0.5682058507783145,0.010279699342199342,-0.4875,-0.6666666666666667,-0.34367394699596376,-0.016792572293763228,0.024829204587091244,-0.07004633142740546,0.0031775346020197492,-0.0008693758693758703
2024-05-23_Canada_Poland,2024-05-23,Poland,Canada,1,0.8125,1.0,1.3458115126928514,-0.09715696963689824,0.10252854695141043,-0.6018829754123872,0.5682058507783145,0.010279699342199342,0.325,0.3333333333333333,1.0021375656968876,-0.11394954193066147,0.12735775153850168,-0.6719293068397927,0.5713833853803343,0.009410323472823471,0.4875,0.6666666666666667,0.34367394699596376,0.016792572293763228,-0.024829204587091244,0.07004633142740546,-0.0031775346020197492,0.0008693758693758703
2024-05-23_Cuba_Germany,2024-05-23,Cuba,Germany,1,0.3076923076923077,0.5,1.2005883005883007,-0.25483521129050607,0.13861751621758725,-0.8382760615065514,0.6224238308196329,0.01852960813634971,0.28205128205128205,0.3333333333333333,1.0087648879542408,-0.1720786531066585,0.25117937323663725,-0.7821776663881926,0.7762626262626262,0.011171511965696915,0.02564102564102566,0.16666666666666669,0.1918234126340599,-0.08275655818384756,-0.11256185701905,-0.05609839511835879,-0.15383879544299328,0.007358096170652794
2024-05-23_Cuba_Germany,2024-05-23,Germany,Cuba,0,0.28205128205128205,0.3333333333333333,1.0087648879542408,-0.1720786531066585,0.25117937323663725,-0.7821776663881926,0.7762626262626262,0.011171511965696915,0.3076923076923077,0.5,1.2005883005883007,-0.25483521129050607,0.13861751621758725,-0.8382760615065514,0.6224238308196329,0.01852960813634971,-0.02564102564102566,-0.16666666666666669,-0.1918234126340599,0.08275655818384756,0.11256185701905,0.05609839511835879,0.15383879544299328,-0.007358096170652794
2024-05-23_France_Slovenia,2024-05-23,France,Slovenia,0,0.6666666666666666,0.6666666666666666,0.9930280029900524,-0.24151780487396926,0.3328240694602518,-0.5116734143049934,0.5431669367157884,0.0,0.6046511627906976,0.5,0.7816448395551325,-0.16840041980491413,0.27413313621418955,-0.7556541058912973,0.5416039648182506,0.013338586147505776,0.06201550387596899,0.16666666666666663,0.21138316343491992,-0.07311738506905513,0.05869093324606223,0.24398069158630398,0.001562971897537846,-0.013338586147505776
2024-05-23_France_Slovenia,2024-05-23,Slovenia,France,1,0.6046511627906976,0.5,0.7816448395551325,-0.16840041980491413,0.27413313621418955,-0.7556541058912973,0.5416039648182506,0.013338586147505776,0.6666666666666666,0.6666666666666666,0.9930280029900524,-0.24151780487396926,0.3328240694602518,-0.5116734143049934,0.5431669367157884,0.0,-0.06201550387596899,-0.16666666666666663,-0.21138316343491992,0.07311738506905513,-0.05869093324606223,-0.24398069158630398,-0.001562971897537846,0.013338586147505776
2024-05-23_Iran_Serbia,2024-05-23,Iran,Serbia,0,0.35,0.0,0.7731402743597866,-0.20626974278350776,0.15899285373634567,-0.650971250971251,0.5982223409306743,0.0022222222222222222,0.5384615384615384,0.5,0.8457010582010582,-0.16118422106369448,0.15804743223349468,-0.4336661622691034,0.5264523922418659,0.006162818662818662,-0.18846153846153846,-0.5,-0.07256078384127163,-0.04508552171981328,0.0009454215028509849,-0.2173050887021476,0.07176994868880837,-0.003940596440596441
2024-05-23_Iran_Serbia,2024-05-23,Serbia,Iran,1,0.5384615384615384,0.5,0.8457010582010582,-0.16118422106369448,0.15804743223349468,-0.4336661622691034,0.5264523922418659,0.006162818662818662,0.35,0.0,0.7731402743597866,-0.20626974278350776,0.15899285373634567,-0.650971250971251,0.5982223409306743,0.0022222222222222222,0.18846153846153846,0.5,0.07256078384127163,0.04508552171981328,-0.0009454215028509849,0.2173050887021476,-0.07176994868880837,0.003940596440596441
2024-05-23_Japan_Serbia,2024-05-23,Japan,Serbia,1,0.6590909090909091,0.5,0.8862114906322223,-0.12267605573536065,0.18890605362379553,-0.9476668449780578,0.5052402643870372,0.009998975107933945,0.5384615384615384,0.5,0.8457010582010582,-0.16118422106369448,0.15804743223349468,-0.4336661622691034,0.5264523922418659,0.006162818662818662,0.12062937062937062,0.0,0.040510432431164034,0.03850816532833383,0.03085862139030085,-0.5140006827089544,-0.021212127854828733,0.0038361564451152826
2024-05-23_Japan_Serbia,2024-05-23,Serbia,Japan,0,0.5384615384615384,0.5,0.8457010582010582,-0.16118422106369448,0.15804743223349468,-0.4336661622691034,0.5264523922418659,0.006162818662818662,0.6590909090909091,0.5,0.8862114906322223,-0.12267605573536065,0.18890605362379553,-0.9476668449780578,0.5052402643870372,0.009998975107933945,-0.12062937062937062,0.0,-0.040510432431164034,-0.03850816532833383,-0.03085862139030085,0.5140006827089544,0.021212127854828733,-0.0038361564451152826
2024-05-23_Netherlands_Türkiye,2024-05-23,Netherlands,Türkiye,1,0.34146341463414637,0.16666666666666666,0.8111096387591815,-0.25077476925972136,0.21434317647471657,-0.7771339771339772,0.6295110700283114,0.010592234746824117,0.0,0.0,0.7111111111111111,-0.1408450704225352,0.0208333333333333,-0.1111111111111111,0.5,0.023809523809523808,0.34146341463414637,0.16666666666666666,0.09999852764807038,-0.10992969883718617,0.19350984314138325,-0.6660228660228662,0.12951107002831141,-0.013217289062699691
2024-05-23_Netherlands_Türkiye,2024-05-23,Türkiye,Netherlands,0,0.0,0.0,0.7111111111111111,-0.1408450704225352,0.0208333333333333,-0.1111111111111111,0.5,0.023809523809523808,0.34146341463414637,0.16666666666666666,0.8111096387591815,-0.25077476925972136,0.21434317647471657,-0.7771339771339772,0.6295110700283114,0.010592234746824117,-0.34146341463414637,-0.16666666666666666,-0.09999852764807038,0.10992969883718617,-0.19350984314138325,0.6660228660228662,-0.12951107002831141,0.013217289062699691
2024-05-24_Argentina_Brazil,2024-05-24,Argentina,Brazil,0,0.5121951219512195,0.6666666666666666,0.8212599740584018,-0.16419771784359075,0.23110148008748577,-0.540536412512219,0.523690534133275,0.012966608554843849,0.7045454545454546,0.3333333333333333,0.994396532806671,-0.1843954192975874,0.11078630320818017,-0.6072012138188608,0.4921264067097401,0.012308814663266715,-0.19235033259423506,0.3333333333333333,-0.17313655874826916,0.020197701453996658,0.1203151768793056,0.06666480130664187,0.03156412742353493,0.0006577938915771336
2024-05-24_Argentina_Brazil,2024-05-24,Brazil,Argentina,1,0.7045454545454546,0.3333333333333333,0.994396532806671,-0.1843954192975874,0.11078630320818017,-0.6072012138188608,0.4921264067097401,0.012308814663266715,0.5121951219512195,0.6666666666666666,0.8212599740584018,-0.16419771784359075,0.23110148008748577,-0.540536412512219,0.523690534133275,0.012966608554843849,0.19235033259423506,-0.3333333333333333,0.17313655874826916,-0.020197701453996658,-0.1203151768793056,-0.06666480130664187,-0.03156412742353493,-0.0006577938915771336
2024-05-24_Bulgaria_Canada,2024-05-24,Bulgaria,Canada,0,0.15,0.16666666666666666,0.8291168580822313,-0.2622984788071615,0.21399125500004332,-0.5601931352251045,0.5551601176601176,0.01573795210826547,0.3170731707317073,0.3333333333333333,1.0501067533719577,-0.12277890701002657,0.10839639888149687,-0.6071144920249779,0.5058872872755406,0.009038299663299663,-0.16707317073170733,-0.16666666666666666,-0.22098989528972635,-0.13951957179713492,0.10559485611854645,0.046921356799873415,0.04927283038457708,0.006699652444965806
2024-05-24_Bulgaria_Canada,2024-05-24,Canada,Bulgaria,1,0.3170731707317073,0.3333333333333333,1.0501067533719577,-0.12277890701002657,0.10839639888149687,-0.6071144920249779,0.5058872872755406,0.009038299663299663,0.15,0.16666666666666666,0.8291168580822313,-0.2622984788071615,0.21399125500004332,-0.5601931352251045,0.5551601176601176,0.01573795210826547,0.16707317073170733,0.16666666666666666,0.22098989528972635,0.13951957179713492,-0.10559485611854645,-0.046921356799873415,-0.04927283038457708,-0.006699652444965806
2024-05-24_Cuba_Japan,2024-05-24,Cuba,Japan,0,0.35714285714285715,0.5,1.1816050316050315,-0.2476076353082971,0.13138371992129097,-0.7904128136433037,0.6017341756472191,0.023034112640854216,0.6666666666666666,0.6666666666666666,1.0255655576178684,-0.1312230642823692,0.17116956713730902,-0.897883295194508,0.5314640406108134,0.010211741065380753,-0.3095238095238095,-0.16666666666666663,0.1560394739871631,-0.11638457102592789,-0.03978584721601805,0.10747048155120431,0.07027013503640567,0.012822371575473463
2024-05-24_Cuba_Japan,2024-05-24,Japan,Cuba,1,0.6666666666666666,0.6666666666666666,1.0255655576178684,-0.1312230642823692,0.17116956713730902,-0.897883295194508,0.5314640406108134,0.010211741065380753,0.35714285714285715,0.5,1.1816050316050315,-0.2476076353082971,0.13138371992129097,-0.7904128136433037,0.6017341756472191,0.023034112640854216,0.3095238095238095,0.16666666666666663,-0.1560394739871631,0.11638457102592789,0.03978584721601805,-0.10747048155120431,-0.07027013503640567,-0.012822371575473463
2024-05-24_France_USA,2024-05-24,France,USA,1,0.6521739130434783,0.5,0.9203784303404797,-0.24225340806858883,0.31303378737488774,-0.4845900809716599,0.5940928626417142,0.0043859649122807015,0.0,0.0,0.6875,-0.1860465116279069,0.119047619047619,-0.9090909090909092,0.5882352941176471,0.015625,0.6521739130434783,0.5,0.23287843034047973,-0.05620689644068194,0.19398616832726873,0.4245008281192493,0.005857568524067158,-0.011239035087719298
2024-05-24_France_USA,2024-05-24,USA,France,0,0.0,0.0,0.6875,-0.1860465116279069,0.119047619047619,-0.9090909090909092,0.5882352941176471,0.015625,0.6521739130434783,0.5,0.9203784303404797,-0.24225340806858883,0.31303378737488774,-0.4845900809716599,0.5940928626417142,0.0043859649122807015,-0.6521739130434783,-0.5,-0.23287843034047973,0.05620689644068194,-0.19398616832726873,-0.4245008281192493,-0.005857568524067158,0.011239035087719298
2024-05-24_Iran_Italy,2024-05-24,Iran,Italy,0,0.34146341463414637,0.0,0.7139546682991805,-0.20324631118864758,0.23417401315663552,-0.66879656291421,0.6849744776828111,0.006495726495726496,0.6304347826086957,0.6666666666666666,0.9275720192414753,-0.1397135035223547,0.24423678150413228,-0.34290518139623,0.3761465063548397,0.008734299238420989,-0.2889713679745493,-0.6666666666666666,-0.21361735094229473,-0.06353280766629288,-0.010062768347496753,-0.32589138151797997,0.30882797132797135,-0.002238572742694493
2024-05-24_Iran_Italy,2024-05-24,Italy,Iran,1,0.6304347826086957,0.6666666666666666,0.9275720192414753,-0.1397135035223547,0.24423678150413228,-0.34290518139623,0.3761465063548397,0.008734299238420989,0.34146341463414637,0.0,0.7139546682991805,-0.20324631118864758,0.23417401315663552,-0.66879656291421,0.6849744776828111,0.006495726495726496,0.2889713679745493,0.6666666666666666,0.21361735094229473,0.06353280766629288,0.010062768347496753,0.32589138151797997,-0.30882797132797135,0.002238572742694493
2024-05-24_Netherlands_Poland,2024-05-24,Netherlands,Poland,0,0.35714285714285715,0.3333333333333333,0.869479453226557,-0.2731689901059546,0.17907531933185947,-0.532773074878338,0.6572888478060892,0.006888531043120416,0.8163265306122449,1.0,1.4529944532091255,-0.08823205356386131,0.05953594007259331,-0.671910986616869,0.5505246913580247,0.007675532675532675,-0.45918367346938777,-0.6666666666666667,-0.5835149999825685,-0.18493693654209326,0.11953937925926617,0.13913791173853096,0.10676415644806447,-0.0007870016324122587
2024-05-24_Netherlands_Poland,2024-05-24,Poland,Netherlands,1,0.8163265306122449,1.0,1.4529944532091255,-0.08823205356386131,0.05953594007259331,-0.671910986616869,0.5505246913580247,0.007675532675532675,0.35714285714285715,0.3333333333333333,0.869479453226557,-0.2731689901059546,0.17907531933185947,-0.532773074878338,0.6572888478060892,0.006888531043120416,0.45918367346938777,0.6666666666666667,0.5835149999825685,0.18493693654209326,-0.11953937925926617,-0.13913791173853096,-0.10676415644806447,0.0007870016324122587
2024-05-25_Argentina_Germany,2024-05-25,Argentina,Germany,1,0.5,0.5,0.7972911892200516,-0.18246255802623912,0.17485148008748577,-0.6461911744169808,0.6126611223685693,0.012966608554843849,0.275,0.3333333333333333,0.9923942853767415,-0.15228698643999186,0.17005062544122282,-0.6004647034252298,0.592929292929293,0.013109496461820946,0.22499999999999998,0.16666666666666669,-0.19510309615668986,-0.030175571586247257,0.004800854646262953,-0.04572647099175098,0.019731829439276316,-0.00014288790697709712
2024-05-25_Argentina_Germany,2024-05-25,Germany,Argentina,0,0.275,0.3333333333333333,0.9923942853767415,-0.15228698643999186,0.17005062544122282,-0.6004647034252298,0.592929292929293,0.013109496461820946,0.5,0.5,0.7972911892200516,-0.18246255802623912,0.17485148008748577,-0.6461911744169808,0.6126611223685693,0.012966608554843849,-0.22499999999999998,-0.16666666666666669,0.19510309615668986,0.030175571586247257,-0.004800854646262953,0.04572647099175098,-0.019731829439276316,0.00014288790697709712
2024-05-25_Brazil_Serbia,2024-05-25,Brazil,Serbia,1,0.7111111111111111,0.5,1.0554551025760424,-0.16400239000578168,0.13281695454917633,-0.6299284865461335,0.4821264067097401,0.010572703552155607,0.5365853658536586,0.5,0.7868933374368158,-0.1855612568810904,0.16648928436941987,-0.513267301870243,0.7504179775013108,0.01047881608592107,0.17452574525745257,0.0,0.2685617651392266,0.021558866875308724,-0.03367232982024354,-0.11666118467589048,-0.2682915707915707,9.388746623453618e-05
2024-05-25_Brazil_Serbia,2024-05-25,Serbia,Brazil,0,0.5365853658536586,0.5,0.7868933374368158,-0.1855612568810904,0.16648928436941987,-0.513267301870243,0.7504179775013108,0.01047881608592107,0.7111111111111111,0.5,1.0554551025760424,-0.16400239000578168,0.13281695454917633,-0.6299284865461335,0.4821264067097401,0.010572703552155607,-0.17452574525745257,0.0,-0.2685617651392266,-0.021558866875308724,0.03367232982024354,0.11666118467589048,0.2682915707915707,-9.388746623453618e-05
2024-05-25_Bulgaria_USA,2024-05-25,Bulgaria,USA,1,0.14634146341463414,0.16666666666666666,0.7544922334576069,-0.2573381613468441,0.17291328535064507,-0.5096048999309868,0.5272113997113997,0.013286971716108606,0.0,0.0,0.6966911764705883,-0.23588039867109628,0.19367015098722415,-1.1818181818181819,0.6202046035805626,0.0078125,0.14634146341463414,0.16666666666666666,0.05780105698701854,-0.021457762675747838,-0.02075686563657908,0.6722132818871951,-0.09299320386916288,0.005474471716108606
2024-05-25_Bulgaria_USA,2024-05-25,USA,Bulgaria,0,0.0,0.0,0.6966911764705883,-0.23588039867109628,0.19367015098722415,-1.1818181818181819,0.6202046035805626,0.0078125,0.14634146341463414,0.16666666666666666,0.7544922334576069,-0.2573381613468441,0.17291328535064507,-0.5096048999309868,0.5272113997113997,0.013286971716108606,-0.14634146341463414,-0.16666666666666666,-0.05780105698701854,0.021457762675747838,0.02075686563657908,-0.6722132818871951,0.09299320386916288,-0.005474471716108606
2024-05-25_Canada_Slovenia,2024-05-25,Canada,Slovenia,0,0.3333333333333333,0.5,1.0448300480952526,-0.14982569063575754,0.12477066788734481,-0.5608181957286816,0.5198432722460182,0.01164246632996633,0.6136363636363636,0.6666666666666666,0.8252956332059261,-0.18083053433566373,0.2494732722686113,-0.774172624409816,0.5278812343467516,0.011793890272044374,-0.28030303030303033,-0.16666666666666663,0.21953441488932646,0.031004843699906193,-0.12470260438126649,0.2133544286811344,-0.008037962100733376,-0.00015142394207804527
2024-05-25_Canada_Slovenia,2024-05-25,Slovenia,Canada,1,0.6136363636363636,0.6666666666666666,0.8252956332059261,-0.18083053433566373,0.2494732722686113,-0.774172624409816,0.5278812343467516,0.011793890272044374,0.3333333333333333,0.5,1.0448300480952526,-0.14982569063575754,0.12477066788734481,-0.5608181957286816,0.5198432722460182,0.01164246632996633,0.28030303030303033,0.16666666666666663,-0.21953441488932646,-0.031004843699906193,0.12470260438126649,-0.2133544286811344,0.008037962100733376,0.00015142394207804527
2024-05-25_France_Türkiye,2024-05-25,France,Türkiye,1,0.6595744680851063,0.5,0.9918070017690511,-0.239938593253774,0.3208477763209521,-0.47589442879774685,0.5812723498212015,0.0043859649122807015,0.0,0.0,0.8408496732026144,-0.0835804299481097,0.0500992063492063,-0.16919191919191917,0.4642857142857143,0.011904761904761904,0.6595744680851063,0.5,0.15095732856643673,-0.15635816330566432,0.27074856997174584,-0.3067025096058277,0.11698663553548716,-0.007518796992481203
2024-05-25_France_Türkiye,2024-05-25,Türkiye,France,0,0.0,0.0,0.8408496732026144,-0.0835804299481097,0.0500992063492063,-0.16919191919191917,0.4642857142857143,0.011904761904761904,0.6595744680851063,0.5,0.9918070017690511,-0.239938593253774,0.3208477763209521,-0.47589442879774685,0.5812723498212015,0.0043859649122807015,-0.6595744680851063,-0.5,-0.15095732856643673,0.15635816330566432,-0.27074856997174584,0.3067025096058277,-0.11698663553548716,0.007518796992481203
2024-05-25_Italy_Japan,2024-05-25,Italy,Japan,1,0.6382978723404256,0.6666666666666666,1.0690448874585294,-0.16551032688873357,0.23716607443342522,-0.3078810268068581,0.4502205804289137,0.008734299238420989,0.6739130434782609,0.8333333333333334,0.98724646929878,-0.12178393979536511,0.18637597908285142,-0.6423277396389525,0.4825751517219244,0.010211741065380753,-0.0356151711378353,-0.16666666666666674,0.08179841815974942,-0.04372638709336846,0.0507900953505738,0.33444671283209443,-0.03235457129301067,-0.001477441826959764
2024-05-25_Italy_Japan,2024-05-25,Japan,Italy,0,0.6739130434782609,0.8333333333333334,0.98724646929878,-0.12178393979536511,0.18637597908285142,-0.6423277396389525,0.4825751517219244,0.010211741065380753,0.6382978723404256,0.6666666666666666,1.0690448874585294,-0.16551032688873357,0.23716607443342522,-0.3078810268068581,0.4502205804289137,0.008734299238420989,0.0356151711378353,0.16666666666666674,-0.08179841815974942,0.04372638709336846,-0.0507900953505738,-0.33444671283209443,0.03235457129301067,0.001477441826959764
2024-05-26_Argentina_Iran,2024-05-26,Argentina,Iran,1,0.5116279069767442,0.5,0.8300836165358055,-0.1814517763550801,0.1650581287847005,-0.692302285528092,0.6982986031673403,0.012325582913818208,0.3333333333333333,0.0,0.6596112339557462,-0.2160668240091604,0.2169638682290993,-0.66879656291421,0.7777346586782862,0.004273504273504273,0.1782945736434109,0.5,0.17047238258005937,0.0346150476540803,-0.0519057394443988,-0.023505722613882063,-0.0794360555109459,0.008052078640313935
2024-05-26_Argentina_Iran,2024-05-26,Iran,Argentina,0,0.3333333333333333,0.0,0.6596112339557462,-0.2160668240091604,0.2169638682290993,-0.66879656291421,0.7777346586782862,0.004273504273504273,0.5116279069767442,0.5,0.8300836165358055,-0.1814517763550801,0.1650581287847005,-0.692302285528092,0.6982986031673403,0.012325582913818208,-0.1782945736434109,-0.5,-0.17047238258005937,-0.0346150476540803,0.0519057394443988,0.023505722613882063,0.0794360555109459,-0.008052078640313935
2024-05-26_Brazil_Italy,2024-05-26,Brazil,Italy,0,0.717391304347826,0.5,1.1410106581315977,-0.1800879745513062,0.11879451865174044,-0.7028000594177065,0.52900140670974,0.009943930916340717,0.6458333333333334,0.6666666666666666,1.0341242525378946,-0.16578838272234495,0.21201688432259827,-0.1919389978213508,0.4603308745465608,0.019528329769293626,0.07155797101449268,-0.16666666666666663,0.1068864055937031,-0.014299591828961261,-0.09322236567085783,-0.5108610615963557,0.06867053216317925,-0.009584398852952909
2024-05-26_Brazil_Italy,2024-05-26,Italy,Brazil,1,0.6458333333333334,0.6666666666666666,1.0341242525378946,-0.16578838272234495,0.21201688432259827,-0.1919389978213508,0.4603308745465608,0.019528329769293626,0.717391304347826,0.5,1.1410106581315977,-0.1800879745513062,0.11879451865174044,-0.7028000594177065,0.52900140670974,0.009943930916340717,-0.07155797101449268,0.16666666666666663,-0.1068864055937031,0.014299591828961261,0.09322236567085783,0.5108610615963557,-0.06867053216317925,0.009584398852952909
2024-05-26_Bulgaria_Netherlands,2024-05-26,Bulgaria,Netherlands,0,0.16666666666666666,0.3333333333333333,0.711282356914397,-0.22729482013329014,0.1779968002380815,-0.48119580902189596,0.48694026733500423,0.016795743645933166,0.3488372093023256,0.16666666666666666,0.7717462685368505,-0.24311950742489297,0.16668053090801535,-0.4221670142722774,0.6696451696451695,0.006888531043120416,-0.18217054263565893,0.16666666666666666,-0.06046391162245346,0.01582468729160283,0.011316269330066159,-0.059028794749618585,-0.18270490231016528,0.00990721260281275
2024-05-26_Bulgaria_Netherlands,2024-05-26,Netherlands,Bulgaria,1,0.3488372093023256,0.16666666666666666,0.7717462685368505,-0.24311950742489297,0.16668053090801535,-0.4221670142722774,0.6696451696451695,0.006888531043120416,0.16666666666666666,0.3333333333333333,0.711282356914397,-0.22729482013329014,0.1779968002380815,-0.48119580902189596,0.48694026733500423,0.016795743645933166,0.18217054263565893,-0.16666666666666666,0.06046391162245346,-0.01582468729160283,-0.011316269330066159,0.059028794749618585,0.18270490231016528,-0.00990721260281275
2024-05-26_Cuba_Iran,2024-05-26,Cuba,Iran,1,0.3333333333333333,0.5,1.227059577059577,-0.23437234119065,0.13627417375540676,-0.5542480774785675,0.562281679672984,0.020859460924918093,0.3333333333333333,0.0,0.6596112339557462,-0.2160668240091604,0.2169638682290993,-0.66879656291421,0.7777346586782862,0.004273504273504273,0.0,0.5,0.5674483431038307,-0.018305517181489595,-0.08068969447369254,0.11454848543564244,-0.21545297900530214,0.01658595665141382
2024-05-26_Cuba_Iran,2024-05-26,Iran,Cuba,0,0.3333333333333333,0.0,0.6596112339557462,-0.2160668240091604,0.2169638682290993,-0.66879656291421,0.7777346586782862,0.004273504273504273,0.3333333333333333,0.5,1.227059577059577,-0.23437234119065,0.13627417375540676,-0.5542480774785675,0.562281679672984,0.020859460924918093,0.0,-0.5,-0.5674483431038307,0.018305517181489595,0.08068969447369254,-0.11454848543564244,0.21545297900530214,-0.01658595665141382
2024-05-26_Germany_Serbia,2024-05-26,Germany,Serbia,1,0.2682926829268293,0.16666666666666666,0.914073483371729,-0.18238366571699902,0.17886705056199578,-0.4689832219437482,0.6793939393939393,0.010185519853633813,0.5238095238095238,0.5,0.8751286315544627,-0.21082580714564067,0.1747906892225489,-0.5341006352035763,0.9087191358024692,0.008795314402419386,-0.25551684088269455,-0.33333333333333337,0.03894485181726626,0.028442141428641654,0.004076361339446888,0.06511741325982812,-0.22932519640852989,0.0013902054512144272
2024-05-26_Germany_Serbia,2024-05-26,Serbia,Germany,0,0.5238095238095238,0.5,0.8751286315544627,-0.21082580714564067,0.1747906892225489,-0.5341006352035763,0.9087191358024692,0.008795314402419386,0.2682926829268293,0.16666666666666666,0.914073483371729,-0.18238366571699902,0.17886705056199578,-0.4689832219437482,0.6793939393939393,0.010185519853633813,0.25551684088269455,0.33333333333333337,-0.03894485181726626,-0.028442141428641654,-0.004076361339446888,-0.06511741325982812,0.22932519640852989,-0.0013902054512144272
2024-05-26_Poland_Slovenia,2024-05-26,Poland,Slovenia,0,0.82,1.0,1.4229944532091252,-0.09609029701532511,0.05570231921769586,-0.5433395580454404,0.5258333333333333,0.004897754897754898,0.6222222222222222,0.6666666666666666,0.8133575945383278,-0.16572064422577362,0.19973782253316155,-0.6976830913985439,0.5100361165016337,0.01023625787329048,0.19777777777777772,0.33333333333333337,0.6096368586707974,0.06963034721044851,-0.1440355033154657,0.15434353335310347,0.015797216831699545,-0.005338502975535582
2024-05-26_Poland_Slovenia,2024-05-26,Slovenia,Poland,1,0.6222222222222222,0.6666666666666666,0.8133575945383278,-0.16572064422577362,0.19973782253316155,-0.6976830913985439,0.5100361165016337,0.01023625787329048,0.82,1.0,1.4229944532091252,-0.09609029701532511,0.05570231921769586,-0.5433395580454404,0.5258333333333333,0.004897754897754898,-0.19777777777777772,-0.33333333333333337,-0.6096368586707974,-0.06963034721044851,0.1440355033154657,-0.15434353335310347,-0.015797216831699545,0.005338502975535582
2024-05-26_Türkiye_USA,2024-05-26,Türkiye,USA,0,0.0,0.0,0.7762527233115469,-0.12351689680156468,0.06006613756613754,-0.42231842231842237,0.5216450216450217,0.013064713064713065,0.0,0.0,0.7220365418894831,-0.196469285388574,0.18971949459754336,-0.9143155694879833,0.5666228888735282,0.008680555555555554,0.0,0.0,0.05421618142206386,0.07295238858700932,-0.12965335703140582,0.49199714716956094,-0.044977867228506496,0.004384157509157511
2024-05-26_Türkiye_USA,2024-05-26,USA,Türkiye,1,0.0,0.0,0.7220365418894831,-0.196469285388574,0.18971949459754336,-0.9143155694879833,0.5666228888735282,0.008680555555555554,0.0,0.0,0.7762527233115469,-0.12351689680156468,0.06006613756613754,-0.42231842231842237,0.5216450216450217,0.013064713064713065,0.0,0.0,-0.05421618142206386,-0.07295238858700932,0.12965335703140582,-0.49199714716956094,0.044977867228506496,-0.004384157509157511
2024-06-04_Argentina_USA,2024-06-04,Argentina,USA,0,0.5227272727272727,0.5,0.8316137483625474,-0.17939153196747,0.17694624067281237,-0.714713901689708,0.6597600646288018,0.009057609057609058,0.25,0.25,0.7179979946524064,-0.2024990228649599,0.20832735679721415,-0.8180896182924581,0.5360782777662573,0.009522464859437751,0.2727272727272727,0.25,0.11361575371014099,0.023107490897489896,-0.03138111612440178,0.10337571660275002,0.1236817868625445,-0.00046485580182869385
2024-06-04_Argentina_USA,2024-06-04,USA,Argentina,1,0.25,0.25,0.7179979946524064,-0.2024990228649599,0.20832735679721415,-0.8180896182924581,0.5360782777662573,0.009522464859437751,0.5227272727272727,0.5,0.8316137483625474,-0.17939153196747,0.17694624067281237,-0.714713901689708,0.6597600646288018,0.009057609057609058,-0.2727272727272727,-0.25,-0.11361575371014099,-0.023107490897489896,0.03138111612440178,-0.10337571660275002,-0.1236817868625445,0.00046485580182869385
2024-06-04_Brazil_Germany,2024-06-04,Brazil,Germany,1,0.7021276595744681,0.5,1.1019614221383889,-0.16557969801771324,0.08763921562143741,-0.6111333927510398,0.5302359746109746,0.005377720870678618,0.2857142857142857,0.3333333333333333,0.9833717289857641,-0.1658853492186825,0.20117750622469197,-0.5168998886104149,0.6292496392496393,0.0077700609164357455,0.4164133738601824,0.16666666666666669,0.1185896931526248,0.00030565120096925913,-0.11353829060325456,-0.09423350414062492,-0.09901366463866468,-0.002392340045757128
2024-06-04_Brazil_Germany,2024-06-04,Germany,Brazil,0,0.2857142857142857,0.3333333333333333,0.9833717289857641,-0.1658853492186825,0.20117750622469197,-0.5168998886104149,0.6292496392496393,0.0077700609164357455,0.7021276595744681,0.5,1.1019614221383889,-0.16557969801771324,0.08763921562143741,-0.6111333927510398,0.5302359746109746,0.005377720870678618,-0.4164133738601824,-0.16666666666666669,-0.1185896931526248,-0.00030565120096925913,0.11353829060325456,0.09423350414062492,0.09901366463866468,0.002392340045757128
2024-06-04_Bulgaria_Poland,2024-06-04,Bulgaria,Poland,0,0.16279069767441862,0.16666666666666666,0.6694813683048976,-0.21504230471621774,0.1264674801523617,-0.4700846979107849,0.510749791144528,0.019622065113031335,0.803921568627451,0.8333333333333334,1.4457913880750255,-0.12229203066386728,0.055357253655239,-0.7771358543417367,0.5122101449275362,0.0052825552825552825,-0.6411308709530323,-0.6666666666666667,-0.7763100197701279,-0.09275027405235046,0.0711102264971227,0.3070511564309518,-0.0014603537830082391,0.014339509830476053
2024-06-04_Bulgaria_Poland,2024-06-04,Poland,Bulgaria,1,0.803921568627451,0.8333333333333334,1.4457913880750255,-0.12229203066386728,0.055357253655239,-0.7771358543417367,0.5122101449275362,0.0052825552825552825,0.16279069767441862,0.16666666666666666,0.6694813683048976,-0.21504230471621774,0.1264674801523617,-0.4700846979107849,0.510749791144528,0.019622065113031335,0.6411308709530323,0.6666666666666667,0.7763100197701279,0.09275027405235046,-0.0711102264971227,-0.3070511564309518,0.0014603537830082391,-0.014339509830476053
2024-06-04_Iran_Japan,2024-06-04,Iran,Japan,0,0.3181818181818182,0.0,0.7856134087384087,-0.15720162553631287,0.23933121548211722,-0.797831971949619,0.6834981762065095,0.009511818802631604,0.6595744680851063,0.6666666666666666,0.8744652252072692,-0.1128187758609389,0.15167412180034898,-0.6120247093359221,0.49487724842710207,0.0239574455327347,-0.34139264990328816,-0.6666666666666666,-0.08885181646886053,-0.04438284967537397,0.08765709368176824,-0.18580726261369684,0.18862092777940748,-0.014445626730103097
2024-06-04_Iran_Japan,2024-06-04,Japan,Iran,1,0.6595744680851063,0.6666666666666666,0.8744652252072692,-0.1128187758609389,0.15167412180034898,-0.6120247093359221,0.49487724842710207,0.0239574455327347,0.3181818181818182,0.0,0.7856134087384087,-0.15720162553631287,0.23933121548211722,-0.797831971949619,0.6834981762065095,0.009511818802631604,0.34139264990328816,0.6666666666666666,0.08885181646886053,0.04438284967537397,-0.08765709368176824,0.18580726261369684,-0.18862092777940748,0.014445626730103097
2024-06-05_Canada_Cuba,2024-06-05,Canada,Cuba,1,0.32558139534883723,0.5,1.0869259825142177,-0.15412929000977946,0.09920444666894972,-0.5864592213697074,0.48660740479962444,0.011863425925925925,0.375,0.6666666666666666,1.2571825705972046,-0.21290769472600354,0.13845624585106883,-0.6338702097322787,0.5322609757392366,0.016801019366476537,-0.04941860465116277,-0.16666666666666663,-0.17025658808298694,0.058778404716224086,-0.039251799182119115,0.047410988362571294,-0.04565357093961214,-0.004937593440550612
2024-06-05_Canada_Cuba,2024-06-05,Cuba,Canada,0,0.375,0.6666666666666666,1.2571825705972046,-0.21290769472600354,0.13845624585106883,-0.6338702097322787,0.5322609757392366,0.016801019366476537,0.32558139534883723,0.5,1.0869259825142177,-0.15412929000977946,0.09920444666894972,-0.5864592213697074,0.48660740479962444,0.011863425925925925,0.04941860465116277,0.16666666666666663,0.17025658808298694,-0.058778404716224086,0.039251799182119115,-0.047410988362571294,0.04565357093961214,0.004937593440550612
2024-06-05_Germany_Japan,2024-06-05,Germany,Japan,0,0.27906976744186046,0.16666666666666666,0.8640734833717288,-0.2319347319347319,0.2080349898263616,-0.46777708159287107,0.6931712078770902,0.009966567934543535,0.6666666666666666,0.8333333333333334,0.9458937966358406,-0.11447467915618643,0.1621783234810212,-0.595999068310281,0.4536586104342705,0.022105593680882857,-0.38759689922480617,-0.6666666666666667,-0.08182031326411177,-0.11746005277854547,0.045856666345340386,0.12822198671740997,0.23951259744281966,-0.012139025746339321
2024-06-05_Germany_Japan,2024-06-05,Japan,Germany,1,0.6666666666666666,0.8333333333333334,0.9458937966358406,-0.11447467915618643,0.1621783234810212,-0.595999068310281,0.4536586104342705,0.022105593680882857,0.27906976744186046,0.16666666666666666,0.8640734833717288,-0.2319347319347319,0.2080349898263616,-0.46777708159287107,0.6931712078770902,0.009966567934543535,0.38759689922480617,0.6666666666666667,0.08182031326411177,0.11746005277854547,-0.045856666345340386,-0.12822198671740997,-0.23951259744281966,0.012139025746339321
2024-06-05_Netherlands_Serbia,2024-06-05,Netherlands,Serbia,0,0.36363636363636365,0.3333333333333333,0.8670338638244459,-0.20369643050181604,0.147831324558809,-0.48092769803296115,0.6224528160012032,0.006752448849475454,0.5116279069767442,0.3333333333333333,0.8640175204433517,-0.2036911696312563,0.1889928613194578,-0.5039347226847227,0.9997819377348361,0.009305358344666718,-0.14799154334038056,0.0,0.003016343381094244,-5.260870559742337e-06,-0.04116153676064879,0.023007024651761576,-0.377329121733633,-0.0025529094951912646
2024-06-05_Netherlands_Serbia,2024-06-05,Serbia,Netherlands,1,0.5116279069767442,0.3333333333333333,0.8640175204433517,-0.2036911696312563,0.1889928613194578,-0.5039347226847227,0.9997819377348361,0.009305358344666718,0.36363636363636365,0.3333333333333333,0.8670338638244459,-0.20369643050181604,0.147831324558809,-0.48092769803296115,0.6224528160012032,0.006752448849475454,0.14799154334038056,0.0,-0.003016343381094244,5.260870559742337e-06,0.04116153676064879,-0.023007024651761576,0.377329121733633,0.0025529094951912646
2024-06-05_Slovenia_Türkiye,2024-06-05,Slovenia,Türkiye,1,0.6304347826086957,0.8333333333333334,1.0974485036292367,-0.13209871060384,0.2080177370630761,-0.731670019503119,0.5075361165016338,0.007921443058475666,0.0,0.0,0.8009395424836602,-0.15692338688688778,0.05820749791144525,-0.40544849415817164,0.45101637492941843,0.01568088773971127,0.6304347826086957,0.8333333333333334,0.29650896114557657,0.02482467628304777,0.14981023915163086,-0.3262215253449474,0.05651974157221534,-0.007759444681235603
2024-06-05_Slovenia_Türkiye,2024-06-05,Türkiye,Slovenia,0,0.0,0.0,0.8009395424836602,-0.15692338688688778,0.05820749791144525,-0.40544849415817164,0.45101637492941843,0.01568088773971127,0.6304347826086957,0.8333333333333334,1.0974485036292367,-0.13209871060384,0.2080177370630761,-0.731670019503119,0.5075361165016338,0.007921443058475666,-0.6304347826086957,-0.8333333333333334,-0.29650896114557657,-0.02482467628304777,-0.14981023915163086,0.3262215253449474,-0.05651974157221534,0.007759444681235603
2024-06-06_Brazil_Iran,2024-06-06,Brazil,Iran,1,0.7083333333333334,0.5,1.1475496574325064,-0.14974801812353336,0.09722254895477074,-0.645855614973262,0.5499329443079444,0.002347417840375587,0.3111111111111111,0.0,0.8903142634392635,-0.15061726339639517,0.23646736571685903,-0.889823313940961,0.7928731762065095,0.01506737435818716,0.39722222222222225,0.5,0.2572353939932429,0.0008692452728618072,-0.13924481676208827,0.243967698967699,-0.24294023189856517,-0.012719956517811572
2024-06-06_Brazil_Iran,2024-06-06,Iran,Brazil,0,0.3111111111111111,0.0,0.8903142634392635,-0.15061726339639517,0.23646736571685903,-0.889823313940961,0.7928731762065095,0.01506737435818716,0.7083333333333334,0.5,1.1475496574325064,-0.14974801812353336,0.09722254895477074,-0.645855614973262,0.5499329443079444,0.002347417840375587,-0.39722222222222225,-0.5,-0.2572353939932429,-0.0008692452728618072,0.13924481676208827,-0.243967698967699,0.24294023189856517,0.012719956517811572
2024-06-06_Bulgaria_Germany,2024-06-06,Bulgaria,Germany,0,0.1590909090909091,0.16666666666666666,0.6950231639705323,-0.23115924624545311,0.14176824190702417,-0.47148525813487446,0.47404344193817877,0.024826810616284303,0.2727272727272727,0.16666666666666666,0.8517278043593833,-0.21711991711991707,0.23859054538191712,-0.6165003390117807,0.6915839062897887,0.012721614306611182,-0.11363636363636362,0.0,-0.156704640388851,-0.014039329125536043,-0.09682230347489296,0.14501508087690623,-0.21754046435160995,0.01210519630967312
2024-06-06_Bulgaria_Germany,2024-06-06,Germany,Bulgaria,1,0.2727272727272727,0.16666666666666666,0.8517278043593833,-0.21711991711991707,0.23859054538191712,-0.6165003390117807,0.6915839062897887,0.012721614306611182,0.1590909090909091,0.16666666666666666,0.6950231639705323,-0.23115924624545311,0.14176824190702417,-0.47148525813487446,0.47404344193817877,0.024826810616284303,0.11363636363636362,0.0,0.156704640388851,0.014039329125536043,0.09682230347489296,-0.14501508087690623,0.21754046435160995,-0.01210519630967312
2024-06-06_Cuba_Netherlands,2024-06-06,Cuba,Netherlands,0,0.35294117647058826,0.6666666666666666,1.2783621079057743,-0.19090492272323153,0.17148260342490176,-0.707102532964602,0.5263085947868557,0.011672814238271408,0.35555555555555557,0.3333333333333333,0.9120896851960566,-0.20105092785631337,0.07920387357841686,-0.5920388091440724,0.5446750382234252,0.010867675186924013,-0.002614379084967311,0.3333333333333333,0.3662724227097177,0.010146005133081837,0.0922787298464849,-0.11506372382052965,-0.01836644343656957,0.0008051390513473949
2024-06-06_Cuba_Netherlands,2024-06-06,Netherlands,Cuba,1,0.35555555555555557,0.3333333333333333,0.9120896851960566,-0.20105092785631337,0.07920387357841686,-0.5920388091440724,0.5446750382234252,0.010867675186924013,0.35294117647058826,0.6666666666666666,1.2783621079057743,-0.19090492272323153,0.17148260342490176,-0.707102532964602,0.5263085947868557,0.011672814238271408,0.002614379084967311,-0.3333333333333333,-0.3662724227097177,-0.010146005133081837,-0.0922787298464849,0.11506372382052965,0.01836644343656957,-0.0008051390513473949
2024-06-06_France_Italy,2024-06-06,France,Italy,1,0.6666666666666666,0.6666666666666666,1.0859246488278747,-0.20817868649386725,0.27977919577868743,-0.40367220657552466,0.5271926534265146,0.007074136955291454,0.6530612244897959,0.6666666666666666,0.9570043694969591,-0.18189949383345605,0.22415974146545545,-0.2550968925581929,0.5312768204925068,0.021301379414683696,0.013605442176870763,0.0,0.12892027933091554,-0.026279192660411205,0.05561945431323198,-0.14857531401733176,-0.004084167065992239,-0.01422724245939224
2024-06-06_France_Italy,2024-06-06,Italy,France,0,0.6530612244897959,0.6666666666666666,0.9570043694969591,-0.18189949383345605,0.22415974146545545,-0.2550968925581929,0.5312768204925068,0.021301379414683696,0.6666666666666666,0.6666666666666666,1.0859246488278747,-0.20817868649386725,0.27977919577868743,-0.40367220657552466,0.5271926534265146,0.007074136955291454,-0.013605442176870763,0.0,-0.12892027933091554,0.026279192660411205,-0.05561945431323198,0.14857531401733176,0.004084167065992239,0.01422724245939224
2024-06-06_Italy_USA,2024-06-06,Italy,USA,1,0.6530612244897959,0.6666666666666666,0.9570043694969591,-0.18189949383345605,0.22415974146545545,-0.2550968925581929,0.5312768204925068,0.021301379414683696,0.4,0.4,0.8436291649526945,-0.20606701490213739,0.24774296651885236,-0.6755243262129138,0.504724691178523,0.007617971887550201,0.25306122448979584,0.2666666666666666,0.11337520454426464,0.024167521068681336,-0.02358322505339691,0.4204274336547209,0.026552129313983763,0.013683407527133495
2024-06-06_Italy_USA,2024-06-06,USA,Italy,0,0.4,0.4,0.8436291649526945,-0.20606701490213739,0.24774296651885236,-0.6755243262129138,0.504724691178523,0.007617971887550201,0.6530612244897959,0.6666666666666666,0.9570043694969591,-0.18189949383345605,0.22415974146545545,-0.2550968925581929,0.5312768204925068,0.021301379414683696,-0.25306122448979584,-0.2666666666666666,-0.11337520454426464,-0.024167521068681336,0.02358322505339691,-0.4204274336547209,-0.026552129313983763,-0.013683407527133495
2024-06-06_Poland_Türkiye,2024-06-06,Poland,Türkiye,1,0.8076923076923077,0.8333333333333334,1.3240241466957152,-0.1093095745235164,0.10980942181147864,-0.7156385281385281,0.47099150693470465,0.013095055282555284,0.0,0.0,0.7407516339869281,-0.14153870950951022,0.06784259407383704,-0.3875166900633794,0.4446840676854702,0.015719313366372188,0.8076923076923077,0.8333333333333334,0.5832725127087871,0.03222913498599382,0.0419668277376416,-0.3281218380751487,0.026307439249234454,-0.002624258083816904
2024-06-06_Poland_Türkiye,2024-06-06,Türkiye,Poland,0,0.0,0.0,0.7407516339869281,-0.14153870950951022,0.06784259407383704,-0.3875166900633794,0.4446840676854702,0.015719313366372188,0.8076923076923077,0.8333333333333334,1.3240241466957152,-0.1093095745235164,0.10980942181147864,-0.7156385281385281,0.47099150693470465,0.013095055282555284,-0.8076923076923077,-0.8333333333333334,-0.5832725127087871,-0.03222913498599382,-0.0419668277376416,0.3281218380751487,-0.026307439249234454,0.002624258083816904
2024-06-07_Argentina_Canada,2024-06-07,Argentina,Canada,1,0.5111111111111111,0.3333333333333333,0.7997443789931781,-0.17753968011561816,0.16715457400614572,-0.8281547619047619,0.6980579369692274,0.011661775724275724,0.3409090909090909,0.6666666666666666,1.1218700174582528,-0.15713070243915797,0.08329457394793144,-0.6158709860755897,0.43983533628842547,0.009259259259259259,0.1702020202020202,-0.3333333333333333,-0.3221256384650747,-0.020408977676460188,0.08386000005821428,-0.21228377582917224,0.2582226006808019,0.002402516465016465
2024-06-07_Argentina_Canada,2024-06-07,Canada,Argentina,0,0.3409090909090909,0.6666666666666666,1.1218700174582528,-0.15713070243915797,0.08329457394793144,-0.6158709860755897,0.43983533628842547,0.009259259259259259,0.5111111111111111,0.3333333333333333,0.7997443789931781,-0.17753968011561816,0.16715457400614572,-0.8281547619047619,0.6980579369692274,0.011661775724275724,-0.1702020202020202,0.3333333333333333,0.3221256384650747,0.020408977676460188,-0.08386000005821428,0.21228377582917224,-0.2582226006808019,-0.002402516465016465
2024-06-07_Brazil_Slovenia,2024-06-07,Brazil,Slovenia,0,0.7142857142857143,0.6666666666666666,1.2762698955277447,-0.14251818555123505,0.11296694948177995,-0.7936147186147187,0.5298794683721154,0.004728370221327968,0.6382978723404256,0.8333333333333334,1.0195264257071588,-0.11978343966787942,0.18549521454055354,-0.6104578982909978,0.418733027698545,0.010143665280697888,0.07598784194528874,-0.16666666666666674,0.25674346982058593,-0.022734745883355625,-0.07252826505877359,-0.18315682032372083,0.11114644067357043,-0.00541529505936992
2024-06-07_Brazil_Slovenia,2024-06-07,Slovenia,Brazil,1,0.6382978723404256,0.8333333333333334,1.0195264257071588,-0.11978343966787942,0.18549521454055354,-0.6104578982909978,0.418733027698545,0.010143665280697888,0.7142857142857143,0.6666666666666666,1.2762698955277447,-0.14251818555123505,0.11296694948177995,-0.7936147186147187,0.5298794683721154,0.004728370221327968,-0.07598784194528874,0.16666666666666674,-0.25674346982058593,0.022734745883355625,0.07252826505877359,0.18315682032372083,-0.11114644067357043,0.00541529505936992
2024-06-07_Bulgaria_Iran,2024-06-07,Bulgaria,Iran,1,0.15555555555555556,0.16666666666666666,0.6853958347779857,-0.2108601009463078,0.15388945402823628,-0.5352533740769035,0.5171982038429407,0.02132627524028562,0.30434782608695654,0.0,0.862772435897436,-0.16924717149998747,0.1938737922705314,-0.8287122028298497,0.7743546576879909,0.01689887618968899,-0.14879227053140098,0.16666666666666666,-0.1773766011194503,-0.041612929446320335,-0.03998433824229511,0.29345882875294615,-0.25715645384505026,0.00442739905059663
2024-06-07_Bulgaria_Iran,2024-06-07,Iran,Bulgaria,0,0.30434782608695654,0.0,0.862772435897436,-0.16924717149998747,0.1938737922705314,-0.8287122028298497,0.7743546576879909,0.01689887618968899,0.15555555555555556,0.16666666666666666,0.6853958347779857,-0.2108601009463078,0.15388945402823628,-0.5352533740769035,0.5171982038429407,0.02132627524028562,0.14879227053140098,-0.16666666666666666,0.1773766011194503,0.041612929446320335,0.03998433824229511,-0.29345882875294615,0.25715645384505026,-0.00442739905059663
2024-06-07_Cuba_Italy,2024-06-07,Cuba,Italy,0,0.3333333333333333,0.5,1.145028774572441,-0.17542193815337315,0.14832470868805966,-0.7314080885201575,0.48052104899930986,0.007927495886211484,0.6470588235294118,0.8333333333333334,1.073896377121666,-0.16694507346881896,0.24820293673420898,-0.26871345029239774,0.4819156877980408,0.020785929769381307,-0.3137254901960785,-0.33333333333333337,0.07113239745077493,-0.008476864684554192,-0.09987822804614932,-0.46269463822775975,-0.0013946387987309183,-0.012858433883169823
2024-06-07_Cuba_Italy,2024-06-07,Italy,Cuba,1,0.6470588235294118,0.8333333333333334,1.073896377121666,-0.16694507346881896,0.24820293673420898,-0.26871345029239774,0.4819156877980408,0.020785929769381307,0.3333333333333333,0.5,1.145028774572441,-0.17542193815337315,0.14832470868805966,-0.7314080885201575,0.48052104899930986,0.007927495886211484,0.3137254901960785,0.33333333333333337,-0.07113239745077493,0.008476864684554192,0.09987822804614932,0.46269463822775975,0.0013946387987309183,0.012858433883169823
2024-06-07_France_Netherlands,2024-06-07,France,Netherlands,1,0.673469387755102,0.6666666666666666,1.0063534263995093,-0.20651824647726288,0.2792790707474296,-0.4028175057208238,0.535205473939335,0.010510563072129941,0.3695652173913043,0.5,0.9597695489678745,-0.16192729718338694,0.08473400325042295,-0.6602206273258905,0.4505243971977843,0.01278338399918455,0.3039041703637977,0.16666666666666663,0.046583877431634835,-0.04459094929387594,0.19454506749700662,0.2574031216050667,0.08468107674155073,-0.0022728209270546085
2024-06-07_France_Netherlands,2024-06-07,Netherlands,France,0,0.3695652173913043,0.5,0.9597695489678745,-0.16192729718338694,0.08473400325042295,-0.6602206273258905,0.4505243971977843,0.01278338399918455,0.673469387755102,0.6666666666666666,1.0063534263995093,-0.20651824647726288,0.2792790707474296,-0.4028175057208238,0.535205473939335,0.010510563072129941,-0.3039041703637977,-0.16666666666666663,-0.046583877431634835,0.04459094929387594,-0.19454506749700662,-0.2574031216050667,-0.08468107674155073,0.0022728209270546085
2024-06-07_Japan_Poland,2024-06-07,Japan,Poland,0,0.673469387755102,0.8333333333333334,1.0702624835045276,-0.1314576961392034,0.1366732729759707,-0.6580280538175275,0.4621620117948147,0.02236723679966883,0.8113207547169812,0.8333333333333334,1.3048831569664903,-0.09415805937200124,0.09574132145305571,-0.5021464646464646,0.4544685184289576,0.013873106060606063,-0.13785136696187916,0.0,-0.2346206734619627,-0.037299636767202174,0.040931951522915,-0.15588158917106287,0.007693493365857118,0.008494130739062767
2024-06-07_Japan_Poland,2024-06-07,Poland,Japan,1,0.8113207547169812,0.8333333333333334,1.3048831569664903,-0.09415805937200124,0.09574132145305571,-0.5021464646464646,0.4544685184289576,0.013873106060606063,0.673469387755102,0.8333333333333334,1.0702624835045276,-0.1314576961392034,0.1366732729759707,-0.6580280538175275,0.4621620117948147,0.02236723679966883,0.13785136696187916,0.0,0.2346206734619627,0.037299636767202174,-0.040931951522915,0.15588158917106287,-0.007693493365857118,-0.008494130739062767
2024-06-08_Brazil_Poland,2024-06-08,Brazil,Poland,1,0.7,0.6666666666666666,1.276803442279779,-0.12666320719625668,0.11135274447774446,-0.8111585782638414,0.4791501676428147,0.007902973395931143,0.8148148148148148,0.8333333333333334,1.273513425165724,-0.1062311714451133,0.1721895645679655,-0.4799242424242425,0.4081722221326613,0.013873106060606063,-0.11481481481481481,-0.16666666666666674,0.003290017114054855,-0.02043203575114337,-0.06083682009022104,-0.33123433583959894,0.0709779455101534,-0.0059701326646749205
2024-06-08_Brazil_Poland,2024-06-08,Poland,Brazil,0,0.8148148148148148,0.8333333333333334,1.273513425165724,-0.1062311714451133,0.1721895645679655,-0.4799242424242425,0.4081722221326613,0.013873106060606063,0.7,0.6666666666666666,1.276803442279779,-0.12666320719625668,0.11135274447774446,-0.8111585782638414,0.4791501676428147,0.007902973395931143,0.11481481481481481,0.16666666666666674,-0.003290017114054855,0.02043203575114337,0.06083682009022104,0.33123433583959894,-0.0709779455101534,0.0059701326646749205
2024-06-08_Canada_USA,2024-06-08,Canada,USA,1,0.3333333333333333,0.5,0.9952612658495011,-0.1861371126955682,0.10115171680507429,-0.6220821661998133,0.3954056280656139,0.009002057613168723,0.3333333333333333,0.3333333333333333,0.7787818798848211,-0.1863423954593835,0.24811913876571032,-0.6462702718440948,0.47015345886498544,0.00883587209534656,0.0,0.16666666666666669,0.21647938596468008,0.00020528276381528987,-0.14696742196063603,0.024188105644281532,-0.07474783079937153,0.00016618551782216287
2024-06-08_Canada_USA,2024-06-08,USA,Canada,0,0.3333333333333333,0.3333333333333333,0.7787818798848211,-0.1863423954593835,0.24811913876571032,-0.6462702718440948,0.47015345886498544,0.00883587209534656,0.3333333333333333,0.5,0.9952612658495011,-0.1861371126955682,0.10115171680507429,-0.6220821661998133,0.3954056280656139,0.009002057613168723,0.0,-0.16666666666666669,-0.21647938596468008,-0.00020528276381528987,0.14696742196063603,-0.024188105644281532,0.07474783079937153,-0.00016618551782216287
2024-06-08_Cuba_France,2024-06-08,Cuba,France,1,0.3157894736842105,0.3333333333333333,1.0288671584108249,-0.1911795139109489,0.11786087221007224,-0.7658908471408471,0.5379081063863672,0.01027491372658707,0.68,0.8333333333333334,1.0797247103969794,-0.18433209929111563,0.29912034058869946,-0.47810990338164244,0.5198266292281573,0.010510563072129941,-0.36421052631578954,-0.5,-0.05085755198615449,-0.006847414619833264,-0.18125946837862722,-0.28778094375920465,0.018081477158209958,-0.00023564934554287133
2024-06-08_Cuba_France,2024-06-08,France,Cuba,0,0.68,0.8333333333333334,1.0797247103969794,-0.18433209929111563,0.29912034058869946,-0.47810990338164244,0.5198266292281573,0.010510563072129941,0.3157894736842105,0.3333333333333333,1.0288671584108249,-0.1911795139109489,0.11786087221007224,-0.7658908471408471,0.5379081063863672,0.01027491372658707,0.36421052631578954,0.5,0.05085755198615449,0.006847414619833264,0.18125946837862722,0.28778094375920465,-0.018081477158209958,0.00023564934554287133
2024-06-08_Iran_Türkiye,2024-06-08,Iran,Türkiye,0,0.2978723404255319,0.0,0.7867307692307692,-0.14298571840926608,0.17226406142167008,-0.7720199607156127,0.771324354657688,0.01674059825363328,0.0,0.0,0.6631263616557734,-0.1703298769722109,0.08431327283930863,-0.4062639083861495,0.48515338973789185,0.015624680330562683,0.2978723404255319,0.0,0.1236044075749958,0.02734415856294481,0.08795078858236145,-0.36575605232946323,0.28617096491979616,0.0011159179230705966
2024-06-08_Iran_Türkiye,2024-06-08,Türkiye,Iran,1,0.0,0.0,0.6631263616557734,-0.1703298769722109,0.08431327283930863,-0.4062639083861495,0.48515338973789185,0.015624680330562683,0.2978723404255319,0.0,0.7867307692307692,-0.14298571840926608,0.17226406142167008,-0.7720199607156127,0.771324354657688,0.01674059825363328,-0.2978723404255319,0.0,-0.1236044075749958,-0.02734415856294481,-0.08795078858236145,0.36575605232946323,-0.28617096491979616,-0.0011159179230705966
2024-06-08_Japan_Slovenia,2024-06-08,Japan,Slovenia,1,0.66,0.6666666666666666,0.9417902612823054,-0.12409826134379574,0.13109014642510222,-0.6229403345192818,0.5358054226475278,0.028767307421137756,0.6458333333333334,1.0,1.111917730054985,-0.12970407458851438,0.14374998093485483,-0.5503701789927522,0.4119207185606544,0.008111144955494635,0.01416666666666666,-0.33333333333333337,-0.1701274687726796,0.005605813244718635,-0.01265983450975261,-0.07257015552652957,0.12388470408687347,0.02065616246564312
2024-06-08_Japan_Slovenia,2024-06-08,Slovenia,Japan,0,0.6458333333333334,1.0,1.111917730054985,-0.12970407458851438,0.14374998093485483,-0.5503701789927522,0.4119207185606544,0.008111144955494635,0.66,0.6666666666666666,0.9417902612823054,-0.12409826134379574,0.13109014642510222,-0.6229403345192818,0.5358054226475278,0.028767307421137756,-0.01416666666666666,0.33333333333333337,0.1701274687726796,-0.005605813244718635,0.01265983450975261,0.07257015552652957,-0.12388470408687347,-0.02065616246564312
2024-06-08_Serbia_USA,2024-06-08,Serbia,USA,0,0.5227272727272727,0.5,1.0449699013957325,-0.1770641855042722,0.1509811654130251,-0.6318808506308506,1.0310319377348363,0.01285145763544686,0.3333333333333333,0.3333333333333333,0.7787818798848211,-0.1863423954593835,0.24811913876571032,-0.6462702718440948,0.47015345886498544,0.00883587209534656,0.1893939393939394,0.16666666666666669,0.2661880215109115,0.009278209955111305,-0.09713797335268523,0.014389421213244158,0.5608784788698509,0.0040155855401003
2024-06-08_Serbia_USA,2024-06-08,USA,Serbia,1,0.3333333333333333,0.3333333333333333,0.7787818798848211,-0.1863423954593835,0.24811913876571032,-0.6462702718440948,0.47015345886498544,0.00883587209534656,0.5227272727272727,0.5,1.0449699013957325,-0.1770641855042722,0.1509811654130251,-0.6318808506308506,1.0310319377348363,0.01285145763544686,-0.1893939393939394,-0.16666666666666669,-0.2661880215109115,-0.009278209955111305,0.09713797335268523,-0.014389421213244158,-0.5608784788698509,-0.0040155855401003
2024-06-09_Argentina_France,2024-06-09,Argentina,France,0,0.5217391304347826,0.5,0.8910384169335578,-0.1636868662628043,0.20170172620035673,-0.7049663561076605,0.6021149545130869,0.016047740636556427,0.6666666666666666,0.6666666666666666,1.0660161966884658,-0.18968924214825852,0.28332205642883335,-0.591835393577721,0.5483354011579818,0.012518595200643997,-0.14492753623188404,-0.16666666666666663,-0.17497777975490802,0.026002375885454232,-0.08162033022847662,-0.11313096252993948,0.05377955335510509,0.0035291454359124303
2024-06-09_Argentina_France,2024-06-09,France,Argentina,1,0.6666666666666666,0.6666666666666666,1.0660161966884658,-0.18968924214825852,0.28332205642883335,-0.591835393577721,0.5483354011579818,0.012518595200643997,0.5217391304347826,0.5,0.8910384169335578,-0.1636868662628043,0.20170172620035673,-0.7049663561076605,0.6021149545130869,0.016047740636556427,0.14492753623188404,0.16666666666666663,0.17497777975490802,-0.026002375885454232,0.08162033022847662,0.11313096252993948,-0.05377955335510509,-0.0035291454359124303
2024-06-09_Argentina_Serbia,2024-06-09,Argentina,Serbia,1,0.5217391304347826,0.5,0.8910384169335578,-0.1636868662628043,0.20170172620035673,-0.7049663561076605,0.6021149545130869,0.016047740636556427,0.5111111111111111,0.3333333333333333,0.9490231893775919,-0.1916755239028695,0.14784712491157861,-0.6181445868945868,0.9945240012268997,0.016323679857669082,0.010628019323671523,0.16666666666666669,-0.057984772444034105,0.027988657640065195,0.053854601288778114,-0.08682176921307361,-0.3924090467138127,-0.0002759392211126553
2024-06-09_Argentina_Serbia,2024-06-09,Serbia,Argentina,0,0.5111111111111111,0.3333333333333333,0.9490231893775919,-0.1916755239028695,0.14784712491157861,-0.6181445868945868,0.9945240012268997,0.016323679857669082,0.5217391304347826,0.5,0.8910384169335578,-0.1636868662628043,0.20170172620035673,-0.7049663561076605,0.6021149545130869,0.016047740636556427,-0.010628019323671523,-0.16666666666666669,0.057984772444034105,-0.027988657640065195,-0.053854601288778114,0.08682176921307361,0.3924090467138127,0.0002759392211126553
2024-06-09_Bulgaria_Slovenia,2024-06-09,Bulgaria,Slovenia,0,0.17391304347826086,0.3333333333333333,0.714869518988512,-0.22622205380826066,0.10917400687376472,-0.3296256684491979,0.5926292383256992,0.017992941906952286,0.6326530612244898,0.8333333333333334,1.1071353292898007,-0.12489589562303201,0.13864030994781595,-0.5337931180608526,0.41932812596806185,0.004709784411276949,-0.45874001774622897,-0.5,-0.3922658103012887,-0.10132615818522865,-0.029466303074051237,0.20416744961165473,0.1733011123576374,0.013283157495675338
2024-06-09_Bulgaria_Slovenia,2024-06-09,Slovenia,Bulgaria,1,0.6326530612244898,0.8333333333333334,1.1071353292898007,-0.12489589562303201,0.13864030994781595,-0.5337931180608526,0.41932812596806185,0.004709784411276949,0.17391304347826086,0.3333333333333333,0.714869518988512,-0.22622205380826066,0.10917400687376472,-0.3296256684491979,0.5926292383256992,0.017992941906952286,0.45874001774622897,0.5,0.3922658103012887,0.10132615818522865,0.029466303074051237,-0.20416744961165473,-0.1733011123576374,-0.013283157495675338
2024-06-09_Canada_Serbia,2024-06-09,Canada,Serbia,0,0.34782608695652173,0.5,1.0371804577686932,-0.2076224579514053,0.08678390071312025,-0.5643043884220355,0.39703761500971835,0.009002057613168723,0.5111111111111111,0.3333333333333333,0.9490231893775919,-0.1916755239028695,0.14784712491157861,-0.6181445868945868,0.9945240012268997,0.016323679857669082,-0.16328502415458934,0.16666666666666669,0.08815726839110127,-0.01594693404853581,-0.06106322419845836,0.05384019847255139,-0.5974863862171813,-0.007321622244500359
2024-06-09_Canada_Serbia,2024-06-09,Serbia,Canada,1,0.5111111111111111,0.3333333333333333,0.9490231893775919,-0.1916755239028695,0.14784712491157861,-0.6181445868945868,0.9945240012268997,0.016323679857669082,0.34782608695652173,0.5,1.0371804577686932,-0.2076224579514053,0.08678390071312025,-0.5643043884220355,0.39703761500971835,0.009002057613168723,0.16328502415458934,-0.16666666666666669,-0.08815726839110127,0.01594693404853581,0.06106322419845836,-0.05384019847255139,0.5974863862171813,0.007321622244500359
2024-06-09_Germany_Türkiye,2024-06-09,Germany,Türkiye,1,0.28888888888888886,0.3333333333333333,0.9099288625604416,-0.20304584304584303,0.24493112509206205,-0.6138687600644123,0.605286146078985,0.012721614306611182,0.14285714285714285,0.16666666666666666,0.7200464396284829,-0.17130014301289945,0.10269897411435418,-0.49330094542318653,0.4740422786267808,0.015360130066012419,0.146031746031746,0.16666666666666666,0.18988242293195867,-0.03174570003294358,0.14223215097770786,-0.12056781464122573,0.13124386745220423,-0.0026385157594012373
2024-06-09_Germany_Türkiye,2024-06-09,Türkiye,Germany,0,0.14285714285714285,0.16666666666666666,0.7200464396284829,-0.17130014301289945,0.10269897411435418,-0.49330094542318653,0.4740422786267808,0.015360130066012419,0.28888888888888886,0.3333333333333333,0.9099288625604416,-0.20304584304584303,0.24493112509206205,-0.6138687600644123,0.605286146078985,0.012721614306611182,-0.146031746031746,-0.16666666666666666,-0.18988242293195867,0.03174570003294358,-0.14223215097770786,0.12056781464122573,-0.13124386745220423,0.0026385157594012373
2024-06-09_Italy_Netherlands,2024-06-09,Italy,Netherlands,1,0.6538461538461539,0.8333333333333334,1.0936880437883325,-0.15693506345880895,0.2598864952927675,-0.3055555555555556,0.5076073874027839,0.020785929769381307,0.3617021276595745,0.5,0.9817821275842267,-0.14914238453731496,0.13373819612254034,-0.7448908590549458,0.4247423835125448,0.01278338399918455,0.29214402618657936,0.33333333333333337,0.11190591620410584,-0.0077926789214939896,0.12614829917022718,0.4393353034993902,0.0828650038902391,0.008002545770196757
2024-06-09_Italy_Netherlands,2024-06-09,Netherlands,Italy,0,0.3617021276595745,0.5,0.9817821275842267,-0.14914238453731496,0.13373819612254034,-0.7448908590549458,0.4247423835125448,0.01278338399918455,0.6538461538461539,0.8333333333333334,1.0936880437883325,-0.15693506345880895,0.2598864952927675,-0.3055555555555556,0.5076073874027839,0.020785929769381307,-0.29214402618657936,-0.33333333333333337,-0.11190591620410584,0.0077926789214939896,-0.12614829917022718,-0.4393353034993902,-0.0828650038902391,-0.008002545770196757
2024-06-18_Argentina_Slovenia,2024-06-18,Argentina,Slovenia,0,0.5208333333333334,0.6666666666666666,0.9075796877654462,-0.14831335253807748,0.22903319849150647,-0.5890515691402418,0.5204094586946878,0.013669460480498491,0.64,0.8333333333333334,1.1423734245278963,-0.10785349089946787,0.1513954119886323,-0.5601463944141288,0.3684250060994247,0.005366876310272536,-0.11916666666666664,-0.16666666666666674,-0.23479373676245008,-0.04045986163860961,0.07763778650287417,-0.02890517472611298,0.1519844525952631,0.008302584170225955
2024-06-18_Argentina_Slovenia,2024-06-18,Slovenia,Argentina,1,0.64,0.8333333333333334,1.1423734245278963,-0.10785349089946787,0.1513954119886323,-0.5601463944141288,0.3684250060994247,0.005366876310272536,0.5208333333333334,0.6666666666666666,0.9075796877654462,-0.14831335253807748,0.22903319849150647,-0.5890515691402418,0.5204094586946878,0.013669460480498491,0.11916666666666664,0.16666666666666674,0.23479373676245008,0.04045986163860961,-0.07763778650287417,0.02890517472611298,-0.1519844525952631,-0.008302584170225955
2024-06-18_Brazil_Netherlands,2024-06-18,Brazil,Netherlands,1,0.7058823529411765,0.6666666666666666,1.2897244643471424,-0.1535394749447354,0.09960060772560769,-0.7884313055365687,0.4635091420017891,0.010548476041433788,0.3541666666666667,0.3333333333333333,0.8685342643363634,-0.17410864634568204,0.14519652945587366,-0.8106803327391563,0.5004999592701206,0.017478219679935725,0.35171568627450983,0.3333333333333333,0.421190200010779,0.020569171400946634,-0.04559592173026597,0.02224902720258759,-0.03699081726833148,-0.0069297436385019374
2024-06-18_Brazil_Netherlands,2024-06-18,Netherlands,Brazil,0,0.3541666666666667,0.3333333333333333,0.8685342643363634,-0.17410864634568204,0.14519652945587366,-0.8106803327391563,0.5004999592701206,0.017478219679935725,0.7058823529411765,0.6666666666666666,1.2897244643471424,-0.1535394749447354,0.09960060772560769,-0.7884313055365687,0.4635091420017891,0.010548476041433788,-0.35171568627450983,-0.3333333333333333,-0.421190200010779,-0.020569171400946634,0.04559592173026597,-0.02224902720258759,0.03699081726833148,0.0069297436385019374
2024-06-18_Bulgaria_Türkiye,2024-06-18,Bulgaria,Türkiye,1,0.1702127659574468,0.3333333333333333,0.7134806300996231,-0.26700390709011396,0.11834977020235198,-0.4096256684491979,0.5692959049923659,0.017992941906952286,0.125,0.16666666666666666,0.6966998128421752,-0.19826731341415013,0.13294972175640618,-0.538755490877732,0.47837128295578507,0.016809405428331262,0.045212765957446804,0.16666666666666666,0.016780817257447955,-0.06873659367596383,-0.014599951554054205,0.1291298224285341,0.09092462203658086,0.0011835364786210237
2024-06-18_Bulgaria_Türkiye,2024-06-18,Türkiye,Bulgaria,0,0.125,0.16666666666666666,0.6966998128421752,-0.19826731341415013,0.13294972175640618,-0.538755490877732,0.47837128295578507,0.016809405428331262,0.1702127659574468,0.3333333333333333,0.7134806300996231,-0.26700390709011396,0.11834977020235198,-0.4096256684491979,0.5692959049923659,0.017992941906952286,-0.045212765957446804,-0.16666666666666666,-0.016780817257447955,0.06873659367596383,0.014599951554054205,-0.1291298224285341,-0.09092462203658086,-0.0011835364786210237
2024-06-18_Canada_Japan,2024-06-18,Canada,Japan,1,0.3404255319148936,0.5,1.030133889141242,-0.21476531509426242,0.09915763808685764,-0.4858443494356807,0.5430490110211144,0.006397890946502057,0.6666666666666666,0.6666666666666666,0.8316251426032548,-0.11483900208453646,0.1592432995782554,-0.6727238843028317,0.4903508771929825,0.02522120813035762,-0.326241134751773,-0.16666666666666663,0.1985087465379871,-0.09992631300972596,-0.060085661491397754,0.18687953486715098,0.05269813382813188,-0.018823317183855562
2024-06-18_Canada_Japan,2024-06-18,Japan,Canada,0,0.6666666666666666,0.6666666666666666,0.8316251426032548,-0.11483900208453646,0.1592432995782554,-0.6727238843028317,0.4903508771929825,0.02522120813035762,0.3404255319148936,0.5,1.030133889141242,-0.21476531509426242,0.09915763808685764,-0.4858443494356807,0.5430490110211144,0.006397890946502057,0.326241134751773,0.16666666666666663,-0.1985087465379871,0.09992631300972596,0.060085661491397754,-0.18687953486715098,-0.05269813382813188,0.018823317183855562
2024-06-19_Cuba_Serbia,2024-06-19,Cuba,Serbia,0,0.35,0.3333333333333333,1.1216599512036176,-0.17881644661830418,0.10860161295081298,-0.7267095605911394,0.5295747730530339,0.010465244902833739,0.5106382978723404,0.3333333333333333,1.1218520741629987,-0.15247207440626573,0.1714292402843889,-0.6047095832635049,0.7691381987577639,0.011827307254191495,-0.1606382978723404,0.0,-0.00019212295938109136,-0.026344372212038447,-0.06282762733357593,-0.12199997732763457,-0.23956342570473,-0.001362062351357756
2024-06-19_Cuba_Serbia,2024-06-19,Serbia,Cuba,1,0.5106382978723404,0.3333333333333333,1.1218520741629987,-0.15247207440626573,0.1714292402843889,-0.6047095832635049,0.7691381987577639,0.011827307254191495,0.35,0.3333333333333333,1.1216599512036176,-0.17881644661830418,0.10860161295081298,-0.7267095605911394,0.5295747730530339,0.010465244902833739,0.1606382978723404,0.0,0.00019212295938109136,0.026344372212038447,0.06282762733357593,0.12199997732763457,0.23956342570473,0.001362062351357756
2024-06-19_France_Germany,2024-06-19,France,Germany,0,0.6730769230769231,0.8333333333333334,1.2339038645761333,-0.18269600769600766,0.30517997992610113,-0.6504976742794754,0.5039805624483044,0.008132630288363295,0.30434782608695654,0.5,0.8912419938735727,-0.22985743724874155,0.2650345618621655,-0.6339008113464635,0.5860553768482157,0.013561407588264929,0.3687290969899666,0.33333333333333337,0.3426618707025606,0.04716142955273389,0.04014541806393562,-0.01659686293301188,-0.08207481439991138,-0.005428777299901634
2024-06-19_France_Germany,2024-06-19,Germany,France,1,0.30434782608695654,0.5,0.8912419938735727,-0.22985743724874155,0.2650345618621655,-0.6339008113464635,0.5860553768482157,0.013561407588264929,0.6730769230769231,0.8333333333333334,1.2339038645761333,-0.18269600769600766,0.30517997992610113,-0.6504976742794754,0.5039805624483044,0.008132630288363295,-0.3687290969899666,-0.33333333333333337,-0.3426618707025606,-0.04716142955273389,-0.04014541806393562,0.01659686293301188,0.08207481439991138,0.005428777299901634
2024-06-19_Iran_USA,2024-06-19,Iran,USA,1,0.2916666666666667,0.0,0.8987942612942614,-0.1624213816805458,0.21106511544011544,-0.7279494478951,0.6811282762263154,0.01674059825363328,0.375,0.5,0.8654067065831773,-0.16686963630639182,0.2522758720623666,-0.4307496813235043,0.392700128181072,0.008341410070030105,-0.08333333333333331,-0.5,0.03338755471108412,0.0044482546258460265,-0.04121075662225118,-0.2971997665715957,0.28842814804524347,0.008399188183603174
2024-06-19_Iran_USA,2024-06-19,USA,Iran,0,0.375,0.5,0.8654067065831773,-0.16686963630639182,0.2522758720623666,-0.4307496813235043,0.392700128181072,0.008341410070030105,0.2916666666666667,0.0,0.8987942612942614,-0.1624213816805458,0.21106511544011544,-0.7279494478951,0.6811282762263154,0.01674059825363328,0.08333333333333331,0.5,-0.03338755471108412,-0.0044482546258460265,0.04121075662225118,0.2971997665715957,-0.28842814804524347,-0.008399188183603174
2024-06-19_Italy_Poland,2024-06-19,Italy,Poland,0,0.660377358490566,0.8333333333333334,1.0149843400846288,-0.15422415476221388,0.23607697148324372,-0.40151515151515155,0.45945923925463567,0.020785929769381307,0.8,0.6666666666666666,1.168134236453202,-0.14524083328086212,0.20459393615266497,-0.5403638028638028,0.38817222213266134,0.013873106060606063,-0.13962264150943404,0.16666666666666674,-0.15314989636857312,-0.008983321481351753,0.03148303533057875,0.13884865134865126,0.07128701712197433,0.006912823708775244
2024-06-19_Italy_Poland,2024-06-19,Poland,Italy,1,0.8,0.6666666666666666,1.168134236453202,-0.14524083328086212,0.20459393615266497,-0.5403638028638028,0.38817222213266134,0.013873106060606063,0.660377358490566,0.8333333333333334,1.0149843400846288,-0.15422415476221388,0.23607697148324372,-0.40151515151515155,0.45945923925463567,0.020785929769381307,0.13962264150943404,-0.16666666666666674,0.15314989636857312,0.008983321481351753,-0.03148303533057875,-0.13884865134865126,-0.07128701712197433,-0.006912823708775244
2024-06-20_Argentina_Türkiye,2024-06-20,Argentina,Türkiye,1,0.5102040816326531,0.5,0.8781679230595639,-0.17509906682379175,0.26819162915937106,-0.640162680251353,0.44342998655392546,0.011105357916395928,0.1111111111111111,0.16666666666666666,0.7096900089206066,-0.19103567499607102,0.1362830550897395,-0.41604486816710934,0.48492328950779157,0.018310343514635202,0.39909297052154197,0.33333333333333337,0.1684779141389573,0.015936608172279265,0.13190857406963155,-0.2241178120842437,-0.04149330295386611,-0.007204985598239275
2024-06-20_Argentina_Türkiye,2024-06-20,Türkiye,Argentina,0,0.1111111111111111,0.16666666666666666,0.7096900089206066,-0.19103567499607102,0.1362830550897395,-0.41604486816710934,0.48492328950779157,0.018310343514635202,0.5102040816326531,0.5,0.8781679230595639,-0.17509906682379175,0.26819162915937106,-0.640162680251353,0.44342998655392546,0.011105357916395928,-0.39909297052154197,-0.33333333333333337,-0.1684779141389573,-0.015936608172279265,-0.13190857406963155,0.2241178120842437,0.04149330295386611,0.007204985598239275
2024-06-20_Brazil_USA,2024-06-20,Brazil,USA,0,0.7115384615384616,0.6666666666666666,1.2508355754582534,-0.1433282073391016,0.11125561938061934,-0.7155597326649957,0.45057231404479975,0.0082010582010582,0.3333333333333333,0.5,0.8804096774685011,-0.18384715902279547,0.2695918893783839,-0.4416053645929807,0.38201502447271235,0.009938632292252328,0.37820512820512825,0.16666666666666663,0.37042589798975234,0.04051895168369388,-0.15833626999776457,-0.273954368072015,0.0685572895720874,-0.0017375740911941273
2024-06-20_Brazil_USA,2024-06-20,USA,Brazil,1,0.3333333333333333,0.5,0.8804096774685011,-0.18384715902279547,0.2695918893783839,-0.4416053645929807,0.38201502447271235,0.009938632292252328,0.7115384615384616,0.6666666666666666,1.2508355754582534,-0.1433282073391016,0.11125561938061934,-0.7155597326649957,0.45057231404479975,0.0082010582010582,-0.37820512820512825,-0.16666666666666663,-0.37042589798975234,-0.04051895168369388,0.15833626999776457,0.273954368072015,-0.0685572895720874,0.0017375740911941273
2024-06-20_Bulgaria_Italy,2024-06-20,Bulgaria,Italy,0,0.1875,0.3333333333333333,0.6398372192469101,-0.2729562880424949,0.13388829723513188,-0.424777183600713,0.5633354911372153,0.018405738604578704,0.6481481481481481,0.6666666666666666,1.0816510067512957,-0.18161889644266982,0.22593204394701183,-0.5994318181818182,0.491594315507359,0.01134501607314846,-0.46064814814814814,-0.3333333333333333,-0.4418137875043856,-0.09133739159982507,-0.09204374671187995,0.17465463458110525,0.07174117562985627,0.007060722531430244
2024-06-20_Bulgaria_Italy,2024-06-20,Italy,Bulgaria,1,0.6481481481481481,0.6666666666666666,1.0816510067512957,-0.18161889644266982,0.22593204394701183,-0.5994318181818182,0.491594315507359,0.01134501607314846,0.1875,0.3333333333333333,0.6398372192469101,-0.2729562880424949,0.13388829723513188,-0.424777183600713,0.5633354911372153,0.018405738604578704,0.46064814814814814,0.3333333333333333,0.4418137875043856,0.09133739159982507,0.09204374671187995,-0.17465463458110525,-0.07174117562985627,-0.007060722531430244
2024-06-20_Canada_Germany,2024-06-20,Canada,Germany,1,0.3541666666666667,0.5,1.0970511823743248,-0.1961873661568783,0.10325120533831962,-0.4765850901764214,0.5514102150344923,0.006045976532087643,0.3191489361702128,0.6666666666666666,0.859102218204893,-0.20341512955643384,0.3107635912868471,-0.6758398091678143,0.5039182157636862,0.01682938144447408,0.0350177304964539,-0.16666666666666663,0.2379489641694318,0.0072277633995555535,-0.2075123859485275,0.19925471899139285,0.04749199927080605,-0.010783404912386437
2024-06-20_Canada_Germany,2024-06-20,Germany,Canada,0,0.3191489361702128,0.6666666666666666,0.859102218204893,-0.20341512955643384,0.3107635912868471,-0.6758398091678143,0.5039182157636862,0.01682938144447408,0.3541666666666667,0.5,1.0970511823743248,-0.1961873661568783,0.10325120533831962,-0.4765850901764214,0.5514102150344923,0.006045976532087643,-0.0350177304964539,0.16666666666666663,-0.2379489641694318,-0.0072277633995555535,0.2075123859485275,-0.19925471899139285,-0.04749199927080605,0.010783404912386437
2024-06-20_Cuba_Slovenia,2024-06-20,Cuba,Slovenia,0,0.3333333333333333,0.3333333333333333,1.1268682845369509,-0.1877090177312564,0.11524599904136762,-0.8046109914337468,0.6129081063863673,0.013265197244070484,0.6470588235294118,0.8333333333333334,1.18153237514518,-0.1327510843454484,0.18214938024260055,-0.6062126470021206,0.42635726991404144,0.005366876310272536,-0.3137254901960785,-0.5,-0.05466409060822919,-0.05495793338580798,-0.06690338120123293,-0.19839834443162618,0.18655083647232584,0.007898320933797947
2024-06-20_Cuba_Slovenia,2024-06-20,Slovenia,Cuba,1,0.6470588235294118,0.8333333333333334,1.18153237514518,-0.1327510843454484,0.18214938024260055,-0.6062126470021206,0.42635726991404144,0.005366876310272536,0.3333333333333333,0.3333333333333333,1.1268682845369509,-0.1877090177312564,0.11524599904136762,-0.8046109914337468,0.6129081063863673,0.013265197244070484,0.3137254901960785,0.5,0.05466409060822919,0.05495793338580798,0.06690338120123293,0.19839834443162618,-0.18655083647232584,-0.007898320933797947
2024-06-20_Iran_Netherlands,2024-06-20,Iran,Netherlands,1,0.30612244897959184,0.16666666666666666,0.8603084070189334,-0.18300506147185583,0.19398354764350523,-0.7221774421230943,0.6364507315487709,0.015074255148734552,0.3469387755102041,0.3333333333333333,0.8948686581150836,-0.2193359619465121,0.1524053831466037,-0.7740641711229949,0.5389408194851744,0.017478219679935725,-0.040816326530612235,-0.16666666666666666,-0.03456025109615024,0.03633090047465626,0.04157816449690152,0.051886728999900544,0.0975099120635965,-0.002403964531201173
2024-06-20_Iran_Netherlands,2024-06-20,Netherlands,Iran,0,0.3469387755102041,0.3333333333333333,0.8948686581150836,-0.2193359619465121,0.1524053831466037,-0.7740641711229949,0.5389408194851744,0.017478219679935725,0.30612244897959184,0.16666666666666666,0.8603084070189334,-0.18300506147185583,0.19398354764350523,-0.7221774421230943,0.6364507315487709,0.015074255148734552,0.040816326530612235,0.16666666666666666,0.03456025109615024,-0.03633090047465626,-0.04157816449690152,-0.051886728999900544,-0.0975099120635965,0.002403964531201173
2024-06-21_Argentina_Poland,2024-06-21,Argentina,Poland,0,0.52,0.5,0.8458966812294985,-0.1633549388877598,0.25966890188664377,-0.6127005590392317,0.4398809830049219,0.011105357916395928,0.8035714285714286,0.6666666666666666,1.1862501784821873,-0.1949583474051559,0.2188648235423899,-0.6808399933399935,0.42785476181520093,0.013873106060606063,-0.2835714285714286,-0.16666666666666663,-0.3403534972526888,0.031603408517396125,0.04080407834425387,0.06813943430076175,0.012026221189720965,-0.0027677481442101356
2024-06-21_Argentina_Poland,2024-06-21,Poland,Argentina,1,0.8035714285714286,0.6666666666666666,1.1862501784821873,-0.1949583474051559,0.2188648235423899,-0.6808399933399935,0.42785476181520093,0.013873106060606063,0.52,0.5,0.8458966812294985,-0.1633549388877598,0.25966890188664377,-0.6127005590392317,0.4398809830049219,0.011105357916395928,0.2835714285714286,0.16666666666666663,0.3403534972526888,-0.031603408517396125,-0.04080407834425387,-0.06813943430076175,-0.012026221189720965,0.0027677481442101356
2024-06-21_Brazil_Canada,2024-06-21,Brazil,Canada,0,0.6981132075471698,0.6666666666666666,1.2647562467015792,-0.1330501590863698,0.10148107600162391,-0.7370509607351713,0.41085600198806227,0.0132010582010582,0.3673469387755102,0.6666666666666666,1.253260332701122,-0.20236020566305116,0.12945307364545108,-0.40515651874785,0.5834115145796515,0.004309865420976532,0.33076626877165954,0.0,0.01149591400045713,0.06931004657668136,-0.02797199764382717,-0.33189444198732126,-0.1725555125915892,0.008891192780081669
2024-06-21_Brazil_Canada,2024-06-21,Canada,Brazil,1,0.3673469387755102,0.6666666666666666,1.253260332701122,-0.20236020566305116,0.12945307364545108,-0.40515651874785,0.5834115145796515,0.004309865420976532,0.6981132075471698,0.6666666666666666,1.2647562467015792,-0.1330501590863698,0.10148107600162391,-0.7370509607351713,0.41085600198806227,0.0132010582010582,-0.33076626877165954,0.0,-0.01149591400045713,-0.06931004657668136,0.02797199764382717,0.33189444198732126,0.1725555125915892,-0.008891192780081669
2024-06-21_Bulgaria_Cuba,2024-06-21,Bulgaria,Cuba,0,0.1836734693877551,0.3333333333333333,0.683608263017954,-0.31666258174878864,0.17231951520911692,-0.4608882947118241,0.6883354911372153,0.01396129416013426,0.3181818181818182,0.16666666666666666,1.1690285632825954,-0.2107970408192795,0.1403086556829716,-0.8080297948525503,0.6548128682911292,0.017185211338503186,-0.13450834879406307,0.16666666666666666,-0.48542030026464145,-0.10586554092950914,0.032010859526145324,0.34714150014072626,0.03352262284608609,-0.0032239171783689253
2024-06-21_Bulgaria_Cuba,2024-06-21,Cuba,Bulgaria,1,0.3181818181818182,0.16666666666666666,1.1690285632825954,-0.2107970408192795,0.1403086556829716,-0.8080297948525503,0.6548128682911292,0.017185211338503186,0.1836734693877551,0.3333333333333333,0.683608263017954,-0.31666258174878864,0.17231951520911692,-0.4608882947118241,0.6883354911372153,0.01396129416013426,0.13450834879406307,-0.16666666666666666,0.48542030026464145,0.10586554092950914,-0.032010859526145324,-0.34714150014072626,-0.03352262284608609,0.0032239171783689253
2024-06-21_France_Iran,2024-06-21,France,Iran,1,0.660377358490566,0.6666666666666666,1.1280837587560277,-0.166916143324594,0.30498572973185095,-0.7453044375644996,0.4786066308243728,0.011337758493491501,0.32,0.3333333333333333,0.9521887488992752,-0.18332475456648498,0.18003152744148507,-0.7167607754564277,0.5956944290277623,0.013136270652610521,0.340377358490566,0.3333333333333333,0.17589500985675255,0.01640861124189097,0.12495420229036588,-0.02854366210807191,-0.11708779820338944,-0.0017985121591190204
2024-06-21_France_Iran,2024-06-21,Iran,France,0,0.32,0.3333333333333333,0.9521887488992752,-0.18332475456648498,0.18003152744148507,-0.7167607754564277,0.5956944290277623,0.013136270652610521,0.660377358490566,0.6666666666666666,1.1280837587560277,-0.166916143324594,0.30498572973185095,-0.7453044375644996,0.4786066308243728,0.011337758493491501,-0.340377358490566,-0.3333333333333333,-0.17589500985675255,-0.01640861124189097,-0.12495420229036588,0.02854366210807191,0.11708779820338944,0.0017985121591190204
2024-06-21_Japan_Netherlands,2024-06-21,Japan,Netherlands,1,0.6538461538461539,0.5,0.9074685973940779,-0.10678388814706961,0.1498301140141747,-0.7866127731917206,0.5426806262969252,0.028521538163360918,0.34,0.16666666666666666,0.9166981799446056,-0.19845202132572937,0.16467089541211596,-0.8851752822341058,0.6509479879439557,0.014450050665851215,0.31384615384615383,0.33333333333333337,-0.009229582550527637,0.09166813317865975,-0.01484078139794126,0.09856250904238517,-0.10826736164703055,0.014071487497509702
2024-06-21_Japan_Netherlands,2024-06-21,Netherlands,Japan,0,0.34,0.16666666666666666,0.9166981799446056,-0.19845202132572937,0.16467089541211596,-0.8851752822341058,0.6509479879439557,0.014450050665851215,0.6538461538461539,0.5,0.9074685973940779,-0.10678388814706961,0.1498301140141747,-0.7866127731917206,0.5426806262969252,0.028521538163360918,-0.31384615384615383,-0.33333333333333337,0.009229582550527637,-0.09166813317865975,0.01484078139794126,-0.09856250904238517,0.10826736164703055,-0.014071487497509702
2024-06-21_Serbia_Türkiye,2024-06-21,Serbia,Türkiye,1,0.5208333333333334,0.5,1.1416414714033762,-0.12818155011574142,0.19439220324735187,-0.5984595832635048,0.6572334368530021,0.011827307254191495,0.1,0.16666666666666666,0.6167022040425578,-0.18226944122983724,0.13771520689783115,-0.440238416554206,0.5214571059329124,0.021055441553850886,0.4208333333333334,0.33333333333333337,0.5249392673608184,0.054087891114095815,0.056676996349520725,-0.1582211667092988,0.13577633092008967,-0.009228134299659392
2024-06-21_Serbia_Türkiye,2024-06-21,Türkiye,Serbia,0,0.1,0.16666666666666666,0.6167022040425578,-0.18226944122983724,0.13771520689783115,-0.440238416554206,0.5214571059329124,0.021055441553850886,0.5208333333333334,0.5,1.1416414714033762,-0.12818155011574142,0.19439220324735187,-0.5984595832635048,0.6572334368530021,0.011827307254191495,-0.4208333333333334,-0.33333333333333337,-0.5249392673608184,-0.054087891114095815,-0.056676996349520725,0.1582211667092988,-0.13577633092008967,0.009228134299659392
2024-06-22_Argentina_Bulgaria,2024-06-22,Argentina,Bulgaria,1,0.5098039215686274,0.5,0.8746863404539403,-0.16203218756500845,0.2493421045010229,-0.623811670150343,0.5065476496715885,0.015593389831289545,0.18,0.3333333333333333,0.6745230499853724,-0.30472624222624217,0.19965637587931087,-0.6202020202020202,0.9480577133594373,0.01054249074133084,0.3298039215686274,0.16666666666666669,0.20016329046856796,0.14269405466123372,0.04968572862171203,-0.0036096499483228017,-0.44151006368784884,0.005050899089958705
2024-06-22_Argentina_Bulgaria,2024-06-22,Bulgaria,Argentina,0,0.18,0.3333333333333333,0.6745230499853724,-0.30472624222624217,0.19965637587931087,-0.6202020202020202,0.9480577133594373,0.01054249074133084,0.5098039215686274,0.5,0.8746863404539403,-0.16203218756500845,0.2493421045010229,-0.623811670150343,0.5065476496715885,0.015593389831289545,-0.3298039215686274,-0.16666666666666669,-0.20016329046856796,-0.14269405466123372,-0.04968572862171203,0.0036096499483228017,0.44151006368784884,-0.005050899089958705
2024-06-22_Canada_Netherlands,2024-06-22,Canada,Netherlands,1,0.38,0.6666666666666666,1.2637708432116326,-0.2144435389963845,0.0983858221834628,-0.5142251461988304,0.525835757003894,0.004309865420976532,0.3333333333333333,0.16666666666666666,0.8409406041870296,-0.18074750362121164,0.20047006356422528,-0.7740641711229945,0.5567959411603299,0.011253401635868854,0.04666666666666669,0.5,0.4228302390246029,-0.03369603537517285,-0.10208424138076248,0.2598390249241641,-0.030960184156435977,-0.006943536214892322
2024-06-22_Canada_Netherlands,2024-06-22,Netherlands,Canada,0,0.3333333333333333,0.16666666666666666,0.8409406041870296,-0.18074750362121164,0.20047006356422528,-0.7740641711229945,0.5567959411603299,0.011253401635868854,0.38,0.6666666666666666,1.2637708432116326,-0.2144435389963845,0.0983858221834628,-0.5142251461988304,0.525835757003894,0.004309865420976532,-0.04666666666666669,-0.5,-0.4228302390246029,0.03369603537517285,0.10208424138076248,-0.2598390249241641,0.030960184156435977,0.006943536214892322
2024-06-22_France_Japan,2024-06-22,France,Japan,0,0.6666666666666666,0.6666666666666666,1.0953251380663724,-0.16430381312605688,0.4137736085197297,-0.8175266597867218,0.49817652329749107,0.01482242595665359,0.660377358490566,0.6666666666666666,1.0491567972218128,-0.10577877118800526,0.1563188051524765,-0.7123703489492961,0.5288729589804858,0.017806136726309995,0.0062893081761006275,0.0,0.046168340844559674,-0.05852504193805162,0.25745480336725324,-0.10515631083742571,-0.030696435682994738,-0.002983710769656405
2024-06-22_France_Japan,2024-06-22,Japan,France,1,0.660377358490566,0.6666666666666666,1.0491567972218128,-0.10577877118800526,0.1563188051524765,-0.7123703489492961,0.5288729589804858,0.017806136726309995,0.6666666666666666,0.6666666666666666,1.0953251380663724,-0.16430381312605688,0.4137736085197297,-0.8175266597867218,0.49817652329749107,0.01482242595665359,-0.0062893081761006275,0.0,-0.046168340844559674,0.05852504193805162,-0.25745480336725324,0.10515631083742571,0.030696435682994738,0.002983710769656405
2024-06-22_Germany_USA,2024-06-22,Germany,USA,0,0.3125,0.5,0.8175817503686357,-0.21250603864734297,0.28664645089063695,-0.773377687955693,0.5654261522716227,0.01956162188163255,0.4,0.5,0.9190126186449715,-0.1658324531404425,0.2566401784733631,-0.5359097530150162,0.3588668763245642,0.010245414978553085,-0.08750000000000002,0.0,-0.10143086827633585,-0.046673585506900456,0.030006272417273827,-0.23746793494067675,0.20655927594705853,0.009316206903079464
2024-06-22_Germany_USA,2024-06-22,USA,Germany,1,0.4,0.5,0.9190126186449715,-0.1658324531404425,0.2566401784733631,-0.5359097530150162,0.3588668763245642,0.010245414978553085,0.3125,0.5,0.8175817503686357,-0.21250603864734297,0.28664645089063695,-0.773377687955693,0.5654261522716227,0.01956162188163255,0.08750000000000002,0.0,0.10143086827633585,0.046673585506900456,-0.030006272417273827,0.23746793494067675,-0.20655927594705853,-0.009316206903079464
2024-06-22_Italy_Slovenia,2024-06-22,Italy,Slovenia,0,0.6545454545454545,0.6666666666666666,1.1763362492693554,-0.1874774823012557,0.2059103989253668,-0.6338929710640236,0.5054832043962479,0.016238633094425057,0.6538461538461539,0.8333333333333334,1.0451687387815438,-0.1499462922383307,0.25071125315229953,-0.6413978321873058,0.45775511937640706,0.005366876310272536,0.0006993006993006867,-0.16666666666666674,0.1311675104878116,-0.03753119006292499,-0.044800854226932724,0.007504861123282192,0.04772808501984088,0.01087175678415252
2024-06-22_Italy_Slovenia,2024-06-22,Slovenia,Italy,1,0.6538461538461539,0.8333333333333334,1.0451687387815438,-0.1499462922383307,0.25071125315229953,-0.6413978321873058,0.45775511937640706,0.005366876310272536,0.6545454545454545,0.6666666666666666,1.1763362492693554,-0.1874774823012557,0.2059103989253668,-0.6338929710640236,0.5054832043962479,0.016238633094425057,-0.0006993006993006867,0.16666666666666674,-0.1311675104878116,0.03753119006292499,0.044800854226932724,-0.007504861123282192,-0.04772808501984088,-0.01087175678415252
2024-06-22_Poland_Serbia,2024-06-22,Poland,Serbia,1,0.8070175438596491,0.8333333333333334,1.2867552289872382,-0.18209622455385166,0.22994751748953393,-0.6322288822288823,0.44662946537251313,0.01084280303030303,0.5306122448979592,0.6666666666666666,1.3384668682287728,-0.12562473193392326,0.20352667464597426,-0.6790456638495854,0.588392857142857,0.017066964626161606,0.27640529896168986,0.16666666666666674,-0.05171163924153466,-0.0564714926199284,0.026420842843559667,0.04681678162070313,-0.14176339177034392,-0.006224161595858575
2024-06-22_Poland_Serbia,2024-06-22,Serbia,Poland,0,0.5306122448979592,0.6666666666666666,1.3384668682287728,-0.12562473193392326,0.20352667464597426,-0.6790456638495854,0.588392857142857,0.017066964626161606,0.8070175438596491,0.8333333333333334,1.2867552289872382,-0.18209622455385166,0.22994751748953393,-0.6322288822288823,0.44662946537251313,0.01084280303030303,-0.27640529896168986,-0.16666666666666674,0.05171163924153466,0.0564714926199284,-0.026420842843559667,-0.04681678162070313,0.14176339177034392,0.006224161595858575
2024-06-23_Brazil_France,2024-06-23,Brazil,France,0,0.6851851851851852,0.5,1.0930185861201054,-0.1572592640246414,0.1077968654753081,-0.7759398496240602,0.44115903229109255,0.0132010582010582,0.6545454545454545,0.5,1.1291261584745358,-0.16733411615635993,0.3944017020510491,-0.8445797998833401,0.4634543010752688,0.013217501671316932,0.03063973063973069,0.0,-0.036107572354430406,0.01007485213171852,-0.286604836575741,0.06863995025927994,-0.02229526878417626,-1.6443470258732662e-05
2024-06-23_Brazil_France,2024-06-23,France,Brazil,1,0.6545454545454545,0.5,1.1291261584745358,-0.16733411615635993,0.3944017020510491,-0.8445797998833401,0.4634543010752688,0.013217501671316932,0.6851851851851852,0.5,1.0930185861201054,-0.1572592640246414,0.1077968654753081,-0.7759398496240602,0.44115903229109255,0.0132010582010582,-0.03063973063973069,0.0,0.036107572354430406,-0.01007485213171852,0.286604836575741,-0.06863995025927994,0.02229526878417626,1.6443470258732662e-05
2024-06-23_Cuba_Poland,2024-06-23,Cuba,Poland,0,0.34782608695652173,0.3333333333333333,1.4445661976911979,-0.2148510948733335,0.18202316008404318,-0.8250752493980048,0.602564191042452,0.017185211338503186,0.8103448275862069,0.8333333333333334,1.354116340098349,-0.20300946656298405,0.22524826936923323,-0.623137973137973,0.4739592144764559,0.005377720870678618,-0.4625187406296851,-0.5,0.09044985759284896,-0.011841628310349461,-0.04322510928519005,-0.20193727626003177,0.12860497656599607,0.011807490467824568
2024-06-23_Cuba_Poland,2024-06-23,Poland,Cuba,1,0.8103448275862069,0.8333333333333334,1.354116340098349,-0.20300946656298405,0.22524826936923323,-0.623137973137973,0.4739592144764559,0.005377720870678618,0.34782608695652173,0.3333333333333333,1.4445661976911979,-0.2148510948733335,0.18202316008404318,-0.8250752493980048,0.602564191042452,0.017185211338503186,0.4625187406296851,0.5,-0.09044985759284896,0.011841628310349461,0.04322510928519005,0.20193727626003177,-0.12860497656599607,-0.011807490467824568
2024-06-23_Germany_Iran,2024-06-23,Germany,Iran,1,0.30612244897959184,0.5,0.8254248876235376,-0.16647429261559696,0.24732412030799125,-0.7246597392377443,0.4990045836441717,0.014097141007315612,0.3137254901960784,0.3333333333333333,0.868855415565942,-0.16639353763526804,0.18879121736396565,-0.6929512516469037,0.4803098136431469,0.018333403269097978,-0.0076030412164865835,0.16666666666666669,-0.04343052794240443,-8.075498032891759e-05,0.058532902944025605,-0.03170848759084055,0.01869477000102482,-0.004236262261782366
2024-06-23_Germany_Iran,2024-06-23,Iran,Germany,0,0.3137254901960784,0.3333333333333333,0.868855415565942,-0.16639353763526804,0.18879121736396565,-0.6929512516469037,0.4803098136431469,0.018333403269097978,0.30612244897959184,0.5,0.8254248876235376,-0.16647429261559696,0.24732412030799125,-0.7246597392377443,0.4990045836441717,0.014097141007315612,0.0076030412164865835,-0.16666666666666669,0.04343052794240443,8.075498032891759e-05,-0.058532902944025605,0.03170848759084055,-0.01869477000102482,0.004236262261782366
2024-06-23_Italy_Türkiye,2024-06-23,Italy,Türkiye,1,0.6428571428571429,0.6666666666666666,1.115225138158244,-0.22718336465419686,0.18398583541743666,-0.879726304397357,0.5428208667339102,0.01553835298238024,0.09090909090909091,0.16666666666666666,0.719643380513146,-0.180510181970578,0.11998471044393044,-0.5987179487179487,0.5315646328146328,0.01840993890834824,0.551948051948052,0.5,0.39558175764509806,-0.04667318268361886,0.06400112497350621,-0.2810083556794083,0.011256233919277325,-0.0028715859259680013
2024-06-23_Italy_Türkiye,2024-06-23,Türkiye,Italy,0,0.09090909090909091,0.16666666666666666,0.719643380513146,-0.180510181970578,0.11998471044393044,-0.5987179487179487,0.5315646328146328,0.01840993890834824,0.6428571428571429,0.6666666666666666,1.115225138158244,-0.22718336465419686,0.18398583541743666,-0.879726304397357,0.5428208667339102,0.01553835298238024,-0.551948051948052,-0.5,-0.39558175764509806,0.04667318268361886,-0.06400112497350621,0.2810083556794083,-0.011256233919277325,0.0028715859259680013
2024-06-23_Japan_USA,2024-06-23,Japan,USA,1,0.6666666666666666,0.6666666666666666,0.9122520353170508,-0.10243936620925602,0.1334206047764357,-0.6554793233082706,0.5080396256471525,0.017806136726309995,0.45454545454545453,0.5,0.8110058455438588,-0.1561363163256616,0.18907261090579555,-0.5504171754171754,0.341103030974512,0.010245414978553085,0.2121212121212121,0.16666666666666663,0.101246189773192,0.05369695011640559,-0.05565200612935986,-0.10506214789109525,0.16693659467264055,0.00756072174775691
2024-06-23_Japan_USA,2024-06-23,USA,Japan,0,0.45454545454545453,0.5,0.8110058455438588,-0.1561363163256616,0.18907261090579555,-0.5504171754171754,0.341103030974512,0.010245414978553085,0.6666666666666666,0.6666666666666666,0.9122520353170508,-0.10243936620925602,0.1334206047764357,-0.6554793233082706,0.5080396256471525,0.017806136726309995,-0.2121212121212121,-0.16666666666666663,-0.101246189773192,-0.05369695011640559,0.05565200612935986,0.10506214789109525,-0.16693659467264055,-0.00756072174775691
2024-06-23_Serbia_Slovenia,2024-06-23,Serbia,Slovenia,0,0.52,0.5,1.2048689846308893,-0.15002949383868516,0.27717008549868744,-0.5359480207519424,0.6404761904761905,0.018729198668714798,0.660377358490566,0.8333333333333334,1.1278755056988368,-0.16132785635823155,0.26669497881344456,-0.7247311655206392,0.4620343986556863,0.01008909853249476,-0.14037735849056598,-0.33333333333333337,0.07699347893205255,0.011298362519546384,0.010475106685242874,0.18878314476869684,0.17844179182050424,0.008640100136220038
2024-06-23_Serbia_Slovenia,2024-06-23,Slovenia,Serbia,1,0.660377358490566,0.8333333333333334,1.1278755056988368,-0.16132785635823155,0.26669497881344456,-0.7247311655206392,0.4620343986556863,0.01008909853249476,0.52,0.5,1.2048689846308893,-0.15002949383868516,0.27717008549868744,-0.5359480207519424,0.6404761904761905,0.018729198668714798,0.14037735849056598,0.33333333333333337,-0.07699347893205255,-0.011298362519546384,-0.010475106685242874,-0.18878314476869684,-0.17844179182050424,-0.008640100136220038
2024-06-27_Brazil_Poland,2024-06-27,Brazil,Poland,0,0.6727272727272727,0.3333333333333333,0.9764676601941794,-0.15798791456384279,0.10114013422841293,-0.5630827067669174,0.4182832152976285,0.01082010582010582,0.8135593220338984,0.8333333333333334,1.4811004670824761,-0.25529704826233046,0.29958207021074795,-0.7194583194583194,0.48353775853775854,0.002347417840375587,-0.14083204930662563,-0.5,-0.5046328068882967,0.09730913369848768,-0.198441935982335,0.156375612691402,-0.06525454324013003,0.008472687979730234
2024-06-27_Brazil_Poland,2024-06-27,Poland,Brazil,1,0.8135593220338984,0.8333333333333334,1.4811004670824761,-0.25529704826233046,0.29958207021074795,-0.7194583194583194,0.48353775853775854,0.002347417840375587,0.6727272727272727,0.3333333333333333,0.9764676601941794,-0.15798791456384279,0.10114013422841293,-0.5630827067669174,0.4182832152976285,0.01082010582010582,0.14083204930662563,0.5,0.5046328068882967,-0.09730913369848768,0.198441935982335,-0.156375612691402,0.06525454324013003,-0.008472687979730234
2024-06-27_Canada_Japan,2024-06-27,Canada,Japan,0,0.39215686274509803,0.8333333333333334,1.2172843567251461,-0.19195084182014302,0.15235407615171676,-0.4752039821776663,0.53471767967892,0.0038703752295985304,0.6727272727272727,0.6666666666666666,0.8110093452585713,-0.0802705627904526,0.14225898861481953,-0.5960853839143313,0.5080396256471525,0.01414313306330633,-0.2805704099821747,0.16666666666666674,0.40627501146657485,-0.11168027902969042,0.010095087536897224,0.120881401736665,0.026678054031767484,-0.0102727578337078
2024-06-27_Canada_Japan,2024-06-27,Japan,Canada,1,0.6727272727272727,0.6666666666666666,0.8110093452585713,-0.0802705627904526,0.14225898861481953,-0.5960853839143313,0.5080396256471525,0.01414313306330633,0.39215686274509803,0.8333333333333334,1.2172843567251461,-0.19195084182014302,0.15235407615171676,-0.4752039821776663,0.53471767967892,0.0038703752295985304,0.2805704099821747,-0.16666666666666674,-0.40627501146657485,0.11168027902969042,-0.010095087536897224,-0.120881401736665,-0.026678054031767484,0.0102727578337078
2024-06-28_Argentina_Slovenia,2024-06-28,Argentina,Slovenia,0,0.5192307692307693,0.5,1.002001155268755,-0.16456424670084116,0.3017230568819753,-0.6115834092807777,0.5156850765721733,0.011207424919008844,0.6666666666666666,0.8333333333333334,1.1266128794362105,-0.1216453166756919,0.3489888111072769,-0.9026760276760276,0.44359418254105165,0.01008909853249476,-0.14743589743589736,-0.33333333333333337,-0.12461172416745536,-0.042918930025149266,-0.047265754225301604,0.2910926183952499,0.07209089403112168,0.001118326386514084
2024-06-28_Argentina_Slovenia,2024-06-28,Slovenia,Argentina,1,0.6666666666666666,0.8333333333333334,1.1266128794362105,-0.1216453166756919,0.3489888111072769,-0.9026760276760276,0.44359418254105165,0.01008909853249476,0.5192307692307693,0.5,1.002001155268755,-0.16456424670084116,0.3017230568819753,-0.6115834092807777,0.5156850765721733,0.011207424919008844,0.14743589743589736,0.33333333333333337,0.12461172416745536,0.042918930025149266,0.047265754225301604,-0.2910926183952499,-0.07209089403112168,-0.001118326386514084
2024-06-28_France_Italy,2024-06-28,France,Italy,1,0.6607142857142857,0.5,1.0640637698827355,-0.18952026334250713,0.39076413591348297,-0.7254277530997144,0.4398581242532855,0.016392104845920106,0.6491228070175439,0.6666666666666666,1.204121158697397,-0.2293763471103372,0.15500032817105985,-0.8554838801549326,0.5824843282723717,0.01551326013885921,0.01159147869674182,-0.16666666666666663,-0.14005738881466145,0.039856083767830064,0.23576380774242311,0.13005612705521818,-0.1426262040190862,0.0008788447070608961
2024-06-28_France_Italy,2024-06-28,Italy,France,0,0.6491228070175439,0.6666666666666666,1.204121158697397,-0.2293763471103372,0.15500032817105985,-0.8554838801549326,0.5824843282723717,0.01551326013885921,0.6607142857142857,0.5,1.0640637698827355,-0.18952026334250713,0.39076413591348297,-0.7254277530997144,0.4398581242532855,0.016392104845920106,-0.01159147869674182,0.16666666666666663,0.14005738881466145,-0.039856083767830064,-0.23576380774242311,-0.13005612705521818,0.1426262040190862,-0.0008788447070608961
2024-06-29_France_Poland,2024-06-29,France,Poland,1,0.6666666666666666,0.6666666666666666,0.9923465981655637,-0.1769152213257004,0.3475058510665312,-0.6920052932066661,0.4117573490594871,0.017856294939628273,0.8166666666666667,0.8333333333333334,1.5003174211054648,-0.26443605740133963,0.2480207049238925,-0.9139027639027639,0.5327076180524456,0.004872670365628113,-0.15000000000000002,-0.16666666666666674,-0.5079708229399011,0.08752083607563924,0.0994851461426387,0.22189747069609778,-0.12095026899295852,0.012983624574000159
2024-06-29_France_Poland,2024-06-29,Poland,France,0,0.8166666666666667,0.8333333333333334,1.5003174211054648,-0.26443605740133963,0.2480207049238925,-0.9139027639027639,0.5327076180524456,0.004872670365628113,0.6666666666666666,0.6666666666666666,0.9923465981655637,-0.1769152213257004,0.3475058510665312,-0.6920052932066661,0.4117573490594871,0.017856294939628273,0.15000000000000002,0.16666666666666674,0.5079708229399011,-0.08752083607563924,-0.0994851461426387,-0.22189747069609778,0.12095026899295852,-0.012983624574000159
2024-06-29_Japan_Slovenia,2024-06-29,Japan,Slovenia,1,0.6785714285714286,0.8333333333333334,0.9348120272509085,-0.07711723208489486,0.11399558535141625,-0.5884830447330447,0.4339655515730785,0.00633063306330633,0.6727272727272727,1.0,1.162631030315394,-0.11593611910602919,0.3558491823744278,-0.9065649165649167,0.40066488961175867,0.013294226737622964,0.005844155844155874,-0.16666666666666663,-0.22781900306448544,0.03881888702113433,-0.24185359702301157,0.318081871831872,0.03330066196131981,-0.0069635936743166335
2024-06-29_Japan_Slovenia,2024-06-29,Slovenia,Japan,0,0.6727272727272727,1.0,1.162631030315394,-0.11593611910602919,0.3558491823744278,-0.9065649165649167,0.40066488961175867,0.013294226737622964,0.6785714285714286,0.8333333333333334,0.9348120272509085,-0.07711723208489486,0.11399558535141625,-0.5884830447330447,0.4339655515730785,0.00633063306330633,-0.005844155844155874,0.16666666666666663,0.22781900306448544,-0.03881888702113433,0.24185359702301157,-0.318081871831872,-0.03330066196131981,0.0069635936743166335
2024-06-30_France_Japan,2024-06-30,France,Japan,1,0.6724137931034483,0.6666666666666666,0.9363241892019784,-0.20742787683835592,0.3467252109416288,-0.7048707902826896,0.41697077362775037,0.017856294939628273,0.6842105263157895,0.8333333333333334,0.9446159488195359,-0.07711723208489486,0.09613844249427339,-0.5432449494949495,0.41203572701167496,0.00633063306330633,-0.011796733212341204,-0.16666666666666674,-0.00829175961755757,-0.13031064475346105,0.2505867684473554,-0.16162584078774012,0.004935046616075411,0.011525661876321942
2024-06-30_France_Japan,2024-06-30,Japan,France,0,0.6842105263157895,0.8333333333333334,0.9446159488195359,-0.07711723208489486,0.09613844249427339,-0.5432449494949495,0.41203572701167496,0.00633063306330633,0.6724137931034483,0.6666666666666666,0.9363241892019784,-0.20742787683835592,0.3467252109416288,-0.7048707902826896,0.41697077362775037,0.017856294939628273,0.011796733212341204,0.16666666666666674,0.00829175961755757,0.13031064475346105,-0.2505867684473554,0.16162584078774012,-0.004935046616075411,-0.011525661876321942
2024-06-30_Poland_Slovenia,2024-06-30,Poland,Slovenia,1,0.8032786885245902,0.8333333333333334,1.4926861634742068,-0.2522874630238296,0.2235045758916344,-0.8427489177489179,0.5724925642890049,0.004872670365628113,0.6607142857142857,0.8333333333333334,1.090110705112142,-0.12519537836528846,0.3856110871363325,-0.9193854293854294,0.4601886991355682,0.016998887718065802,0.14256440281030447,0.0,0.4025754583620649,-0.12709208465854113,-0.16210651124469813,0.07663651163651153,0.11230386515343665,-0.012126217352437688
2024-06-30_Poland_Slovenia,2024-06-30,Slovenia,Poland,0,0.6607142857142857,0.8333333333333334,1.090110705112142,-0.12519537836528846,0.3856110871363325,-0.9193854293854294,0.4601886991355682,0.016998887718065802,0.8032786885245902,0.8333333333333334,1.4926861634742068,-0.2522874630238296,0.2235045758916344,-0.8427489177489179,0.5724925642890049,0.004872670365628113,-0.14256440281030447,0.0,-0.4025754583620649,0.12709208465854113,0.16210651124469813,-0.07663651163651153,-0.11230386515343665,0.012126217352437688
2025-06-11_Argentina_France,2025-06-11,Argentina,France,1,0.5094339622641509,0.5,1.0022536805212805,-0.1613163834529779,0.2890734842324026,-0.6536886724386725,0.4805708292603454,0.011182332075487815,0.6779661016949152,0.8333333333333334,1.0518169140697031,-0.21976858777061614,0.3069816211980391,-0.6387596791715785,0.567484058651905,0.014651166734500067,-0.16853213943076428,-0.33333333333333337,-0.049563233548422625,0.05845220431763823,-0.017908136965636534,-0.01492899326709396,-0.0869132293915596,-0.0034688346590122515
2025-06-11_Argentina_France,2025-06-11,France,Argentina,0,0.6779661016949152,0.8333333333333334,1.0518169140697031,-0.21976858777061614,0.3069816211980391,-0.6387596791715785,0.567484058651905,0.014651166734500067,0.5094339622641509,0.5,1.0022536805212805,-0.1613163834529779,0.2890734842324026,-0.6536886724386725,0.4805708292603454,0.011182332075487815,0.16853213943076428,0.33333333333333337,0.049563233548422625,-0.05845220431763823,0.017908136965636534,0.01492899326709396,0.0869132293915596,0.0034688346590122515
2025-06-11_Brazil_Iran,2025-06-11,Brazil,Iran,1,0.6607142857142857,0.3333333333333333,1.0056685878770804,-0.15982172889765714,0.08945182254010126,-0.5812531328320802,0.4390402360546492,0.012696007696007696,0.3076923076923077,0.3333333333333333,0.8452067669172932,-0.16837766461939505,0.23269867860427573,-0.653820816864295,0.4225496725496725,0.03099465506078455,0.353021978021978,0.0,0.16046182095978712,0.008555935721737906,-0.14324685606417448,0.07256768403221481,0.016490563504976685,-0.018298647364776856
2025-06-11_Brazil_Iran,2025-06-11,Iran,Brazil,0,0.3076923076923077,0.3333333333333333,0.8452067669172932,-0.16837766461939505,0.23269867860427573,-0.653820816864295,0.4225496725496725,0.03099465506078455,0.6607142857142857,0.3333333333333333,1.0056685878770804,-0.15982172889765714,0.08945182254010126,-0.5812531328320802,0.4390402360546492,0.012696007696007696,-0.353021978021978,0.0,-0.16046182095978712,-0.008555935721737906,0.14324685606417448,-0.07256768403221481,-0.016490563504976685,0.018298647364776856
2025-06-11_Bulgaria_Italy,2025-06-11,Bulgaria,Italy,0,0.17647058823529413,0.3333333333333333,0.7051027601302998,-0.31958412336319314,0.17452703367679798,-0.5896464646464646,0.9260669726186966,0.008195072900955254,0.6379310344827587,0.5,1.1994088571100954,-0.23527113078289866,0.13432055749128916,-0.9174923496044185,0.5683366402116402,0.01551326013885921,-0.4614604462474645,-0.16666666666666669,-0.49430609697979555,-0.08431299258029448,0.04020647618550882,0.32784588495795386,0.35773033240705643,-0.0073181872379039555
2025-06-11_Bulgaria_Italy,2025-06-11,Italy,Bulgaria,1,0.6379310344827587,0.5,1.1994088571100954,-0.23527113078289866,0.13432055749128916,-0.9174923496044185,0.5683366402116402,0.01551326013885921,0.17647058823529413,0.3333333333333333,0.7051027601302998,-0.31958412336319314,0.17452703367679798,-0.5896464646464646,0.9260669726186966,0.008195072900955254,0.4614604462474645,0.16666666666666669,0.49430609697979555,0.08431299258029448,-0.04020647618550882,-0.32784588495795386,-0.35773033240705643,0.0073181872379039555
2025-06-11_China_Japan,2025-06-11,China,Japan,0,0.18181818181818182,0.16666666666666666,0.9461099086099086,-0.19322768366106202,0.16470558830310558,-0.8112891737891736,0.6218691844553913,0.012001307409516904,0.6724137931034483,0.8333333333333334,0.9414831167393354,-0.08892017426758388,0.11114532243923385,-0.5404671717171717,0.4112211294228838,0.006906272022551092,-0.49059561128526646,-0.6666666666666667,0.004626791870573244,-0.10430750939347815,0.053560265863871734,-0.2708220020720019,0.2106480550325075,0.005095035386965812
2025-06-11_China_Japan,2025-06-11,Japan,China,1,0.6724137931034483,0.8333333333333334,0.9414831167393354,-0.08892017426758388,0.11114532243923385,-0.5404671717171717,0.4112211294228838,0.006906272022551092,0.18181818181818182,0.16666666666666666,0.9461099086099086,-0.19322768366106202,0.16470558830310558,-0.8112891737891736,0.6218691844553913,0.012001307409516904,0.49059561128526646,0.6666666666666667,-0.004626791870573244,0.10430750939347815,-0.053560265863871734,0.2708220020720019,-0.2106480550325075,-0.005095035386965812
2025-06-11_Netherlands_Poland,2025-06-11,Netherlands,Poland,0,0.3269230769230769,0.0,0.7653205194925349,-0.1954266898496937,0.18456164845866477,-0.660427807486631,0.5839950152344041,0.009337692823608317,0.8064516129032258,0.8333333333333334,1.354778554778555,-0.1945493677857343,0.20786980415930167,-0.7022727272727273,0.5605878023842429,0.004872670365628113,-0.47952853598014883,-0.8333333333333334,-0.58945803528602,-0.0008773220639593793,-0.023308155700636907,0.04184491978609628,0.02340721285016123,0.004465022457980204
2025-06-11_Netherlands_Poland,2025-06-11,Poland,Netherlands,1,0.8064516129032258,0.8333333333333334,1.354778554778555,-0.1945493677857343,0.20786980415930167,-0.7022727272727273,0.5605878023842429,0.004872670365628113,0.3269230769230769,0.0,0.7653205194925349,-0.1954266898496937,0.18456164845866477,-0.660427807486631,0.5839950152344041,0.009337692823608317,0.47952853598014883,0.8333333333333334,0.58945803528602,0.0008773220639593793,0.023308155700636907,-0.04184491978609628,-0.02340721285016123,-0.004465022457980204
2025-06-11_Serbia_Türkiye,2025-06-11,Serbia,Türkiye,1,0.5098039215686274,0.5,1.3315696649029982,-0.1692736596345751,0.2534278582516552,-0.5615890463929679,0.6659420289855073,0.015256976446492576,0.08333333333333333,0.16666666666666666,0.8148356882054536,-0.13559191615678975,0.11006407552329554,-0.6031039136302293,0.5191318371157081,0.015884686383095717,0.4264705882352941,0.33333333333333337,0.5167339766975446,-0.03368174347778535,0.14336378272835965,0.04151486723726139,0.14681019186979916,-0.0006277099366031411
2025-06-11_Serbia_Türkiye,2025-06-11,Türkiye,Serbia,0,0.08333333333333333,0.16666666666666666,0.8148356882054536,-0.13559191615678975,0.11006407552329554,-0.6031039136302293,0.5191318371157081,0.015884686383095717,0.5098039215686274,0.5,1.3315696649029982,-0.1692736596345751,0.2534278582516552,-0.5615890463929679,0.6659420289855073,0.015256976446492576,-0.4264705882352941,-0.33333333333333337,-0.5167339766975446,0.03368174347778535,-0.14336378272835965,-0.04151486723726139,-0.14681019186979916,0.0006277099366031411
2025-06-12_Brazil_Cuba,2025-06-12,Brazil,Cuba,0,0.6666666666666666,0.3333333333333333,1.0539490111575036,-0.1348297648989429,0.14393900202728074,-0.5905123920913394,0.46958322247998857,0.010050505050505051,0.3333333333333333,0.3333333333333333,1.387899531024531,-0.24116688434701775,0.21126292616591455,-0.8563252493980048,0.58182512618574,0.02274076689405874,0.3333333333333333,0.0,-0.3339505198670274,0.10633711944807483,-0.0673239241386338,0.2658128573066654,-0.11224190370575143,-0.012690261843553688
2025-06-12_Brazil_Cuba,2025-06-12,Cuba,Brazil,1,0.3333333333333333,0.3333333333333333,1.387899531024531,-0.24116688434701775,0.21126292616591455,-0.8563252493980048,0.58182512618574,0.02274076689405874,0.6666666666666666,0.3333333333333333,1.0539490111575036,-0.1348297648989429,0.14393900202728074,-0.5905123920913394,0.46958322247998857,0.010050505050505051,-0.3333333333333333,0.0,0.3339505198670274,-0.10633711944807483,0.0673239241386338,-0.2658128573066654,0.11224190370575143,0.012690261843553688
2025-06-12_Canada_Germany,2025-06-12,Canada,Germany,1,0.38461538461538464,0.6666666666666666,1.1853847151480852,-0.1774053872746885,0.15040005316321103,-0.5008180172653857,0.5971207804541138,0.0038703752295985304,0.32,0.6666666666666666,0.7564013185999685,-0.16120122293574765,0.23648401190690727,-0.6010687569511098,0.43392521856480665,0.008777992071145399,0.06461538461538463,0.0,0.4289833965481167,-0.01620416433894084,-0.08608395874369623,0.10025073968572418,0.16319556188930712,-0.004907616841546869
2025-06-12_Canada_Germany,2025-06-12,Germany,Canada,0,0.32,0.6666666666666666,0.7564013185999685,-0.16120122293574765,0.23648401190690727,-0.6010687569511098,0.43392521856480665,0.008777992071145399,0.38461538461538464,0.6666666666666666,1.1853847151480852,-0.1774053872746885,0.15040005316321103,-0.5008180172653857,0.5971207804541138,0.0038703752295985304,-0.06461538461538463,0.0,-0.4289833965481167,0.01620416433894084,0.08608395874369623,-0.10025073968572418,-0.16319556188930712,0.004907616841546869
2025-06-12_China_Serbia,2025-06-12,China,Serbia,1,0.17391304347826086,0.16666666666666666,1.0129597254597256,-0.1849105001985297,0.17757821702939283,-0.8053062678062678,0.6201597827459896,0.01931313536650615,0.5192307692307693,0.6666666666666666,1.2690696649029982,-0.18674677791414504,0.2445848221425911,-0.5973265382708107,0.6548309178743962,0.019530480719996846,-0.3453177257525084,-0.5,-0.25610993944327265,0.001836277715615342,-0.06700660511319828,-0.20797972953545707,-0.03467113512840658,-0.00021734535349069578
2025-06-12_China_Serbia,2025-06-12,Serbia,China,0,0.5192307692307693,0.6666666666666666,1.2690696649029982,-0.18674677791414504,0.2445848221425911,-0.5973265382708107,0.6548309178743962,0.019530480719996846,0.17391304347826086,0.16666666666666666,1.0129597254597256,-0.1849105001985297,0.17757821702939283,-0.8053062678062678,0.6201597827459896,0.01931313536650615,0.3453177257525084,0.5,0.25610993944327265,-0.001836277715615342,0.06700660511319828,0.20797972953545707,0.03467113512840658,0.00021734535349069578
2025-06-12_Cuba_Slovenia,2025-06-12,Cuba,Slovenia,0,0.3333333333333333,0.3333333333333333,1.387899531024531,-0.24116688434701775,0.21126292616591455,-0.8563252493980048,0.58182512618574,0.02274076689405874,0.6491228070175439,0.6666666666666666,0.9946245940010306,-0.11280641155836933,0.351566371689178,-0.8025023125023125,0.46223118279569886,0.029577504070267057,-0.31578947368421056,-0.3333333333333333,0.39327493702350036,-0.12836047278864843,-0.14030344552326343,-0.053822936895692286,0.11959394339004115,-0.006836737176208318
2025-06-12_Cuba_Slovenia,2025-06-12,Slovenia,Cuba,1,0.6491228070175439,0.6666666666666666,0.9946245940010306,-0.11280641155836933,0.351566371689178,-0.8025023125023125,0.46223118279569886,0.029577504070267057,0.3333333333333333,0.3333333333333333,1.387899531024531,-0.24116688434701775,0.21126292616591455,-0.8563252493980048,0.58182512618574,0.02274076689405874,0.31578947368421056,0.3333333333333333,-0.39327493702350036,0.12836047278864843,0.14030344552326343,0.053822936895692286,-0.11959394339004115,0.006836737176208318
2025-06-12_Germany_Italy,2025-06-12,Germany,Italy,0,0.32,0.6666666666666666,0.7564013185999685,-0.16120122293574765,0.23648401190690727,-0.6010687569511098,0.43392521856480665,0.008777992071145399,0.6440677966101694,0.5,1.2069743494316854,-0.23705193052387327,0.1437361419068736,-0.8604216425337113,0.5578428130511464,0.017964240531016074,-0.32406779661016943,0.16666666666666663,-0.45057303083171685,0.07585070758812562,0.09274787000003368,0.2593528855826015,-0.12391759448633971,-0.009186248459870676
2025-06-12_Germany_Italy,2025-06-12,Italy,Germany,1,0.6440677966101694,0.5,1.2069743494316854,-0.23705193052387327,0.1437361419068736,-0.8604216425337113,0.5578428130511464,0.017964240531016074,0.32,0.6666666666666666,0.7564013185999685,-0.16120122293574765,0.23648401190690727,-0.6010687569511098,0.43392521856480665,0.008777992071145399,0.32406779661016943,-0.16666666666666663,0.45057303083171685,-0.07585070758812562,-0.09274787000003368,-0.2593528855826015,0.12391759448633971,0.009186248459870676
2025-06-12_Japan_Poland,2025-06-12,Japan,Poland,0,0.6779661016949152,0.8333333333333334,0.9331817118862064,-0.08579454410021144,0.22210907133401725,-0.7289287101787102,0.39831428318270423,0.010165277168348691,0.8095238095238095,0.8333333333333334,1.2370900417412045,-0.1970646529803787,0.2508562294986682,-0.5772727272727273,0.5588771474477815,0.006833454679353603,-0.1315577078288943,0.0,-0.30390832985499816,0.11127010888016726,-0.028747158164650954,-0.15165598290598292,-0.16056286426507727,0.0033318224889950883
2025-06-12_Japan_Poland,2025-06-12,Poland,Japan,1,0.8095238095238095,0.8333333333333334,1.2370900417412045,-0.1970646529803787,0.2508562294986682,-0.5772727272727273,0.5588771474477815,0.006833454679353603,0.6779661016949152,0.8333333333333334,0.9331817118862064,-0.08579454410021144,0.22210907133401725,-0.7289287101787102,0.39831428318270423,0.010165277168348691,0.1315577078288943,0.0,0.30390832985499816,-0.11127010888016726,0.028747158164650954,0.15165598290598292,0.16056286426507727,-0.0033318224889950883
2025-06-13_Argentina_Bulgaria,2025-06-13,Argentina,Bulgaria,0,0.5185185185185185,0.5,0.9320782419247893,-0.1850531214497411,0.28931786350903993,-0.6508875519904931,0.4252090158340158,0.013754348536393166,0.17307692307692307,0.16666666666666666,0.6672630628478782,-0.30573732201639175,0.20847765096074858,-0.7265928515928515,0.8941965441965442,0.010155857214680744,0.3454415954415954,0.33333333333333337,0.2648151790769111,0.12068420056665066,0.08084021254829135,0.07570529960235839,-0.4689875283625283,0.003598491321712421
2025-06-13_Argentina_Bulgaria,2025-06-13,Bulgaria,Argentina,1,0.17307692307692307,0.16666666666666666,0.6672630628478782,-0.30573732201639175,0.20847765096074858,-0.7265928515928515,0.8941965441965442,0.010155857214680744,0.5185185185185185,0.5,0.9320782419247893,-0.1850531214497411,0.28931786350903993,-0.6508875519904931,0.4252090158340158,0.013754348536393166,-0.3454415954415954,-0.33333333333333337,-0.2648151790769111,-0.12068420056665066,-0.08084021254829135,-0.07570529960235839,0.4689875283625283,-0.003598491321712421
2025-06-13_Argentina_Canada,2025-06-13,Argentina,Canada,1,0.5185185185185185,0.5,0.9320782419247893,-0.1850531214497411,0.28931786350903993,-0.6508875519904931,0.4252090158340158,0.013754348536393166,0.39622641509433965,0.8333333333333334,1.0829541595925296,-0.16642977751859092,0.18154483430799218,-0.48597321294689705,0.484326167659501,0.008089784512298952,0.12229210342417884,-0.33333333333333337,-0.15087591766774033,-0.01862334393115017,0.10777302920104775,-0.16491433904359604,-0.05911715182548516,0.005664564024094213
2025-06-13_Argentina_Canada,2025-06-13,Canada,Argentina,0,0.39622641509433965,0.8333333333333334,1.0829541595925296,-0.16642977751859092,0.18154483430799218,-0.48597321294689705,0.484326167659501,0.008089784512298952,0.5185185185185185,0.5,0.9320782419247893,-0.1850531214497411,0.28931786350903993,-0.6508875519904931,0.4252090158340158,0.013754348536393166,-0.12229210342417884,0.33333333333333337,0.15087591766774033,0.01862334393115017,-0.10777302920104775,0.16491433904359604,0.05911715182548516,-0.005664564024094213
2025-06-13_Cuba_Ukraine,2025-06-13,Cuba,Ukraine,0,0.34615384615384615,0.3333333333333333,1.2877129808379808,-0.26409300971216754,0.23559949909119712,-0.901062091503268,0.52213791796912,0.015698513372931978,1.0,1.0,0.84375,-0.2075471698113207,0.0697674418604651,-0.7142857142857143,0.36363636363636365,0.0,-0.6538461538461539,-0.6666666666666667,0.4439629808379808,-0.05654583990084683,0.16583205723073202,-0.1867763772175537,0.15850155433275637,0.015698513372931978
2025-06-13_Cuba_Ukraine,2025-06-13,Ukraine,Cuba,1,1.0,1.0,0.84375,-0.2075471698113207,0.0697674418604651,-0.7142857142857143,0.36363636363636365,0.0,0.34615384615384615,0.3333333333333333,1.2877129808379808,-0.26409300971216754,0.23559949909119712,-0.901062091503268,0.52213791796912,0.015698513372931978,0.6538461538461539,0.6666666666666667,-0.4439629808379808,0.05654583990084683,-0.16583205723073202,0.1867763772175537,-0.15850155433275637,-0.015698513372931978
2025-06-13_Iran_USA,2025-06-13,Iran,USA,0,0.3018867924528302,0.3333333333333333,0.8971007063112326,-0.22165109209051184,0.263452646858244,-0.8987483530961793,0.4339133089133089,0.030502617129133092,0.38461538461538464,0.5,0.7789070801117601,-0.15739528339538197,0.12024727375339073,-0.4588039275539275,0.41432448940468186,0.011203703703703702,-0.08272859216255446,-0.16666666666666669,0.11819362619947249,-0.06425580869512987,0.14320537310485326,-0.43994442554225177,0.019588819508627064,0.01929891342542939
2025-06-13_Iran_USA,2025-06-13,USA,Iran,1,0.38461538461538464,0.5,0.7789070801117601,-0.15739528339538197,0.12024727375339073,-0.4588039275539275,0.41432448940468186,0.011203703703703702,0.3018867924528302,0.3333333333333333,0.8971007063112326,-0.22165109209051184,0.263452646858244,-0.8987483530961793,0.4339133089133089,0.030502617129133092,0.08272859216255446,0.16666666666666669,-0.11819362619947249,0.06425580869512987,-0.14320537310485326,0.43994442554225177,-0.019588819508627064,-0.01929891342542939
2025-06-13_Japan_Serbia,2025-06-13,Japan,Serbia,1,0.6666666666666666,0.6666666666666666,0.9907213944258889,-0.09276622166012427,0.2808689848163532,-0.7046231546231546,0.45942539429381535,0.014794906797978319,0.5094339622641509,0.5,1.148258377425044,-0.21908897927043092,0.22932990443885762,-0.450267714741399,0.6918679549114332,0.02007160626112239,0.1572327044025157,0.16666666666666663,-0.1575369829991552,0.12632275761030665,0.05153908037749558,-0.25435543988175563,-0.2324425606176178,-0.005276699463144071
2025-06-13_Japan_Serbia,2025-06-13,Serbia,Japan,0,0.5094339622641509,0.5,1.148258377425044,-0.21908897927043092,0.22932990443885762,-0.450267714741399,0.6918679549114332,0.02007160626112239,0.6666666666666666,0.6666666666666666,0.9907213944258889,-0.09276622166012427,0.2808689848163532,-0.7046231546231546,0.45942539429381535,0.014794906797978319,-0.1572327044025157,-0.16666666666666663,0.1575369829991552,-0.12632275761030665,-0.05153908037749558,0.25435543988175563,0.2324425606176178,0.005276699463144071
2025-06-13_Netherlands_Türkiye,2025-06-13,Netherlands,Türkiye,1,0.32075471698113206,0.0,0.7126889405451665,-0.202612980618074,0.16179202348778196,-0.5101010101010102,0.6431348001806405,0.011169194655110147,0.07692307692307693,0.0,0.7386878718560697,-0.12288456091422327,0.12487281869269445,-0.6414877520140678,0.5067386747225456,0.014433234931644265,0.24383164005805513,0.0,-0.02599893131090314,-0.07972841970385074,0.03691920479508751,0.13138674191305766,0.13639612545809487,-0.003264040276534118
2025-06-13_Netherlands_Türkiye,2025-06-13,Türkiye,Netherlands,0,0.07692307692307693,0.0,0.7386878718560697,-0.12288456091422327,0.12487281869269445,-0.6414877520140678,0.5067386747225456,0.014433234931644265,0.32075471698113206,0.0,0.7126889405451665,-0.202612980618074,0.16179202348778196,-0.5101010101010102,0.6431348001806405,0.011169194655110147,-0.24383164005805513,0.0,0.02599893131090314,0.07972841970385074,-0.03691920479508751,-0.13138674191305766,-0.13639612545809487,0.003264040276534118
2025-06-14_Brazil_Ukraine,2025-06-14,Brazil,Ukraine,1,0.6551724137931034,0.16666666666666666,1.0064312806610498,-0.1287691588383368,0.1783004738887526,-0.7427066031090798,0.4761543096962371,0.010050505050505051,1.0,1.0,0.7239583333333333,-0.21710691823899364,0.1235933983495874,-0.5413533834586466,0.5641711229946524,0.005434782608695652,-0.3448275862068966,-0.8333333333333334,0.28247294732771655,0.08833775940065683,0.05470707553916519,-0.20135321965043318,-0.08801681329841532,0.004615722441809399
2025-06-14_Brazil_Ukraine,2025-06-14,Ukraine,Brazil,0,1.0,1.0,0.7239583333333333,-0.21710691823899364,0.1235933983495874,-0.5413533834586466,0.5641711229946524,0.005434782608695652,0.6551724137931034,0.16666666666666666,1.0064312806610498,-0.1287691588383368,0.1783004738887526,-0.7427066031090798,0.4761543096962371,0.010050505050505051,0.3448275862068966,0.8333333333333334,-0.28247294732771655,-0.08833775940065683,-0.05470707553916519,0.20135321965043318,0.08801681329841532,-0.004615722441809399
2025-06-14_Canada_France,2025-06-14,Canada,France,0,0.3888888888888889,0.6666666666666666,1.0164336917562726,-0.16816843948352386,0.1785623781676413,-0.4105763875500717,0.45676206509539846,0.0058375322600467,0.6666666666666666,0.6666666666666666,0.9939251282552931,-0.265745599264869,0.2343890286054465,-0.6220930125049119,0.5573691161231693,0.008478327228327228,-0.27777777777777773,0.0,0.022508563500979517,0.09757715978134515,-0.055826650437805186,0.2115166249548402,-0.10060705102777084,-0.002640794968280528
2025-06-14_Canada_France,2025-06-14,France,Canada,1,0.6666666666666666,0.6666666666666666,0.9939251282552931,-0.265745599264869,0.2343890286054465,-0.6220930125049119,0.5573691161231693,0.008478327228327228,0.3888888888888889,0.6666666666666666,1.0164336917562726,-0.16816843948352386,0.1785623781676413,-0.4105763875500717,0.45676206509539846,0.0058375322600467,0.27777777777777773,0.0,-0.022508563500979517,-0.09757715978134515,0.055826650437805186,-0.2115166249548402,0.10060705102777084,0.002640794968280528
2025-06-14_China_Netherlands,2025-06-14,China,Netherlands,1,0.20833333333333334,0.16666666666666666,0.7823310704889651,-0.18338656323748304,0.16709944557501163,-0.7412037037037037,0.48756719015339706,0.026257579810950598,0.3333333333333333,0.16666666666666666,0.7922343950906209,-0.18605315155824495,0.1889850059439223,-0.46185539606592235,0.5786384856843261,0.006474358974358975,-0.12499999999999997,0.0,-0.009903324601655772,0.0026665883207619145,-0.021885560368910678,-0.27934830763778135,-0.09107129553092902,0.019783220836591623
2025-06-14_China_Netherlands,2025-06-14,Netherlands,China,0,0.3333333333333333,0.16666666666666666,0.7922343950906209,-0.18605315155824495,0.1889850059439223,-0.46185539606592235,0.5786384856843261,0.006474358974358975,0.20833333333333334,0.16666666666666666,0.7823310704889651,-0.18338656323748304,0.16709944557501163,-0.7412037037037037,0.48756719015339706,0.026257579810950598,0.12499999999999997,0.0,0.009903324601655772,-0.0026665883207619145,0.021885560368910678,0.27934830763778135,0.09107129553092902,-0.019783220836591623
2025-06-14_France_Italy,2025-06-14,France,Italy,1,0.6666666666666666,0.6666666666666666,0.9939251282552931,-0.265745599264869,0.2343890286054465,-0.6220930125049119,0.5573691161231693,0.008478327228327228,0.65,0.6666666666666666,1.123116907083677,-0.22378242519087588,0.12098481915555082,-0.7279811663432353,0.4973015025098358,0.015919642741737437,0.016666666666666607,0.0,-0.12919177882838395,-0.04196317407399314,0.11340420944989568,0.1058881538383234,0.060067613613333515,-0.007441315513410209
2025-06-14_France_Italy,2025-06-14,Italy,France,0,0.65,0.6666666666666666,1.123116907083677,-0.22378242519087588,0.12098481915555082,-0.7279811663432353,0.4973015025098358,0.015919642741737437,0.6666666666666666,0.6666666666666666,0.9939251282552931,-0.265745599264869,0.2343890286054465,-0.6220930125049119,0.5573691161231693,0.008478327228327228,-0.016666666666666607,0.0,0.12919177882838395,0.04196317407399314,-0.11340420944989568,-0.1058881538383234,-0.060067613613333515,0.007441315513410209
2025-06-14_Iran_Slovenia,2025-06-14,Iran,Slovenia,0,0.2962962962962963,0.3333333333333333,0.8851959444064708,-0.2171726937764971,0.23346621537927517,-0.9941009171987435,0.4534535387983664,0.0322387282402442,0.6551724137931034,0.6666666666666666,0.9865437859202224,-0.11177281982710319,0.29069680647178675,-0.6689044289044288,0.43333333333333335,0.029577504070267057,-0.35887611749680715,-0.3333333333333333,-0.10134784151375165,-0.1053998739493939,-0.05723059109251158,-0.3251964882943147,0.02012020546503307,0.0026612241699771437
2025-06-14_Iran_Slovenia,2025-06-14,Slovenia,Iran,1,0.6551724137931034,0.6666666666666666,0.9865437859202224,-0.11177281982710319,0.29069680647178675,-0.6689044289044288,0.43333333333333335,0.029577504070267057,0.2962962962962963,0.3333333333333333,0.8851959444064708,-0.2171726937764971,0.23346621537927517,-0.9941009171987435,0.4534535387983664,0.0322387282402442,0.35887611749680715,0.3333333333333333,0.10134784151375165,0.1053998739493939,0.05723059109251158,0.3251964882943147,-0.02012020546503307,-0.0026612241699771437
2025-06-14_Poland_Türkiye,2025-06-14,Poland,Türkiye,1,0.8125,0.8333333333333334,1.2018654554527883,-0.2183736331934685,0.2345603668913302,-0.5983253588516746,0.5606132585588927,0.004486036838978015,0.07142857142857142,0.0,0.7894589819492136,-0.12756746163672797,0.11710884353741492,-0.6809614362245942,0.504151830672287,0.015434939961482286,0.7410714285714286,0.8333333333333334,0.41240647350357473,-0.09080617155674053,0.11745152335391527,0.08263607737291956,0.056461427886605686,-0.01094890312250427
2025-06-14_Poland_Türkiye,2025-06-14,Türkiye,Poland,0,0.07142857142857142,0.0,0.7894589819492136,-0.12756746163672797,0.11710884353741492,-0.6809614362245942,0.504151830672287,0.015434939961482286,0.8125,0.8333333333333334,1.2018654554527883,-0.2183736331934685,0.2345603668913302,-0.5983253588516746,0.5606132585588927,0.004486036838978015,-0.7410714285714286,-0.8333333333333334,-0.41240647350357473,0.09080617155674053,-0.11745152335391527,-0.08263607737291956,-0.056461427886605686,0.01094890312250427
2025-06-14_Slovenia_USA,2025-06-14,Slovenia,USA,1,0.6551724137931034,0.6666666666666666,0.9865437859202224,-0.11177281982710319,0.29069680647178675,-0.6689044289044288,0.43333333333333335,0.029577504070267057,0.42857142857142855,0.5,0.7856853895216486,-0.18689089743046972,0.07327500437025548,-0.43481402856402857,0.4002151419620011,0.011203703703703702,0.22660098522167488,0.16666666666666663,0.20085839639857384,0.07511807760336653,0.21742180210153128,-0.23409040034040024,0.03311819137133226,0.018373800366563355
2025-06-14_Slovenia_USA,2025-06-14,USA,Slovenia,0,0.42857142857142855,0.5,0.7856853895216486,-0.18689089743046972,0.07327500437025548,-0.43481402856402857,0.4002151419620011,0.011203703703703702,0.6551724137931034,0.6666666666666666,0.9865437859202224,-0.11177281982710319,0.29069680647178675,-0.6689044289044288,0.43333333333333335,0.029577504070267057,-0.22660098522167488,-0.16666666666666663,-0.20085839639857384,-0.07511807760336653,-0.21742180210153128,0.23409040034040024,-0.03311819137133226,-0.018373800366563355
2025-06-15_Argentina_Italy,2025-06-15,Argentina,Italy,0,0.5178571428571429,0.5,0.9068122371562756,-0.21891110413341294,0.17142008936126582,-0.6804330065359476,0.4862764206514207,0.015229274790080481,0.639344262295082,0.5,1.0319404364954419,-0.21521852532262817,0.10886360703433869,-0.6988806372427062,0.42091261362094695,0.014083893949466901,-0.1214871194379391,0.0,-0.1251281993391663,-0.0036925788107847746,0.06255648232692713,0.01844763070675859,0.06536380703047373,0.0011453808406135801
2025-06-15_Argentina_Italy,2025-06-15,Italy,Argentina,1,0.639344262295082,0.5,1.0319404364954419,-0.21521852532262817,0.10886360703433869,-0.6988806372427062,0.42091261362094695,0.014083893949466901,0.5178571428571429,0.5,0.9068122371562756,-0.21891110413341294,0.17142008936126582,-0.6804330065359476,0.4862764206514207,0.015229274790080481,0.1214871194379391,0.0,0.1251281993391663,0.0036925788107847746,-0.06255648232692713,-0.01844763070675859,-0.06536380703047373,-0.0011453808406135801
2025-06-15_Brazil_Slovenia,2025-06-15,Brazil,Slovenia,1,0.6610169491525424,0.3333333333333333,0.9892211357335136,-0.11543376598487166,0.19055899162672238,-0.837882041705571,0.5118302177125706,0.007034632034632035,0.6666666666666666,0.6666666666666666,0.8155547476429735,-0.13198265814839658,0.18593029541768688,-0.4442291042291042,0.4385521885521886,0.02621770347411123,-0.005649717514124242,-0.3333333333333333,0.17366638809054002,0.01654889216352491,0.004628696209035499,-0.3936529374764668,0.07327802916038206,-0.019183071439479196
2025-06-15_Brazil_Slovenia,2025-06-15,Slovenia,Brazil,0,0.6666666666666666,0.6666666666666666,0.8155547476429735,-0.13198265814839658,0.18593029541768688,-0.4442291042291042,0.4385521885521886,0.02621770347411123,0.6610169491525424,0.3333333333333333,0.9892211357335136,-0.11543376598487166,0.19055899162672238,-0.837882041705571,0.5118302177125706,0.007034632034632035,0.005649717514124242,0.3333333333333333,-0.17366638809054002,-0.01654889216352491,-0.004628696209035499,0.3936529374764668,-0.07327802916038206,0.019183071439479196
2025-06-15_Bulgaria_Canada,2025-06-15,Bulgaria,Canada,0,0.18867924528301888,0.3333333333333333,0.7554040884889037,-0.2782932112389476,0.21360760992107689,-0.6432595182595182,0.885863210863211,0.01313204769087122,0.38181818181818183,0.5,0.9188146441372247,-0.17908961707136806,0.23914351851851853,-0.5386716256453098,0.572167325428195,0.008030514716187051,-0.19313893653516295,-0.16666666666666669,-0.16341055564832097,-0.09920359416757957,-0.025535908597441648,-0.10458789261420842,0.3136958854350159,0.005101532974684169
2025-06-15_Bulgaria_Canada,2025-06-15,Canada,Bulgaria,1,0.38181818181818183,0.5,0.9188146441372247,-0.17908961707136806,0.23914351851851853,-0.5386716256453098,0.572167325428195,0.008030514716187051,0.18867924528301888,0.3333333333333333,0.7554040884889037,-0.2782932112389476,0.21360760992107689,-0.6432595182595182,0.885863210863211,0.01313204769087122,0.19313893653516295,0.16666666666666669,0.16341055564832097,0.09920359416757957,0.025535908597441648,0.10458789261420842,-0.3136958854350159,-0.005101532974684169
2025-06-15_Bulgaria_Germany,2025-06-15,Bulgaria,Germany,1,0.18867924528301888,0.3333333333333333,0.7554040884889037,-0.2782932112389476,0.21360760992107689,-0.6432595182595182,0.885863210863211,0.01313204769087122,0.3076923076923077,0.3333333333333333,0.6773109645096144,-0.18496270180592211,0.229759653620049,-0.5421478167801698,0.4454573934837092,0.006000214293367621,-0.11901306240928883,0.0,0.07809312397928936,-0.09333050943302551,-0.016152043698972107,-0.10111170147934845,0.44040581737950174,0.007131833397503599
2025-06-15_Bulgaria_Germany,2025-06-15,Germany,Bulgaria,0,0.3076923076923077,0.3333333333333333,0.6773109645096144,-0.18496270180592211,0.229759653620049,-0.5421478167801698,0.4454573934837092,0.006000214293367621,0.18867924528301888,0.3333333333333333,0.7554040884889037,-0.2782932112389476,0.21360760992107689,-0.6432595182595182,0.885863210863211,0.01313204769087122,0.11901306240928883,0.0,-0.07809312397928936,0.09333050943302551,0.016152043698972107,0.10111170147934845,-0.44040581737950174,-0.007131833397503599
2025-06-15_China_Türkiye,2025-06-15,China,Türkiye,0,0.24,0.3333333333333333,0.8027333693395399,-0.15394405452668164,0.2167554805969003,-0.878458605664488,0.5243487993487993,0.024636743683072216,0.06666666666666667,0.0,0.8630700930603248,-0.1668730171922835,0.1300718065003779,-0.7469493698595865,0.5915392180596744,0.01136989931107578,0.17333333333333334,0.3333333333333333,-0.06033672372078491,0.012928962665601867,0.08668367409652242,-0.13150923580490148,-0.06719041871087506,0.013266844371996435
2025-06-15_China_Türkiye,2025-06-15,Türkiye,China,1,0.06666666666666667,0.0,0.8630700930603248,-0.1668730171922835,0.1300718065003779,-0.7469493698595865,0.5915392180596744,0.01136989931107578,0.24,0.3333333333333333,0.8027333693395399,-0.15394405452668164,0.2167554805969003,-0.878458605664488,0.5243487993487993,0.024636743683072216,-0.17333333333333334,-0.3333333333333333,0.06033672372078491,-0.012928962665601867,-0.08668367409652242,0.13150923580490148,0.06719041871087506,-0.013266844371996435
2025-06-15_Cuba_USA,2025-06-15,Cuba,USA,0,0.3333333333333333,0.3333333333333333,1.2215290377485497,-0.22450569156459899,0.24818746618407053,-0.9310185185185186,0.5408932461873638,0.015200926668448722,0.4,0.5,0.7438845895996896,-0.18859381986509946,0.02814351894026258,-0.41821121885777063,0.45654589131600626,0.00941358024691358,-0.06666666666666671,-0.16666666666666669,0.4776444481488601,-0.035911871699499526,0.22004394724380796,-0.512807299660748,0.08434735487135753,0.005787346421535142
2025-06-15_Cuba_USA,2025-06-15,USA,Cuba,1,0.4,0.5,0.7438845895996896,-0.18859381986509946,0.02814351894026258,-0.41821121885777063,0.45654589131600626,0.00941358024691358,0.3333333333333333,0.3333333333333333,1.2215290377485497,-0.22450569156459899,0.24818746618407053,-0.9310185185185186,0.5408932461873638,0.015200926668448722,0.06666666666666671,0.16666666666666669,-0.4776444481488601,0.035911871699499526,-0.22004394724380796,0.512807299660748,-0.08434735487135753,-0.005787346421535142
2025-06-15_France_Germany,2025-06-15,France,Germany,0,0.6774193548387096,0.8333333333333334,1.1146678214046573,-0.23797733442468635,0.25935797844953506,-0.7558585858585859,0.6091552571028588,0.01376028806584362,0.3076923076923077,0.3333333333333333,0.6773109645096144,-0.18496270180592211,0.229759653620049,-0.5421478167801698,0.4454573934837092,0.006000214293367621,0.3697270471464019,0.5,0.4373568568950429,-0.05301463261876424,0.029598324829486072,-0.21371076907841613,0.16369786361914956,0.007760073772475998
2025-06-15_France_Germany,2025-06-15,Germany,France,1,0.3076923076923077,0.3333333333333333,0.6773109645096144,-0.18496270180592211,0.229759653620049,-0.5421478167801698,0.4454573934837092,0.006000214293367621,0.6774193548387096,0.8333333333333334,1.1146678214046573,-0.23797733442468635,0.25935797844953506,-0.7558585858585859,0.6091552571028588,0.01376028806584362,-0.3697270471464019,-0.5,-0.4373568568950429,0.05301463261876424,-0.029598324829486072,0.21371076907841613,-0.16369786361914956,-0.007760073772475998
2025-06-15_Iran_Ukraine,2025-06-15,Iran,Ukraine,1,0.2909090909090909,0.16666666666666666,0.8418339934297382,-0.1961745348473037,0.1854436165092187,-0.9932591663569924,0.4652345505793782,0.03237779095752969,0.6666666666666666,0.6666666666666666,0.828792735042735,-0.19235699311171003,0.14300165950578553,-0.5275689223057644,0.5546855105678635,0.007499157398045163,-0.37575757575757573,-0.5,0.013041258387003207,-0.003817541735593677,0.04244195700343317,-0.46569024405122805,-0.08945095998848535,0.02487863355948453
2025-06-15_Iran_Ukraine,2025-06-15,Ukraine,Iran,0,0.6666666666666666,0.6666666666666666,0.828792735042735,-0.19235699311171003,0.14300165950578553,-0.5275689223057644,0.5546855105678635,0.007499157398045163,0.2909090909090909,0.16666666666666666,0.8418339934297382,-0.1961745348473037,0.1854436165092187,-0.9932591663569924,0.4652345505793782,0.03237779095752969,0.37575757575757573,0.5,-0.013041258387003207,0.003817541735593677,-0.04244195700343317,0.46569024405122805,0.08945095998848535,-0.02487863355948453
2025-06-15_Japan_Netherlands,2025-06-15,Japan,Netherlands,1,0.6721311475409836,0.6666666666666666,1.1016863067065907,-0.10391388247883772,0.3466833787557471,-0.7551282051282051,0.4538698387382598,0.014794906797978319,0.32727272727272727,0.16666666666666666,0.8481561705245916,-0.1886501991252214,0.23316627351908994,-0.6424109516214779,0.545966856238503,0.008531972143083254,0.3448584202682563,0.5,0.25353013618199916,0.08473631664638369,0.11351710523665717,-0.11271725350672723,-0.09209701750024324,0.006262934654895065
2025-06-15_Japan_Netherlands,2025-06-15,Netherlands,Japan,0,0.32727272727272727,0.16666666666666666,0.8481561705245916,-0.1886501991252214,0.23316627351908994,-0.6424109516214779,0.545966856238503,0.008531972143083254,0.6721311475409836,0.6666666666666666,1.1016863067065907,-0.10391388247883772,0.3466833787557471,-0.7551282051282051,0.4538698387382598,0.014794906797978319,-0.3448584202682563,-0.5,-0.25353013618199916,-0.08473631664638369,-0.11351710523665717,0.11271725350672723,0.09209701750024324,-0.006262934654895065
2025-06-15_Poland_Serbia,2025-06-15,Poland,Serbia,1,0.8153846153846154,0.8333333333333334,1.0166802702676032,-0.18868492155061925,0.18993794126203956,-0.6523026315789474,0.5953354807811148,0.014289958407605467,0.5,0.3333333333333333,1.2288301772950898,-0.2497816199630716,0.20504419015314332,-0.49344953292321714,0.7710346215780999,0.02007160626112239,0.3153846153846154,0.5,-0.2121499070274866,0.061096698412452355,-0.015106248891103763,-0.15885309865573027,-0.17569914079698512,-0.005781647853516923
2025-06-15_Poland_Serbia,2025-06-15,Serbia,Poland,0,0.5,0.3333333333333333,1.2288301772950898,-0.2497816199630716,0.20504419015314332,-0.49344953292321714,0.7710346215780999,0.02007160626112239,0.8153846153846154,0.8333333333333334,1.0166802702676032,-0.18868492155061925,0.18993794126203956,-0.6523026315789474,0.5953354807811148,0.014289958407605467,-0.3153846153846154,-0.5,0.2121499070274866,-0.061096698412452355,0.015106248891103763,0.15885309865573027,0.17569914079698512,0.005781647853516923
2025-06-25_Argentina_Netherlands,2025-06-25,Argentina,Netherlands,1,0.5087719298245614,0.5,0.8723919473012032,-0.22539091124613145,0.1879085029085029,-0.5390188651218063,0.4558842637886756,0.009680286085063406,0.32142857142857145,0.16666666666666666,0.8034328758012967,-0.23610260674000302,0.31777284341977746,-0.4189261031366294,0.5345289477417711,0.006865305476416588,0.18734335839598998,0.33333333333333337,0.06895907149990643,0.010711695493871576,-0.12986434051127457,-0.12009276198517688,-0.07864468395309548,0.0028149806086468178
2025-06-25_Argentina_Netherlands,2025-06-25,Netherlands,Argentina,0,0.32142857142857145,0.16666666666666666,0.8034328758012967,-0.23610260674000302,0.31777284341977746,-0.4189261031366294,0.5345289477417711,0.006865305476416588,0.5087719298245614,0.5,0.8723919473012032,-0.22539091124613145,0.1879085029085029,-0.5390188651218063,0.4558842637886756,0.009680286085063406,-0.18734335839598998,-0.33333333333333337,-0.06895907149990643,-0.010711695493871576,0.12986434051127457,0.12009276198517688,0.07864468395309548,-0.0028149806086468178
2025-06-25_Brazil_Canada,2025-06-25,Brazil,Canada,1,0.6666666666666666,0.5,1.1101236474406229,-0.10726968792832048,0.23181076972060577,-0.8406598194833489,0.52108947697183,0.009958608642819168,0.39285714285714285,0.5,0.8632590885816692,-0.14423086000922117,0.2560085978835979,-0.42260019707388125,0.5855006587615285,0.008030514716187051,0.2738095238095238,0.0,0.24686455885895364,0.03696117208090069,-0.024197828162992152,-0.41805962240946765,-0.06441118178969851,0.001928093926632117
2025-06-25_Brazil_Canada,2025-06-25,Canada,Brazil,0,0.39285714285714285,0.5,0.8632590885816692,-0.14423086000922117,0.2560085978835979,-0.42260019707388125,0.5855006587615285,0.008030514716187051,0.6666666666666666,0.5,1.1101236474406229,-0.10726968792832048,0.23181076972060577,-0.8406598194833489,0.52108947697183,0.009958608642819168,-0.2738095238095238,0.0,-0.24686455885895364,-0.03696117208090069,0.024197828162992152,0.41805962240946765,0.06441118178969851,-0.001928093926632117
2025-06-25_Bulgaria_Japan,2025-06-25,Bulgaria,Japan,1,0.2,0.3333333333333333,0.8587531580795339,-0.28298676330092076,0.20117018434211162,-0.5434218559218559,0.8242704826038162,0.00921047906342024,0.6774193548387096,0.6666666666666666,1.127990462321091,-0.11488375065209572,0.4136025706749391,-0.8200854700854702,0.4327058175742386,0.014794906797978319,-0.4774193548387096,-0.3333333333333333,-0.2692373042415571,-0.16810301264882505,-0.2124323863328275,0.2766636141636143,0.3915646650295776,-0.005584427734558079
2025-06-25_Bulgaria_Japan,2025-06-25,Japan,Bulgaria,0,0.6774193548387096,0.6666666666666666,1.127990462321091,-0.11488375065209572,0.4136025706749391,-0.8200854700854702,0.4327058175742386,0.014794906797978319,0.2,0.3333333333333333,0.8587531580795339,-0.28298676330092076,0.20117018434211162,-0.5434218559218559,0.8242704826038162,0.00921047906342024,0.4774193548387096,0.3333333333333333,0.2692373042415571,0.16810301264882505,0.2124323863328275,-0.2766636141636143,-0.3915646650295776,0.005584427734558079
2025-06-25_Cuba_Germany,2025-06-25,Cuba,Germany,1,0.32142857142857145,0.3333333333333333,1.1453385615580738,-0.2130783933725949,0.25517159316819754,-0.7993945868945868,0.49745238597231006,0.01195107574417919,0.3148148148148148,0.3333333333333333,0.6899490874958637,-0.21365667939695854,0.21722468382404977,-0.3695434866805834,0.4427965747702589,0.0,0.006613756613756627,0.0,0.4553894740622101,0.0005782860243636334,0.03794690934414777,-0.42985110021400336,0.05465581120205115,0.01195107574417919
2025-06-25_Cuba_Germany,2025-06-25,Germany,Cuba,0,0.3148148148148148,0.3333333333333333,0.6899490874958637,-0.21365667939695854,0.21722468382404977,-0.3695434866805834,0.4427965747702589,0.0,0.32142857142857145,0.3333333333333333,1.1453385615580738,-0.2130783933725949,0.25517159316819754,-0.7993945868945868,0.49745238597231006,0.01195107574417919,-0.006613756613756627,0.0,-0.4553894740622101,-0.0005782860243636334,-0.03794690934414777,0.42985110021400336,-0.05465581120205115,-0.01195107574417919
2025-06-25_France_Ukraine,2025-06-25,France,Ukraine,1,0.6666666666666666,0.6666666666666666,1.038807523510461,-0.26572787908699574,0.2884464072731589,-0.6854320987654322,0.5569714794511286,0.0102880658436214,0.5,0.5,0.8604834401709401,-0.1994625500285877,0.17710418580580972,-0.5762322472848789,0.4841959511077158,0.0056243680485338725,0.16666666666666663,0.16666666666666663,0.17832408333952088,-0.06626532905840804,0.11134222146734918,-0.10919985148055333,0.07277552834341278,0.004663697795087527
2025-06-25_France_Ukraine,2025-06-25,Ukraine,France,0,0.5,0.5,0.8604834401709401,-0.1994625500285877,0.17710418580580972,-0.5762322472848789,0.4841959511077158,0.0056243680485338725,0.6666666666666666,0.6666666666666666,1.038807523510461,-0.26572787908699574,0.2884464072731589,-0.6854320987654322,0.5569714794511286,0.0102880658436214,-0.16666666666666663,-0.16666666666666663,-0.17832408333952088,0.06626532905840804,-0.11134222146734918,0.10919985148055333,-0.07277552834341278,-0.004663697795087527
2025-06-25_Iran_Serbia,2025-06-25,Iran,Serbia,1,0.30357142857142855,0.16666666666666666,0.8271281110767968,-0.19237603087348418,0.20584404940965154,-1.034925833023659,0.45868693153175916,0.03649301729497825,0.4909090909090909,0.16666666666666666,1.0708936693585815,-0.26887884218529384,0.21067531491546596,-0.5410685805422647,0.8368240952623104,0.014652592777592779,-0.18733766233766236,0.0,-0.2437655582817847,0.07650281131180967,-0.004831265505814419,-0.49385725248139434,-0.37813716373055123,0.021840424517385472
2025-06-25_Iran_Serbia,2025-06-25,Serbia,Iran,0,0.4909090909090909,0.16666666666666666,1.0708936693585815,-0.26887884218529384,0.21067531491546596,-0.5410685805422647,0.8368240952623104,0.014652592777592779,0.30357142857142855,0.16666666666666666,0.8271281110767968,-0.19237603087348418,0.20584404940965154,-1.034925833023659,0.45868693153175916,0.03649301729497825,0.18733766233766236,0.0,0.2437655582817847,-0.07650281131180967,0.004831265505814419,0.49385725248139434,0.37813716373055123,-0.021840424517385472
2025-06-25_Italy_Poland,2025-06-25,Italy,Poland,1,0.6451612903225806,0.6666666666666666,1.0509219179769231,-0.1772555623596652,0.16025733525733524,-0.4697139705760396,0.40211562113974403,0.01081592009325775,0.8181818181818182,0.8333333333333334,1.0535552702676032,-0.18424396021310618,0.22261767982413105,-0.576905806182122,0.5670995987221442,0.01793754538852578,-0.1730205278592376,-0.16666666666666674,-0.002633352290680069,0.006988397853440992,-0.06236034456679582,0.10719183560608236,-0.1649839775824002,-0.00712162529526803
2025-06-25_Italy_Poland,2025-06-25,Poland,Italy,0,0.8181818181818182,0.8333333333333334,1.0535552702676032,-0.18424396021310618,0.22261767982413105,-0.576905806182122,0.5670995987221442,0.01793754538852578,0.6451612903225806,0.6666666666666666,1.0509219179769231,-0.1772555623596652,0.16025733525733524,-0.4697139705760396,0.40211562113974403,0.01081592009325775,0.1730205278592376,0.16666666666666674,0.002633352290680069,-0.006988397853440992,0.06236034456679582,-0.10719183560608236,0.1649839775824002,0.00712162529526803
2025-06-25_Slovenia_Türkiye,2025-06-25,Slovenia,Türkiye,1,0.6557377049180327,0.5,0.8639268406662296,-0.14840067774763602,0.22164458113197258,-0.6625624375624376,0.5673400673400674,0.02604287829928606,0.125,0.16666666666666666,0.9713356757161513,-0.15793934080577693,0.14367724867724863,-0.7219493698595866,0.5865789005993569,0.004703232644409115,0.5307377049180327,0.33333333333333337,-0.10740883504992171,0.009538663058140912,0.07796733245472395,0.059386932297148975,-0.019238833259289545,0.021339645654876945
2025-06-25_Slovenia_Türkiye,2025-06-25,Türkiye,Slovenia,0,0.125,0.16666666666666666,0.9713356757161513,-0.15793934080577693,0.14367724867724863,-0.7219493698595866,0.5865789005993569,0.004703232644409115,0.6557377049180327,0.5,0.8639268406662296,-0.14840067774763602,0.22164458113197258,-0.6625624375624376,0.5673400673400674,0.02604287829928606,-0.5307377049180327,-0.33333333333333337,0.10740883504992171,-0.009538663058140912,-0.07796733245472395,-0.059386932297148975,0.019238833259289545,-0.021339645654876945
2025-06-26_Brazil_China,2025-06-26,Brazil,China,1,0.6721311475409836,0.6666666666666666,1.271234758551734,-0.1127788064693539,0.2904488529488529,-0.8273264861500156,0.6009505880829411,0.009958608642819168,0.23076923076923078,0.3333333333333333,0.7888444804506509,-0.18072976881239589,0.19166022373183658,-0.9131808278867103,0.5137667887667888,0.021164521460849992,0.4413619167717528,0.3333333333333333,0.48239027810108315,0.06795096234304199,0.09878862921701634,0.0858543417366947,0.08718379931615228,-0.011205912818030824
2025-06-26_Brazil_China,2025-06-26,China,Brazil,0,0.23076923076923078,0.3333333333333333,0.7888444804506509,-0.18072976881239589,0.19166022373183658,-0.9131808278867103,0.5137667887667888,0.021164521460849992,0.6721311475409836,0.6666666666666666,1.271234758551734,-0.1127788064693539,0.2904488529488529,-0.8273264861500156,0.6009505880829411,0.009958608642819168,-0.4413619167717528,-0.3333333333333333,-0.48239027810108315,-0.06795096234304199,-0.09878862921701634,-0.0858543417366947,-0.08718379931615228,0.011205912818030824
2025-06-26_China_USA,2025-06-26,China,USA,0,0.23076923076923078,0.3333333333333333,0.7888444804506509,-0.18072976881239589,0.19166022373183658,-0.9131808278867103,0.5137667887667888,0.021164521460849992,0.4375,0.5,0.7072927092578093,-0.18627574474772854,0.04809048077584427,-0.3023382029847547,0.49982286394080494,0.009923624189160913,-0.20673076923076922,-0.16666666666666669,0.08155177119284163,0.005545975935332653,0.1435697429559923,-0.6108426249019556,0.013943924825983889,0.011240897271689079
2025-06-26_China_USA,2025-06-26,USA,China,1,0.4375,0.5,0.7072927092578093,-0.18627574474772854,0.04809048077584427,-0.3023382029847547,0.49982286394080494,0.009923624189160913,0.23076923076923078,0.3333333333333333,0.7888444804506509,-0.18072976881239589,0.19166022373183658,-0.9131808278867103,0.5137667887667888,0.021164521460849992,0.20673076923076922,0.16666666666666669,-0.08155177119284163,-0.005545975935332653,-0.1435697429559923,0.6108426249019556,-0.013943924825983889,-0.011240897271689079
2025-06-26_Cuba_Serbia,2025-06-26,Cuba,Serbia,1,0.3448275862068966,0.3333333333333333,0.8032842979921825,-0.19594876374296524,0.21834175633836073,-0.7044871794871795,0.5189739074938315,0.01195107574417919,0.48214285714285715,0.16666666666666666,1.1251264735913857,-0.25901968725571634,0.1370319040627528,-0.5846291866028709,0.6846501822188321,0.009444259444259443,-0.13731527093596058,0.16666666666666666,-0.32184217559920325,0.06307092351275109,0.08130985227560791,-0.11985799288430865,-0.16567627472500057,0.0025068162999197473
2025-06-26_Cuba_Serbia,2025-06-26,Serbia,Cuba,0,0.48214285714285715,0.16666666666666666,1.1251264735913857,-0.25901968725571634,0.1370319040627528,-0.5846291866028709,0.6846501822188321,0.009444259444259443,0.3448275862068966,0.3333333333333333,0.8032842979921825,-0.19594876374296524,0.21834175633836073,-0.7044871794871795,0.5189739074938315,0.01195107574417919,0.13731527093596058,-0.16666666666666666,0.32184217559920325,-0.06307092351275109,-0.08130985227560791,0.11985799288430865,0.16567627472500057,-0.0025068162999197473
2025-06-26_France_Japan,2025-06-26,France,Japan,0,0.671875,0.6666666666666666,0.999591837235951,-0.21250799253377586,0.3294516982784499,-0.5965432098765433,0.5377795602592095,0.013991769547325103,0.6666666666666666,0.5,1.0953107237589996,-0.1363652321335772,0.4360893431617115,-0.89508547008547,0.4482253857253857,0.014794906797978319,0.00520833333333337,0.16666666666666663,-0.09571888652304861,-0.07614276040019866,-0.1066376448832616,0.2985422602089267,0.08955417453382375,-0.0008031372506532158
2025-06-26_France_Japan,2025-06-26,Japan,France,1,0.6666666666666666,0.5,1.0953107237589996,-0.1363652321335772,0.4360893431617115,-0.89508547008547,0.4482253857253857,0.014794906797978319,0.671875,0.6666666666666666,0.999591837235951,-0.21250799253377586,0.3294516982784499,-0.5965432098765433,0.5377795602592095,0.013991769547325103,-0.00520833333333337,-0.16666666666666663,0.09571888652304861,0.07614276040019866,0.1066376448832616,-0.2985422602089267,-0.08955417453382375,0.0008031372506532158
2025-06-26_Germany_Netherlands,2025-06-26,Germany,Netherlands,1,0.3090909090909091,0.3333333333333333,0.6901306415989863,-0.23292074866102783,0.22871050982600483,-0.4046811884849519,0.4084215747702589,0.002109704641350211,0.3157894736842105,0.16666666666666666,0.8272423996108208,-0.2509035239799447,0.3575455706925048,-0.4467038809144072,0.6159825818269841,0.0038891150002261115,-0.006698564593301426,0.16666666666666666,-0.1371117580118345,0.01798277531891687,-0.12883506086649998,0.04202269242945533,-0.20756100705672514,-0.0017794103588759007
2025-06-26_Germany_Netherlands,2025-06-26,Netherlands,Germany,0,0.3157894736842105,0.16666666666666666,0.8272423996108208,-0.2509035239799447,0.3575455706925048,-0.4467038809144072,0.6159825818269841,0.0038891150002261115,0.3090909090909091,0.3333333333333333,0.6901306415989863,-0.23292074866102783,0.22871050982600483,-0.4046811884849519,0.4084215747702589,0.002109704641350211,0.006698564593301426,-0.16666666666666666,0.1371117580118345,-0.01798277531891687,0.12883506086649998,-0.04202269242945533,0.20756100705672514,0.0017794103588759007
2025-06-26_Türkiye_Ukraine,2025-06-26,Türkiye,Ukraine,0,0.11764705882352941,0.16666666666666666,0.8604579913090552,-0.19001606038249652,0.18534391534391528,-0.7145419624521793,0.5732455672660235,0.004703232644409115,0.4,0.4,0.8350534188034187,-0.18649311694594708,0.14168334864464777,-0.5943191311612364,0.5095789831083948,0.004499494438827098,-0.2823529411764706,-0.23333333333333336,0.025404572505636547,-0.003522943436549436,0.04366056669926752,-0.12022283129094291,0.06366658415762871,0.00020373820558201774
2025-06-26_Türkiye_Ukraine,2025-06-26,Ukraine,Türkiye,1,0.4,0.4,0.8350534188034187,-0.18649311694594708,0.14168334864464777,-0.5943191311612364,0.5095789831083948,0.004499494438827098,0.11764705882352941,0.16666666666666666,0.8604579913090552,-0.19001606038249652,0.18534391534391528,-0.7145419624521793,0.5732455672660235,0.004703232644409115,0.2823529411764706,0.23333333333333336,-0.025404572505636547,0.003522943436549436,-0.04366056669926752,0.12022283129094291,-0.06366658415762871,-0.00020373820558201774
2025-06-27_Argentina_Iran,2025-06-27,Argentina,Iran,0,0.5172413793103449,0.5,0.8964660213752772,-0.2203274851721521,0.1648315798315798,-0.518185531788473,0.5263207717251835,0.009680286085063406,0.3157894736842105,0.3333333333333333,0.8978351817838677,-0.18734584978696503,0.23305658170939314,-1.0682591663569925,0.44073821358304116,0.025740329122935248,0.20145190562613435,0.16666666666666669,-0.0013691604085904752,-0.03298163538518706,-0.06822500187781333,0.5500736345685194,0.08558255814214238,-0.01606004303787184
2025-06-27_Argentina_Iran,2025-06-27,Iran,Argentina,1,0.3157894736842105,0.3333333333333333,0.8978351817838677,-0.18734584978696503,0.23305658170939314,-1.0682591663569925,0.44073821358304116,0.025740329122935248,0.5172413793103449,0.5,0.8964660213752772,-0.2203274851721521,0.1648315798315798,-0.518185531788473,0.5263207717251835,0.009680286085063406,-0.20145190562613435,-0.16666666666666669,0.0013691604085904752,0.03298163538518706,0.06822500187781333,-0.5500736345685194,-0.08558255814214238,0.01606004303787184
2025-06-27_Bulgaria_Slovenia,2025-06-27,Bulgaria,Slovenia,1,0.21428571428571427,0.5,0.9099436342700101,-0.25639607004356085,0.15810011078423317,-0.3934218559218559,0.5273007856341191,0.004936974789915966,0.6612903225806451,0.6666666666666666,0.8964471658694815,-0.1448092074894991,0.21767632716371862,-0.5972943722943723,0.5164141414141414,0.01919356323079291,-0.4470046082949308,-0.16666666666666663,0.01349646840052865,-0.11158686255406175,-0.05957621637948546,0.2038725163725164,0.010886644219977648,-0.014256588440876943
2025-06-27_Bulgaria_Slovenia,2025-06-27,Slovenia,Bulgaria,0,0.6612903225806451,0.6666666666666666,0.8964471658694815,-0.1448092074894991,0.21767632716371862,-0.5972943722943723,0.5164141414141414,0.01919356323079291,0.21428571428571427,0.5,0.9099436342700101,-0.25639607004356085,0.15810011078423317,-0.3934218559218559,0.5273007856341191,0.004936974789915966,0.4470046082949308,0.16666666666666663,-0.01349646840052865,0.11158686255406175,0.05957621637948546,-0.2038725163725164,-0.010886644219977648,0.014256588440876943
2025-06-27_Canada_USA,2025-06-27,Canada,USA,0,0.38596491228070173,0.3333333333333333,0.9315924219150026,-0.20871939918130467,0.20853385040885042,-0.6864890859627701,0.6776723759332456,0.006412391738840772,0.47058823529411764,0.5,0.7310920231514628,-0.1847389137991329,0.07707598802222107,-0.3298107304572822,0.6994663577019459,0.009923624189160913,-0.08462332301341591,-0.16666666666666669,0.20050039876353976,-0.023980485382171762,0.13145786238662935,-0.35667835550548793,-0.021793981768700288,-0.003511232450320141
2025-06-27_Canada_USA,2025-06-27,USA,Canada,1,0.47058823529411764,0.5,0.7310920231514628,-0.1847389137991329,0.07707598802222107,-0.3298107304572822,0.6994663577019459,0.009923624189160913,0.38596491228070173,0.3333333333333333,0.9315924219150026,-0.20871939918130467,0.20853385040885042,-0.6864890859627701,0.6776723759332456,0.006412391738840772,0.08462332301341591,0.16666666666666669,-0.20050039876353976,0.023980485382171762,-0.13145786238662935,0.35667835550548793,0.021793981768700288,0.003511232450320141
2025-06-27_China_Italy,2025-06-27,China,Italy,0,0.21428571428571427,0.3333333333333333,0.8196525612587319,-0.15508801351262172,0.1942403376762146,-0.626385336743393,0.9930204785467943,0.021980034327830782,0.6507936507936508,0.6666666666666666,0.9603482616137932,-0.1711186114552724,0.23298460798460793,-0.4664201629344058,0.3853941299116737,0.0087833997680545,-0.4365079365079365,-0.3333333333333333,-0.1406957003550613,0.016030597942650687,-0.038744270308393336,-0.15996517380898723,0.6076263486351206,0.013196634559776283
2025-06-27_China_Italy,2025-06-27,Italy,China,1,0.6507936507936508,0.6666666666666666,0.9603482616137932,-0.1711186114552724,0.23298460798460793,-0.4664201629344058,0.3853941299116737,0.0087833997680545,0.21428571428571427,0.3333333333333333,0.8196525612587319,-0.15508801351262172,0.1942403376762146,-0.626385336743393,0.9930204785467943,0.021980034327830782,0.4365079365079365,0.3333333333333333,0.1406957003550613,-0.016030597942650687,0.038744270308393336,0.15996517380898723,-0.6076263486351206,-0.013196634559776283
2025-06-27_Cuba_Netherlands,2025-06-27,Cuba,Netherlands,1,0.36666666666666664,0.5,0.7998060371226171,-0.16131927958480866,0.2598479608740903,-0.5482371794871795,0.4959560046805323,0.011297480972937363,0.3103448275862069,0.16666666666666666,0.7903678057186828,-0.24430221679040218,0.3652668512951413,-0.4921584263689527,0.63565850775291,0.0038891150002261115,0.056321839080459735,0.33333333333333337,0.009438231403934294,0.08298293720559352,-0.10541889042105101,-0.056078753118226854,-0.1397025030723777,0.007408365972711252
2025-06-27_Cuba_Netherlands,2025-06-27,Netherlands,Cuba,0,0.3103448275862069,0.16666666666666666,0.7903678057186828,-0.24430221679040218,0.3652668512951413,-0.4921584263689527,0.63565850775291,0.0038891150002261115,0.36666666666666664,0.5,0.7998060371226171,-0.16131927958480866,0.2598479608740903,-0.5482371794871795,0.4959560046805323,0.011297480972937363,-0.056321839080459735,-0.33333333333333337,-0.009438231403934294,-0.08298293720559352,0.10541889042105101,0.056078753118226854,0.1397025030723777,-0.007408365972711252
2025-06-27_Japan_Ukraine,2025-06-27,Japan,Ukraine,0,0.671875,0.6666666666666666,1.0805488189970947,-0.12563210977070802,0.43398024528039625,-0.8221386101820883,0.4435356310356311,0.010918937805730259,0.5,0.5,0.9119272317188983,-0.1745366138483985,0.14245970110631215,-0.578599275967697,0.48605266136225883,0.006954706904150787,0.171875,0.16666666666666663,0.16862158727819632,0.04890450407769048,0.29152054417408413,-0.24353933421439133,-0.042517030326627736,0.003964230901579472
2025-06-27_Japan_Ukraine,2025-06-27,Ukraine,Japan,1,0.5,0.5,0.9119272317188983,-0.1745366138483985,0.14245970110631215,-0.578599275967697,0.48605266136225883,0.006954706904150787,0.671875,0.6666666666666666,1.0805488189970947,-0.12563210977070802,0.43398024528039625,-0.8221386101820883,0.4435356310356311,0.010918937805730259,-0.171875,-0.16666666666666663,-0.16862158727819632,-0.04890450407769048,-0.29152054417408413,0.24353933421439133,0.042517030326627736,-0.003964230901579472
2025-06-28_Argentina_Serbia,2025-06-28,Argentina,Serbia,1,0.5084745762711864,0.5,0.9075771324863884,-0.24416562619779314,0.16681988392514704,-0.44639065999360117,0.5275226948021066,0.010472624516922302,0.47368421052631576,0.16666666666666666,0.9716873201522325,-0.23411681235284143,0.17931433427621749,-0.652811004784689,0.6319265440379226,0.009444259444259443,0.034790365744870655,0.33333333333333337,-0.06411018766584409,-0.01004881384495171,-0.01249445035107044,0.20642034479108784,-0.10440384923581603,0.0010283650726628582
2025-06-28_Argentina_Serbia,2025-06-28,Serbia,Argentina,0,0.47368421052631576,0.16666666666666666,0.9716873201522325,-0.23411681235284143,0.17931433427621749,-0.652811004784689,0.6319265440379226,0.009444259444259443,0.5084745762711864,0.5,0.9075771324863884,-0.24416562619779314,0.16681988392514704,-0.44639065999360117,0.5275226948021066,0.010472624516922302,-0.034790365744870655,-0.33333333333333337,0.06411018766584409,0.01004881384495171,0.01249445035107044,-0.20642034479108784,0.10440384923581603,-0.0010283650726628582
2025-06-28_Brazil_Italy,2025-06-28,Brazil,Italy,1,0.6774193548387096,0.8333333333333334,1.3484390596270028,-0.09781803288789069,0.3140419265419265,-0.6863490425409929,0.8936856308179838,0.004908103592314118,0.65625,0.8333333333333334,1.0010659979837035,-0.1441491817080649,0.23114185614185612,-0.462441383093557,0.3659937771779877,0.0087833997680545,0.02116935483870963,0.0,0.3473730616432993,0.04633114882017421,0.08290007040007036,-0.22390765944743596,0.5276918536399962,-0.003875296175740381
2025-06-28_Brazil_Italy,2025-06-28,Italy,Brazil,0,0.65625,0.8333333333333334,1.0010659979837035,-0.1441491817080649,0.23114185614185612,-0.462441383093557,0.3659937771779877,0.0087833997680545,0.6774193548387096,0.8333333333333334,1.3484390596270028,-0.09781803288789069,0.3140419265419265,-0.6863490425409929,0.8936856308179838,0.004908103592314118,-0.02116935483870963,0.0,-0.3473730616432993,-0.04633114882017421,-0.08290007040007036,0.22390765944743596,-0.5276918536399962,0.003875296175740381
2025-06-28_Bulgaria_Türkiye,2025-06-28,Bulgaria,Türkiye,0,0.22807017543859648,0.6666666666666666,0.9055496948760705,-0.2534429508113718,0.15012058654454633,-0.40731074481074486,0.48016273849607183,0.007073726926668103,0.1111111111111111,0.16666666666666666,0.8305434613945253,-0.21446826743235362,0.18671754171754162,-0.7796004419843429,0.6762232347598202,0.007789652397495535,0.11695906432748537,0.5,0.07500623348154523,-0.03897468337901819,-0.0365969551729953,0.372289697173598,-0.19606049626374833,-0.0007159254708274318
2025-06-28_Bulgaria_Türkiye,2025-06-28,Türkiye,Bulgaria,1,0.1111111111111111,0.16666666666666666,0.8305434613945253,-0.21446826743235362,0.18671754171754162,-0.7796004419843429,0.6762232347598202,0.007789652397495535,0.22807017543859648,0.6666666666666666,0.9055496948760705,-0.2534429508113718,0.15012058654454633,-0.40731074481074486,0.48016273849607183,0.007073726926668103,-0.11695906432748537,-0.5,-0.07500623348154523,0.03897468337901819,0.0365969551729953,-0.372289697173598,0.19606049626374833,0.0007159254708274318
2025-06-28_Canada_Poland,2025-06-28,Canada,Poland,0,0.3793103448275862,0.3333333333333333,0.9549953314659195,-0.24094162140352685,0.2296449615199615,-0.7742083842083841,0.7633866616475311,0.006412391738840772,0.8059701492537313,0.8333333333333334,0.9986865278988608,-0.15412347828539538,0.23765464218972246,-0.5161915204678362,0.5042377294086621,0.019524846975827365,-0.42665980442614515,-0.5,-0.04369119643294128,-0.08681814311813146,-0.00800968066976096,-0.2580168637405479,0.25914893223886903,-0.013112455236986592
2025-06-28_Canada_Poland,2025-06-28,Poland,Canada,1,0.8059701492537313,0.8333333333333334,0.9986865278988608,-0.15412347828539538,0.23765464218972246,-0.5161915204678362,0.5042377294086621,0.019524846975827365,0.3793103448275862,0.3333333333333333,0.9549953314659195,-0.24094162140352685,0.2296449615199615,-0.7742083842083841,0.7633866616475311,0.006412391738840772,0.42665980442614515,0.5,0.04369119643294128,0.08681814311813146,0.00800968066976096,0.2580168637405479,-0.25914893223886903,0.013112455236986592
2025-06-28_France_Slovenia,2025-06-28,France,Slovenia,1,0.6615384615384615,0.5,0.9651759875627485,-0.22820940823519156,0.3511516033116882,-0.5743926722421346,0.42546071967949933,0.013991769547325103,0.6507936507936508,0.6666666666666666,0.9247094397712904,-0.17198312053297737,0.2020415554313859,-0.5884010916619612,0.49280303030303035,0.008698280211924985,0.010744810744810707,-0.16666666666666663,0.040466547791458085,-0.05622628770221419,0.1491100478803023,0.014008419419826557,-0.06734231062353102,0.005293489335400118
2025-06-28_France_Slovenia,2025-06-28,Slovenia,France,0,0.6507936507936508,0.6666666666666666,0.9247094397712904,-0.17198312053297737,0.2020415554313859,-0.5884010916619612,0.49280303030303035,0.008698280211924985,0.6615384615384615,0.5,0.9651759875627485,-0.22820940823519156,0.3511516033116882,-0.5743926722421346,0.42546071967949933,0.013991769547325103,-0.010744810744810707,0.16666666666666663,-0.040466547791458085,0.05622628770221419,-0.1491100478803023,-0.014008419419826557,0.06734231062353102,-0.005293489335400118
2025-06-28_Germany_Iran,2025-06-28,Germany,Iran,1,0.32142857142857145,0.3333333333333333,0.6850801365484812,-0.2388882627853216,0.21340682737741565,-0.3888859815132743,0.42986860319403153,0.002109704641350211,0.3275862068965517,0.5,0.9672796262283122,-0.17425061169172698,0.2976560649135276,-1.0365562678062679,0.46167417417417417,0.014171552107933976,-0.00615763546798026,-0.16666666666666669,-0.282199489679831,-0.06463765109359462,-0.08424923753611194,0.6476702862929935,-0.03180557098014264,-0.012061847466583765
2025-06-28_Germany_Iran,2025-06-28,Iran,Germany,0,0.3275862068965517,0.5,0.9672796262283122,-0.17425061169172698,0.2976560649135276,-1.0365562678062679,0.46167417417417417,0.014171552107933976,0.32142857142857145,0.3333333333333333,0.6850801365484812,-0.2388882627853216,0.21340682737741565,-0.3888859815132743,0.42986860319403153,0.002109704641350211,0.00615763546798026,0.16666666666666669,0.282199489679831,0.06463765109359462,0.08424923753611194,-0.6476702862929935,0.03180557098014264,0.012061847466583765
2025-06-29_Argentina_Cuba,2025-06-29,Argentina,Cuba,1,0.5166666666666667,0.5,0.9956723705816265,-0.22887443509448613,0.23846490557016872,-0.46109654234654235,0.5212485635279752,0.008368247412545196,0.3870967741935484,0.5,0.8111816984982784,-0.15292861875512342,0.2824586834848129,-0.46874999999999994,0.5069431581626148,0.011297480972937363,0.12956989247311834,0.0,0.18449067208334813,-0.0759458163393627,-0.04399377791464418,0.007653457653457596,0.014305405365360402,-0.0029292335603921665
2025-06-29_Argentina_Cuba,2025-06-29,Cuba,Argentina,0,0.3870967741935484,0.5,0.8111816984982784,-0.15292861875512342,0.2824586834848129,-0.46874999999999994,0.5069431581626148,0.011297480972937363,0.5166666666666667,0.5,0.9956723705816265,-0.22887443509448613,0.23846490557016872,-0.46109654234654235,0.5212485635279752,0.008368247412545196,-0.12956989247311834,0.0,-0.18449067208334813,0.0759458163393627,0.04399377791464418,-0.007653457653457596,-0.014305405365360402,0.0029292335603921665
2025-06-29_Brazil_Poland,2025-06-29,Brazil,Poland,1,0.6825396825396826,0.8333333333333334,1.2346824458703891,-0.10479676749846412,0.25186243936243935,-0.679342035533986,1.1908670033670035,0.006681153237704189,0.8088235294117647,0.8333333333333334,1.0073670834544164,-0.16872431862152984,0.22747963201471225,-0.5236627848356523,0.6557528809238136,0.021112148563128954,-0.12628384687208216,0.0,0.22731536241597272,0.06392755112306572,0.024382807347727103,-0.15567925069833366,0.5351141224431899,-0.014430995325424766
2025-06-29_Brazil_Poland,2025-06-29,Poland,Brazil,0,0.8088235294117647,0.8333333333333334,1.0073670834544164,-0.16872431862152984,0.22747963201471225,-0.5236627848356523,0.6557528809238136,0.021112148563128954,0.6825396825396826,0.8333333333333334,1.2346824458703891,-0.10479676749846412,0.25186243936243935,-0.679342035533986,1.1908670033670035,0.006681153237704189,0.12628384687208216,0.0,-0.22731536241597272,-0.06392755112306572,-0.024382807347727103,0.15567925069833366,-0.5351141224431899,0.014430995325424766
2025-06-29_Bulgaria_Ukraine,2025-06-29,Bulgaria,Ukraine,0,0.22413793103448276,0.6666666666666666,0.9266429806752386,-0.2591879003063213,0.10575330259392905,-0.32996031746031745,0.46384572217905545,0.008816646316646316,0.5714285714285714,0.5,0.9281649768169377,-0.17370069314144843,0.18114625953837302,-0.5252082225766436,0.5288948766182672,0.008915491217876277,-0.34729064039408863,0.16666666666666663,-0.0015219961416990113,-0.08548720716487285,-0.07539295694444396,0.19524790511632611,-0.06504915443921172,-9.884490122996116e-05
2025-06-29_Bulgaria_Ukraine,2025-06-29,Ukraine,Bulgaria,1,0.5714285714285714,0.5,0.9281649768169377,-0.17370069314144843,0.18114625953837302,-0.5252082225766436,0.5288948766182672,0.008915491217876277,0.22413793103448276,0.6666666666666666,0.9266429806752386,-0.2591879003063213,0.10575330259392905,-0.32996031746031745,0.46384572217905545,0.008816646316646316,0.34729064039408863,-0.16666666666666663,0.0015219961416990113,0.08548720716487285,0.07539295694444396,-0.19524790511632611,0.06504915443921172,9.884490122996116e-05
2025-06-29_Canada_China,2025-06-29,Canada,China,1,0.3728813559322034,0.16666666666666666,0.9611681709720926,-0.24747278671518,0.22567670755170752,-0.7934391534391535,0.9300533283141977,0.0021929824561403508,0.20689655172413793,0.3333333333333333,0.7099456015517721,-0.1465231986978069,0.16083630798374374,-0.6523112626693189,1.0058409913673072,0.011980034327830784,0.16598480420806547,-0.16666666666666666,0.2512225694203205,-0.10094958801737311,0.06484039956796378,-0.14112789076983456,-0.07578766305310947,-0.009787051871690433
2025-06-29_Canada_China,2025-06-29,China,Canada,0,0.20689655172413793,0.3333333333333333,0.7099456015517721,-0.1465231986978069,0.16083630798374374,-0.6523112626693189,1.0058409913673072,0.011980034327830784,0.3728813559322034,0.16666666666666666,0.9611681709720926,-0.24747278671518,0.22567670755170752,-0.7934391534391535,0.9300533283141977,0.0021929824561403508,-0.16598480420806547,0.16666666666666666,-0.2512225694203205,0.10094958801737311,-0.06484039956796378,0.14112789076983456,0.07578766305310947,0.009787051871690433
2025-06-29_France_Türkiye,2025-06-29,France,Türkiye,1,0.6666666666666666,0.6666666666666666,0.9438108901908446,-0.19298165174306722,0.3992997514598364,-0.5438371166865791,0.41274737937995215,0.013991769547325103,0.15789473684210525,0.3333333333333333,0.877919347919348,-0.2058175979835621,0.1963471713471713,-0.7282536406375416,0.7036957622323476,0.005537400145243283,0.5087719298245614,0.3333333333333333,0.06589154227149663,0.012835946240494889,0.20295258011266512,0.18441652395096253,-0.2909483828523955,0.008454369402081819
2025-06-29_France_Türkiye,2025-06-29,Türkiye,France,0,0.15789473684210525,0.3333333333333333,0.877919347919348,-0.2058175979835621,0.1963471713471713,-0.7282536406375416,0.7036957622323476,0.005537400145243283,0.6666666666666666,0.6666666666666666,0.9438108901908446,-0.19298165174306722,0.3992997514598364,-0.5438371166865791,0.41274737937995215,0.013991769547325103,-0.5087719298245614,-0.3333333333333333,-0.06589154227149663,-0.012835946240494889,-0.20295258011266512,-0.18441652395096253,0.2909483828523955,-0.008454369402081819
2025-06-29_Germany_Serbia,2025-06-29,Germany,Serbia,1,0.3333333333333333,0.5,0.7565087079770527,-0.21069825771175488,0.271111853832442,-0.5520804259577187,0.45770743103285944,0.002109704641350211,0.46551724137931033,0.0,0.9155975765624889,-0.2077639126525065,0.23292387602135248,-0.6479377104377105,0.7240318071958173,0.00517075517075517,-0.13218390804597702,0.5,-0.15908886858543614,-0.002934345059248389,0.03818797781108954,0.09585728447999187,-0.26632437616295784,-0.0030610505294049596
2025-06-29_Germany_Serbia,2025-06-29,Serbia,Germany,0,0.46551724137931033,0.0,0.9155975765624889,-0.2077639126525065,0.23292387602135248,-0.6479377104377105,0.7240318071958173,0.00517075517075517,0.3333333333333333,0.5,0.7565087079770527,-0.21069825771175488,0.271111853832442,-0.5520804259577187,0.45770743103285944,0.002109704641350211,0.13218390804597702,-0.5,0.15908886858543614,0.002934345059248389,-0.03818797781108954,-0.09585728447999187,0.26632437616295784,0.0030610505294049596
2025-06-29_Iran_Netherlands,2025-06-29,Iran,Netherlands,1,0.3220338983050847,0.5,1.0729307318794177,-0.15563989571258993,0.2864515831208105,-0.945815527065527,0.3459334334334334,0.01650074465451783,0.3050847457627119,0.16666666666666666,0.8301788718455385,-0.23076945325763865,0.3943257844421248,-0.5426634768740032,0.603400443236781,0.0020576131687242796,0.016949152542372836,0.33333333333333337,0.24275186003387916,0.07512955754504871,-0.10787420132131431,-0.4031520501915238,-0.2574670098033476,0.014443131485793551
2025-06-29_Iran_Netherlands,2025-06-29,Netherlands,Iran,0,0.3050847457627119,0.16666666666666666,0.8301788718455385,-0.23076945325763865,0.3943257844421248,-0.5426634768740032,0.603400443236781,0.0020576131687242796,0.3220338983050847,0.5,1.0729307318794177,-0.15563989571258993,0.2864515831208105,-0.945815527065527,0.3459334334334334,0.01650074465451783,-0.016949152542372836,-0.33333333333333337,-0.24275186003387916,-0.07512955754504871,0.10787420132131431,0.4031520501915238,0.2574670098033476,-0.014443131485793551
2025-06-29_Japan_Slovenia,2025-06-29,Japan,Slovenia,1,0.6615384615384615,0.5,0.9819207136949073,-0.1524261451854331,0.33633067263082356,-0.7248535423087853,0.5014678948502477,0.007774283717679943,0.640625,0.5,0.8358205508824015,-0.18915483770469455,0.1930984660004916,-0.6225625823451909,0.5136363636363637,0.011262382776027549,0.02091346153846152,0.0,0.14610016281250582,0.03672869251926145,0.14323220663033195,-0.10229095996359439,-0.012168468786115993,-0.003488099058347606
2025-06-29_Japan_Slovenia,2025-06-29,Slovenia,Japan,0,0.640625,0.5,0.8358205508824015,-0.18915483770469455,0.1930984660004916,-0.6225625823451909,0.5136363636363637,0.011262382776027549,0.6615384615384615,0.5,0.9819207136949073,-0.1524261451854331,0.33633067263082356,-0.7248535423087853,0.5014678948502477,0.007774283717679943,-0.02091346153846152,0.0,-0.14610016281250582,-0.03672869251926145,-0.14323220663033195,0.10229095996359439,0.012168468786115993,0.003488099058347606
2025-06-29_Poland_USA,2025-06-29,Poland,USA,1,0.8088235294117647,0.8333333333333334,1.0073670834544164,-0.16872431862152984,0.22747963201471225,-0.5236627848356523,0.6557528809238136,0.021112148563128954,0.5,0.6666666666666666,0.8275566696161092,-0.19920432260416435,0.11964845179033701,-0.31299786496020615,0.9513820665142063,0.011410322154732117,0.3088235294117647,0.16666666666666674,0.1798104138383072,0.030480003982634507,0.10783118022437524,-0.21066491987544617,-0.29562918559039275,0.009701826408396837
2025-06-29_Poland_USA,2025-06-29,USA,Poland,0,0.5,0.6666666666666666,0.8275566696161092,-0.19920432260416435,0.11964845179033701,-0.31299786496020615,0.9513820665142063,0.011410322154732117,0.8088235294117647,0.8333333333333334,1.0073670834544164,-0.16872431862152984,0.22747963201471225,-0.5236627848356523,0.6557528809238136,0.021112148563128954,-0.3088235294117647,-0.16666666666666674,-0.1798104138383072,-0.030480003982634507,-0.10783118022437524,0.21066491987544617,0.29562918559039275,-0.009701826408396837
2025-06-30_Italy_USA,2025-06-30,Italy,USA,1,0.6461538461538462,0.6666666666666666,0.9684030397751741,-0.12438543795522529,0.2374549874549874,-0.6246636053157792,0.6375987154495927,0.007833920877399139,0.47368421052631576,0.6666666666666666,0.8665577919505649,-0.184011578839992,0.1828788721636145,-0.35317643638877755,1.3164614315935712,0.011410322154732117,0.17246963562753043,0.0,0.10184524782460913,0.05962614088476671,0.05457611529137288,-0.2714871689270017,-0.6788627161439785,-0.0035764012773329776
2025-06-30_Italy_USA,2025-06-30,USA,Italy,0,0.47368421052631576,0.6666666666666666,0.8665577919505649,-0.184011578839992,0.1828788721636145,-0.35317643638877755,1.3164614315935712,0.011410322154732117,0.6461538461538462,0.6666666666666666,0.9684030397751741,-0.12438543795522529,0.2374549874549874,-0.6246636053157792,0.6375987154495927,0.007833920877399139,-0.17246963562753043,0.0,-0.10184524782460913,-0.05962614088476671,-0.05457611529137288,0.2714871689270017,0.6788627161439785,0.0035764012773329776
2025-07-16_Argentina_Brazil,2025-07-16,Argentina,Brazil,0,0.5245901639344263,0.6666666666666666,1.051053770790613,-0.20256629555960246,0.3080802901855533,-0.5007790820290821,0.5038874524168642,0.010651352435376247,0.6875,1.0,1.234052028218695,-0.1108573735590702,0.21073246278164307,-0.5598096071780282,1.2794338310642661,0.006681153237704189,-0.16290983606557374,-0.33333333333333337,-0.18299825742808218,-0.09170892200053225,0.09734782740391021,0.059030525148946134,-0.775546378647402,0.003970199197672057
2025-07-16_Argentina_Brazil,2025-07-16,Brazil,Argentina,1,0.6875,1.0,1.234052028218695,-0.1108573735590702,0.21073246278164307,-0.5598096071780282,1.2794338310642661,0.006681153237704189,0.5245901639344263,0.6666666666666666,1.051053770790613,-0.20256629555960246,0.3080802901855533,-0.5007790820290821,0.5038874524168642,0.010651352435376247,0.16290983606557374,0.33333333333333337,0.18299825742808218,0.09170892200053225,-0.09734782740391021,-0.059030525148946134,0.775546378647402,-0.003970199197672057
2025-07-16_Bulgaria_Cuba,2025-07-16,Bulgaria,Cuba,0,0.22033898305084745,0.5,0.8565575105897687,-0.2425386219199537,0.1094920862429819,-0.32400793650793647,0.4133555261006241,0.005840455840455841,0.375,0.5,0.9007976302194733,-0.15673814256464727,0.28659433278175256,-0.4431089743589744,0.479165380384837,0.011297480972937363,-0.15466101694915255,0.0,-0.044240119629704644,-0.08580047935530644,-0.17710224653877066,0.11910103785103793,-0.06580985428421293,-0.005457025132481522
2025-07-16_Bulgaria_Cuba,2025-07-16,Cuba,Bulgaria,1,0.375,0.5,0.9007976302194733,-0.15673814256464727,0.28659433278175256,-0.4431089743589744,0.479165380384837,0.011297480972937363,0.22033898305084745,0.5,0.8565575105897687,-0.2425386219199537,0.1094920862429819,-0.32400793650793647,0.4133555261006241,0.005840455840455841,0.15466101694915255,0.0,0.044240119629704644,0.08580047935530644,0.17710224653877066,-0.11910103785103793,0.06580985428421293,0.005457025132481522
2025-07-16_Canada_Slovenia,2025-07-16,Canada,Slovenia,0,0.38333333333333336,0.3333333333333333,0.9750570598609816,-0.23263566043227057,0.28329575517075517,-0.7910582010582011,0.9690884160334962,0.0021929824561403508,0.6307692307692307,0.3333333333333333,0.7819876482122895,-0.1765802426492811,0.2025584581171648,-0.6528656126482213,0.5981271043771044,0.012481091603432031,-0.2474358974358974,0.0,0.19306941164869207,-0.056055417782989475,0.08073729705359037,-0.13819258840997983,0.3709613116563918,-0.01028810914729168
2025-07-16_Canada_Slovenia,2025-07-16,Slovenia,Canada,1,0.6307692307692307,0.3333333333333333,0.7819876482122895,-0.1765802426492811,0.2025584581171648,-0.6528656126482213,0.5981271043771044,0.012481091603432031,0.38333333333333336,0.3333333333333333,0.9750570598609816,-0.23263566043227057,0.28329575517075517,-0.7910582010582011,0.9690884160334962,0.0021929824561403508,0.2474358974358974,0.0,-0.19306941164869207,0.056055417782989475,-0.08073729705359037,0.13819258840997983,-0.3709613116563918,0.01028810914729168
2025-07-16_China_France,2025-07-16,China,France,0,0.2,0.16666666666666666,0.7193440977923736,-0.12684830524949686,0.14809185621490173,-0.7541631145211708,0.9843984962406015,0.00503558988338634,0.6716417910447762,0.6666666666666666,0.8594147911660884,-0.1846074687365313,0.3846959932899017,-0.43272600557546786,0.32188716432618875,0.006267806267806268,-0.47164179104477616,-0.5,-0.1400706933737148,0.05775916348703444,-0.236604137075,-0.32143710894570293,0.6625113319144127,-0.0012322163844199286
2025-07-16_China_France,2025-07-16,France,China,1,0.6716417910447762,0.6666666666666666,0.8594147911660884,-0.1846074687365313,0.3846959932899017,-0.43272600557546786,0.32188716432618875,0.006267806267806268,0.2,0.16666666666666666,0.7193440977923736,-0.12684830524949686,0.14809185621490173,-0.7541631145211708,0.9843984962406015,0.00503558988338634,0.47164179104477616,0.5,0.1400706933737148,-0.05775916348703444,0.236604137075,0.32143710894570293,-0.6625113319144127,0.0012322163844199286
2025-07-16_Germany_Japan,2025-07-16,Germany,Japan,0,0.3448275862068966,0.6666666666666666,0.9221069985753435,-0.194399063780982,0.28277399151360144,-0.5502285741058669,0.4701579120741724,0.002109704641350211,0.6666666666666666,0.6666666666666666,1.0014012331754267,-0.14130376519895574,0.33837745625655463,-0.6345757645310075,0.43768584356819656,0.006068630696237448,-0.32183908045977005,0.0,-0.07929423460008322,-0.053095298582026274,-0.05560346474295319,0.0843471904251406,0.03247206850597584,-0.003958926054887237
2025-07-16_Germany_Japan,2025-07-16,Japan,Germany,1,0.6666666666666666,0.6666666666666666,1.0014012331754267,-0.14130376519895574,0.33837745625655463,-0.6345757645310075,0.43768584356819656,0.006068630696237448,0.3448275862068966,0.6666666666666666,0.9221069985753435,-0.194399063780982,0.28277399151360144,-0.5502285741058669,0.4701579120741724,0.002109704641350211,0.32183908045977005,0.0,0.07929423460008322,0.053095298582026274,0.05560346474295319,-0.0843471904251406,-0.03247206850597584,0.003958926054887237
2025-07-16_Iran_Poland,2025-07-16,Iran,Poland,0,0.3333333333333333,0.6666666666666666,1.151911786666924,-0.14007213014482434,0.33183690142723754,-0.8237419484702094,0.34531212246729487,0.014764633543406716,0.8,0.6666666666666666,0.9983716235032024,-0.13395395543831828,0.18901063582493347,-0.485098075962019,1.0116543409701977,0.019151364249403464,-0.46666666666666673,0.0,0.15354016316372154,-0.006118174706506052,0.14282626560230408,-0.33864387250819045,-0.6663422185029029,-0.004386730705996747
2025-07-16_Iran_Poland,2025-07-16,Poland,Iran,1,0.8,0.6666666666666666,0.9983716235032024,-0.13395395543831828,0.18901063582493347,-0.485098075962019,1.0116543409701977,0.019151364249403464,0.3333333333333333,0.6666666666666666,1.151911786666924,-0.14007213014482434,0.33183690142723754,-0.8237419484702094,0.34531212246729487,0.014764633543406716,0.46666666666666673,0.0,-0.15354016316372154,0.006118174706506052,-0.14282626560230408,0.33864387250819045,0.6663422185029029,0.004386730705996747
2025-07-16_Italy_Serbia,2025-07-16,Italy,Serbia,1,0.6515151515151515,0.6666666666666666,1.0337419636046639,-0.10610899157420374,0.2913891059052349,-0.6008540815062554,0.6777696556205327,0.006332419375897637,0.4576271186440678,0.0,0.9700307976623765,-0.1934541483427422,0.23208242873201482,-0.8787069412069414,0.7401348667771378,0.005096483037659508,0.1938880328710837,0.6666666666666666,0.06371116594228732,0.08734515676853845,0.05930667717322011,0.27785285970068596,-0.062365211156605094,0.0012359363382381293
2025-07-16_Italy_Serbia,2025-07-16,Serbia,Italy,0,0.4576271186440678,0.0,0.9700307976623765,-0.1934541483427422,0.23208242873201482,-0.8787069412069414,0.7401348667771378,0.005096483037659508,0.6515151515151515,0.6666666666666666,1.0337419636046639,-0.10610899157420374,0.2913891059052349,-0.6008540815062554,0.6777696556205327,0.006332419375897637,-0.1938880328710837,-0.6666666666666666,-0.06371116594228732,-0.08734515676853845,-0.05930667717322011,-0.27785285970068596,0.062365211156605094,-0.0012359363382381293
2025-07-16_Netherlands_Ukraine,2025-07-16,Netherlands,Ukraine,0,0.3,0.0,0.7867969393126626,-0.24128532627351165,0.4295621805170579,-0.6147186147186147,0.6338058486421864,0.0020576131687242796,0.625,0.5,0.96413719903916,-0.16069769013844543,0.17135037836468972,-0.5304713804713804,0.44112643590865014,0.007103897014977726,-0.325,-0.5,-0.17734025972649736,-0.08058763613506623,0.25821180215236816,-0.08424723424723424,0.19267941273353623,-0.005046283846253446
2025-07-16_Netherlands_Ukraine,2025-07-16,Ukraine,Netherlands,1,0.625,0.5,0.96413719903916,-0.16069769013844543,0.17135037836468972,-0.5304713804713804,0.44112643590865014,0.007103897014977726,0.3,0.0,0.7867969393126626,-0.24128532627351165,0.4295621805170579,-0.6147186147186147,0.6338058486421864,0.0020576131687242796,0.325,0.5,0.17734025972649736,0.08058763613506623,-0.25821180215236816,0.08424723424723424,-0.19267941273353623,0.005046283846253446
2025-07-16_Türkiye_USA,2025-07-16,Türkiye,USA,0,0.15,0.3333333333333333,0.7442857142857143,-0.20681859898456315,0.14644848846976502,-0.7165577342047932,0.6667569145830016,0.0030864197530864196,0.45,0.5,0.8793501896113836,-0.19637202541096488,0.19108869488956626,-0.49819808141042254,1.384725774367718,0.011410322154732117,-0.30000000000000004,-0.16666666666666669,-0.13506447532566923,-0.010446573573598267,-0.04464020641980124,-0.21835965279437064,-0.7179688597847164,-0.008323902401645697
2025-07-16_Türkiye_USA,2025-07-16,USA,Türkiye,1,0.45,0.5,0.8793501896113836,-0.19637202541096488,0.19108869488956626,-0.49819808141042254,1.384725774367718,0.011410322154732117,0.15,0.3333333333333333,0.7442857142857143,-0.20681859898456315,0.14644848846976502,-0.7165577342047932,0.6667569145830016,0.0030864197530864196,0.30000000000000004,0.16666666666666669,0.13506447532566923,0.010446573573598267,0.04464020641980124,0.21835965279437064,0.7179688597847164,0.008323902401645697
2025-07-17_Argentina_Japan,2025-07-17,Argentina,Japan,0,0.5161290322580645,0.5,1.057034632034632,-0.21564484222023864,0.3503904574957207,-0.575779082029082,0.4625260360554478,0.009176426181688931,0.6716417910447762,0.6666666666666666,1.055680512454706,-0.15080668917556392,0.2776135673676657,-0.6813593902620018,0.47895568483803785,0.006068630696237448,-0.15551275878671167,-0.16666666666666663,0.0013541195799260386,-0.06483815304467472,0.072776890128055,0.10558030823291975,-0.016429648782590067,0.003107795485451483
2025-07-17_Argentina_Japan,2025-07-17,Japan,Argentina,1,0.6716417910447762,0.6666666666666666,1.055680512454706,-0.15080668917556392,0.2776135673676657,-0.6813593902620018,0.47895568483803785,0.006068630696237448,0.5161290322580645,0.5,1.057034632034632,-0.21564484222023864,0.3503904574957207,-0.575779082029082,0.4625260360554478,0.009176426181688931,0.15551275878671167,0.16666666666666663,-0.0013541195799260386,0.06483815304467472,-0.072776890128055,-0.10558030823291975,0.016429648782590067,-0.003107795485451483
2025-07-17_China_Iran,2025-07-17,China,Iran,0,0.1935483870967742,0.0,0.6518487756859851,-0.14285359625478788,0.12471787247506431,-0.7200828157349898,1.0034461152882206,0.007738677093515803,0.32786885245901637,0.6666666666666666,1.1611961193555123,-0.15561996259406521,0.3621399317302678,-0.7967049114331722,0.35843953559470804,0.015407042835214713,-0.13432046536224218,-0.6666666666666666,-0.5093473436695272,0.01276636633927733,-0.2374220592552035,0.07662209569818246,0.6450065796935125,-0.00766836574169891
2025-07-17_China_Iran,2025-07-17,Iran,China,1,0.32786885245901637,0.6666666666666666,1.1611961193555123,-0.15561996259406521,0.3621399317302678,-0.7967049114331722,0.35843953559470804,0.015407042835214713,0.1935483870967742,0.0,0.6518487756859851,-0.14285359625478788,0.12471787247506431,-0.7200828157349898,1.0034461152882206,0.007738677093515803,0.13432046536224218,0.6666666666666666,0.5093473436695272,-0.01276636633927733,0.2374220592552035,-0.07662209569818246,-0.6450065796935125,0.00766836574169891
2025-07-17_Cuba_Poland,2025-07-17,Cuba,Poland,1,0.3939393939393939,0.6666666666666666,0.9583010177533487,-0.1896599532642357,0.27935186764455056,-0.296812678062678,0.4010971160420629,0.009277657551314841,0.8028169014084507,0.6666666666666666,1.0244658995974785,-0.12867110269783844,0.18725624986002118,-0.47718140929535235,0.9795160980761408,0.011285427176900046,-0.4088775074690568,0.0,-0.06616488184412972,-0.060988850566397274,0.09209561778452938,0.18036873123267433,-0.5784189820340779,-0.0020077696255852047
2025-07-17_Cuba_Poland,2025-07-17,Poland,Cuba,0,0.8028169014084507,0.6666666666666666,1.0244658995974785,-0.12867110269783844,0.18725624986002118,-0.47718140929535235,0.9795160980761408,0.011285427176900046,0.3939393939393939,0.6666666666666666,0.9583010177533487,-0.1896599532642357,0.27935186764455056,-0.296812678062678,0.4010971160420629,0.009277657551314841,0.4088775074690568,0.0,0.06616488184412972,0.060988850566397274,-0.09209561778452938,-0.18036873123267433,0.5784189820340779,0.0020077696255852047
2025-07-17_Germany_Türkiye,2025-07-17,Germany,Türkiye,0,0.3389830508474576,0.6666666666666666,0.9989185927782419,-0.16181919639098802,0.29266982484693477,-0.7355693770937287,0.40591548783174813,0.002109704641350211,0.14285714285714285,0.3333333333333333,0.6661203396087118,-0.19640193231789646,0.12406523565172961,-0.7712962962962963,0.537269735095822,0.0030864197530864196,0.19612590799031476,0.3333333333333333,0.33279825316953016,0.03458273592690844,0.16860458919520516,0.03572691920256754,-0.13135424726407385,-0.0009767151117362088
2025-07-17_Germany_Türkiye,2025-07-17,Türkiye,Germany,1,0.14285714285714285,0.3333333333333333,0.6661203396087118,-0.19640193231789646,0.12406523565172961,-0.7712962962962963,0.537269735095822,0.0030864197530864196,0.3389830508474576,0.6666666666666666,0.9989185927782419,-0.16181919639098802,0.29266982484693477,-0.7355693770937287,0.40591548783174813,0.002109704641350211,-0.19612590799031476,-0.3333333333333333,-0.33279825316953016,-0.03458273592690844,-0.16860458919520516,-0.03572691920256754,0.13135424726407385,0.0009767151117362088
2025-07-17_Italy_Ukraine,2025-07-17,Italy,Ukraine,1,0.6567164179104478,0.8333333333333334,1.2615197413824417,-0.09719037395993396,0.3136113281274571,-0.5656688963210702,0.6597141000649772,0.0015015015015015015,0.6666666666666666,0.6666666666666666,0.9790944639964249,-0.16299258399960437,0.14342830044261182,-0.6824321647851059,0.46081508059729476,0.007302664655605831,-0.00995024875621886,0.16666666666666674,0.28242527738601686,0.0658022100396704,0.1701830276848453,0.11676326846403573,0.19889901946768246,-0.00580116315410433
2025-07-17_Italy_Ukraine,2025-07-17,Ukraine,Italy,0,0.6666666666666666,0.6666666666666666,0.9790944639964249,-0.16299258399960437,0.14342830044261182,-0.6824321647851059,0.46081508059729476,0.007302664655605831,0.6567164179104478,0.8333333333333334,1.2615197413824417,-0.09719037395993396,0.3136113281274571,-0.5656688963210702,0.6597141000649772,0.0015015015015015015,0.00995024875621886,-0.16666666666666674,-0.28242527738601686,-0.0658022100396704,-0.1701830276848453,-0.11676326846403573,-0.19889901946768246,0.00580116315410433
2025-07-17_Netherlands_Slovenia,2025-07-17,Netherlands,Slovenia,0,0.29508196721311475,0.0,0.7751066776224009,-0.21714887486823384,0.41097873030667914,-0.5091630591630592,0.6611011340019879,0.0016835016835016836,0.6363636363636364,0.3333333333333333,0.8024933528068008,-0.20404019688269068,0.21842384273254944,-0.6269396867222953,0.6731271043771043,0.012765655126766237,-0.3412816691505216,-0.3333333333333333,-0.027386675184399856,-0.01310867798554316,0.1925548875741297,0.11777662755923612,-0.012025970375116435,-0.011082153443264554
2025-07-17_Netherlands_Slovenia,2025-07-17,Slovenia,Netherlands,1,0.6363636363636364,0.3333333333333333,0.8024933528068008,-0.20404019688269068,0.21842384273254944,-0.6269396867222953,0.6731271043771043,0.012765655126766237,0.29508196721311475,0.0,0.7751066776224009,-0.21714887486823384,0.41097873030667914,-0.5091630591630592,0.6611011340019879,0.0016835016835016836,0.3412816691505216,0.3333333333333333,0.027386675184399856,0.01310867798554316,-0.1925548875741297,-0.11777662755923612,0.012025970375116435,0.011082153443264554
2025-07-18_Argentina_USA,2025-07-18,Argentina,USA,0,0.5079365079365079,0.5,1.0887012987012987,-0.2362213121637972,0.36731341844853227,-0.6708969271469272,0.5783348595848595,0.007633216305145722,0.47619047619047616,0.6666666666666666,0.9489287673111203,-0.20525354844343133,0.23225192635130518,-0.4883458646616541,1.345836885478829,0.009867112278188907,0.031746031746031744,-0.16666666666666663,0.13977253139017842,-0.03096776372036586,0.1350614920972271,-0.18255106248527309,-0.7675020258939694,-0.0022338959730431847
2025-07-18_Argentina_USA,2025-07-18,USA,Argentina,1,0.47619047619047616,0.6666666666666666,0.9489287673111203,-0.20525354844343133,0.23225192635130518,-0.4883458646616541,1.345836885478829,0.009867112278188907,0.5079365079365079,0.5,1.0887012987012987,-0.2362213121637972,0.36731341844853227,-0.6708969271469272,0.5783348595848595,0.007633216305145722,-0.031746031746031744,0.16666666666666663,-0.13977253139017842,0.03096776372036586,-0.1350614920972271,0.18255106248527309,0.7675020258939694,0.0022338959730431847
2025-07-18_Brazil_Japan,2025-07-18,Brazil,Japan,1,0.6923076923076923,1.0,1.2634323700990369,-0.12846627068603964,0.25977774374181767,-0.4768385926852747,1.245378997009432,0.004697026253577205,0.6764705882352942,0.6666666666666666,1.0677468774622474,-0.1572881706570454,0.2705428602969586,-0.6608465697491811,0.5397110214554434,0.01331500750783165,0.015837104072398134,0.33333333333333337,0.19568549263678947,0.02882189997100576,-0.010765116555140952,0.18400797706390642,0.7056679755539886,-0.008617981254254444
2025-07-18_Brazil_Japan,2025-07-18,Japan,Brazil,0,0.6764705882352942,0.6666666666666666,1.0677468774622474,-0.1572881706570454,0.2705428602969586,-0.6608465697491811,0.5397110214554434,0.01331500750783165,0.6923076923076923,1.0,1.2634323700990369,-0.12846627068603964,0.25977774374181767,-0.4768385926852747,1.245378997009432,0.004697026253577205,-0.015837104072398134,-0.33333333333333337,-0.19568549263678947,-0.02882189997100576,0.010765116555140952,-0.18400797706390642,-0.7056679755539886,0.008617981254254444
2025-07-18_Bulgaria_China,2025-07-18,Bulgaria,China,1,0.21666666666666667,0.5,0.8415603402445507,-0.21447079505694613,0.12624863477919146,-0.389484126984127,0.39898771000867006,0.005840455840455841,0.1875,0.0,0.6346530084902178,-0.12422005588211708,0.1618704533031982,-0.7941568898090638,1.1482873851294904,0.01152655588139459,0.029166666666666674,0.5,0.20690733175433296,-0.09025073917482905,-0.035621818524006726,0.40467276282493686,-0.7492996751208203,-0.005686100040938749
2025-07-18_Bulgaria_China,2025-07-18,China,Bulgaria,0,0.1875,0.0,0.6346530084902178,-0.12422005588211708,0.1618704533031982,-0.7941568898090638,1.1482873851294904,0.01152655588139459,0.21666666666666667,0.5,0.8415603402445507,-0.21447079505694613,0.12624863477919146,-0.389484126984127,0.39898771000867006,0.005840455840455841,-0.029166666666666674,-0.5,-0.20690733175433296,0.09025073917482905,0.035621818524006726,-0.40467276282493686,0.7492996751208203,0.005686100040938749
2025-07-18_Canada_Netherlands,2025-07-18,Canada,Netherlands,1,0.3770491803278688,0.3333333333333333,0.857471429117456,-0.23694419342932815,0.21647019019900374,-0.7165343915343915,1.0141769828611935,0.003745318352059925,0.2903225806451613,0.0,0.709194947076524,-0.21574909883239957,0.3592092420235611,-0.690981240981241,1.0544834869431643,0.004415742120660153,0.08672659968270752,0.3333333333333333,0.14827648204093202,-0.021195094596928588,-0.14273905182455734,-0.02555315055315044,-0.040306504081970784,-0.000670423768600228
2025-07-18_Canada_Netherlands,2025-07-18,Netherlands,Canada,0,0.2903225806451613,0.0,0.709194947076524,-0.21574909883239957,0.3592092420235611,-0.690981240981241,1.0544834869431643,0.004415742120660153,0.3770491803278688,0.3333333333333333,0.857471429117456,-0.23694419342932815,0.21647019019900374,-0.7165343915343915,1.0141769828611935,0.003745318352059925,-0.08672659968270752,-0.3333333333333333,-0.14827648204093202,0.021195094596928588,0.14273905182455734,0.02555315055315044,0.040306504081970784,0.000670423768600228
2025-07-18_Cuba_France,2025-07-18,Cuba,France,0,0.4117647058823529,0.8333333333333334,1.0328545891819203,-0.20206804149952987,0.27435186764455055,-0.31907988454041086,0.4145379762571167,0.006713554987212276,0.6764705882352942,0.6666666666666666,0.9205676733716022,-0.21155502650600688,0.4312636368065617,-0.47531859816806055,0.3193584286940048,0.006267806267806268,-0.26470588235294124,0.16666666666666674,0.11228691581031813,0.009486985006477017,-0.15691176916201116,0.15623871362764968,0.09517954756311187,0.000445748719406008
2025-07-18_Cuba_France,2025-07-18,France,Cuba,1,0.6764705882352942,0.6666666666666666,0.9205676733716022,-0.21155502650600688,0.4312636368065617,-0.47531859816806055,0.3193584286940048,0.006267806267806268,0.4117647058823529,0.8333333333333334,1.0328545891819203,-0.20206804149952987,0.27435186764455055,-0.31907988454041086,0.4145379762571167,0.006713554987212276,0.26470588235294124,-0.16666666666666674,-0.11228691581031813,-0.009486985006477017,0.15691176916201116,-0.15623871362764968,-0.09517954756311187,-0.000445748719406008
2025-07-18_Serbia_Ukraine,2025-07-18,Serbia,Ukraine,1,0.45,0.0,0.7783478866812201,-0.18308377797237183,0.19636814301772912,-1.1021917896917897,0.7220793112215822,0.005096483037659508,0.6,0.6666666666666666,0.9410473259492868,-0.16191033291735327,0.1011331772651357,-0.607516339869281,0.47908602533882777,0.010704025199823518,-0.14999999999999997,-0.6666666666666666,-0.16269943926806663,-0.021173445055018558,0.09523496575259342,-0.49467544982250866,0.24299328588275443,-0.00560754216216401
2025-07-18_Serbia_Ukraine,2025-07-18,Ukraine,Serbia,0,0.6,0.6666666666666666,0.9410473259492868,-0.16191033291735327,0.1011331772651357,-0.607516339869281,0.47908602533882777,0.010704025199823518,0.45,0.0,0.7783478866812201,-0.18308377797237183,0.19636814301772912,-1.1021917896917897,0.7220793112215822,0.005096483037659508,0.14999999999999997,0.6666666666666666,0.16269943926806663,0.021173445055018558,-0.09523496575259342,0.49467544982250866,-0.24299328588275443,0.00560754216216401
2025-07-19_Brazil_Türkiye,2025-07-19,Brazil,Türkiye,1,0.696969696969697,1.0,1.1608835847545527,-0.1436712438043192,0.23725522121929518,-0.40980960717802817,1.2035110420979989,0.0017730496453900709,0.18181818181818182,0.3333333333333333,0.7111495793747936,-0.18620196457075885,0.11434021888445933,-0.8493265993265994,0.6047300525561395,0.0030864197530864196,0.5151515151515151,0.6666666666666667,0.44973400537975905,0.042530720766439656,0.12291500233483585,0.4395169921485712,0.5987809895418593,-0.0013133701076963487
2025-07-19_Brazil_Türkiye,2025-07-19,Türkiye,Brazil,0,0.18181818181818182,0.3333333333333333,0.7111495793747936,-0.18620196457075885,0.11434021888445933,-0.8493265993265994,0.6047300525561395,0.0030864197530864196,0.696969696969697,1.0,1.1608835847545527,-0.1436712438043192,0.23725522121929518,-0.40980960717802817,1.2035110420979989,0.0017730496453900709,-0.5151515151515151,-0.6666666666666667,-0.44973400537975905,-0.042530720766439656,-0.12291500233483585,-0.4395169921485712,-0.5987809895418593,0.0013133701076963487
2025-07-19_Bulgaria_Poland,2025-07-19,Bulgaria,Poland,1,0.22950819672131148,0.5,0.7932392919235024,-0.16743510237697035,0.13532983136038804,-0.4095004668534081,0.3449221501959838,0.009173789173789174,0.7916666666666666,0.5,0.9407158995974786,-0.1496840337323212,0.17897738275762468,-0.4664671235810666,1.051174713213017,0.005112587670727206,-0.5621584699453551,0.0,-0.1474766076739762,-0.01775106864464915,-0.04364755139723664,0.05696665672765855,-0.7062525630170331,0.004061201503061968
2025-07-19_Bulgaria_Poland,2025-07-19,Poland,Bulgaria,0,0.7916666666666666,0.5,0.9407158995974786,-0.1496840337323212,0.17897738275762468,-0.4664671235810666,1.051174713213017,0.005112587670727206,0.22950819672131148,0.5,0.7932392919235024,-0.16743510237697035,0.13532983136038804,-0.4095004668534081,0.3449221501959838,0.009173789173789174,0.5621584699453551,0.0,0.1474766076739762,0.01775106864464915,0.04364755139723664,-0.05696665672765855,0.7062525630170331,-0.004061201503061968
2025-07-19_Canada_Serbia,2025-07-19,Canada,Serbia,0,0.3870967741935484,0.3333333333333333,0.984455556101583,-0.27089385958238416,0.24474399972281327,-0.7085978835978836,1.1733926691357033,0.003745318352059925,0.45901639344262296,0.16666666666666666,0.7886653469986804,-0.15341206080065464,0.2007824410366783,-0.9267531932005616,0.6354565042040383,0.005784313725490196,-0.07191961924907458,0.16666666666666666,0.19579020910290257,-0.11748179878172951,0.043961558686134966,0.21815530960267804,0.537936164931665,-0.0020389953734302707
2025-07-19_Canada_Serbia,2025-07-19,Serbia,Canada,1,0.45901639344262296,0.16666666666666666,0.7886653469986804,-0.15341206080065464,0.2007824410366783,-0.9267531932005616,0.6354565042040383,0.005784313725490196,0.3870967741935484,0.3333333333333333,0.984455556101583,-0.27089385958238416,0.24474399972281327,-0.7085978835978836,1.1733926691357033,0.003745318352059925,0.07191961924907458,-0.16666666666666666,-0.19579020910290257,0.11748179878172951,-0.043961558686134966,-0.21815530960267804,-0.537936164931665,0.0020389953734302707
2025-07-19_France_Iran,2025-07-19,France,Iran,1,0.6811594202898551,0.8333333333333334,1.0200324369755276,-0.1830890605400409,0.4445794657638011,-0.5399518588797526,0.310357267253819,0.006267806267806268,0.3387096774193548,0.6666666666666666,1.09256866837512,-0.14782426366933407,0.3460685031588393,-0.6894745192763096,0.3807880204431928,0.011291816497766153,0.3424497428705003,0.16666666666666674,-0.07253623139959231,-0.03526479687070683,0.09851096260496178,0.14952266039655704,-0.07043075318937381,-0.005024010229959884
2025-07-19_France_Iran,2025-07-19,Iran,France,0,0.3387096774193548,0.6666666666666666,1.09256866837512,-0.14782426366933407,0.3460685031588393,-0.6894745192763096,0.3807880204431928,0.011291816497766153,0.6811594202898551,0.8333333333333334,1.0200324369755276,-0.1830890605400409,0.4445794657638011,-0.5399518588797526,0.310357267253819,0.006267806267806268,-0.3424497428705003,-0.16666666666666674,0.07253623139959231,0.03526479687070683,-0.09851096260496178,-0.14952266039655704,0.07043075318937381,0.005024010229959884
2025-07-19_Germany_USA,2025-07-19,Germany,USA,1,0.3333333333333333,0.5,1.2207231040564375,-0.15280437094861596,0.24909684009747948,-0.8153874085246634,0.5789457908620511,0.002109704641350211,0.5,0.6666666666666666,0.9700113883937412,-0.20197951829764435,0.24373151818803987,-0.5466791979949874,1.3224673202614379,0.007042253521126761,-0.16666666666666669,-0.16666666666666663,0.25071171566269623,0.04917514734902839,0.005365321909439613,-0.268708210529676,-0.7435215293993868,-0.00493254887977655
2025-07-19_Germany_USA,2025-07-19,USA,Germany,0,0.5,0.6666666666666666,0.9700113883937412,-0.20197951829764435,0.24373151818803987,-0.5466791979949874,1.3224673202614379,0.007042253521126761,0.3333333333333333,0.5,1.2207231040564375,-0.15280437094861596,0.24909684009747948,-0.8153874085246634,0.5789457908620511,0.002109704641350211,0.16666666666666669,0.16666666666666663,-0.25071171566269623,-0.04917514734902839,-0.005365321909439613,0.268708210529676,0.7435215293993868,0.00493254887977655
2025-07-19_Italy_Slovenia,2025-07-19,Italy,Slovenia,1,0.6617647058823529,0.8333333333333334,1.2251116351630147,-0.07583961143270085,0.27132889791399245,-0.6073355629877369,0.6840055980406857,0.0015015015015015015,0.6417910447761194,0.5,0.8004643672995543,-0.19172807663964622,0.1818885389558664,-0.3570121504904114,0.6779117933723197,0.009735352096463208,0.019973661106233553,0.33333333333333337,0.4246472678634604,0.11588846520694537,0.08944035895812605,-0.25032341249732554,0.006093804668366065,-0.008233850594961706
2025-07-19_Italy_Slovenia,2025-07-19,Slovenia,Italy,0,0.6417910447761194,0.5,0.8004643672995543,-0.19172807663964622,0.1818885389558664,-0.3570121504904114,0.6779117933723197,0.009735352096463208,0.6617647058823529,0.8333333333333334,1.2251116351630147,-0.07583961143270085,0.27132889791399245,-0.6073355629877369,0.6840055980406857,0.0015015015015015015,-0.019973661106233553,-0.33333333333333337,-0.4246472678634604,-0.11588846520694537,-0.08944035895812605,0.25032341249732554,-0.006093804668366065,0.008233850594961706
2025-07-20_Argentina_Türkiye,2025-07-20,Argentina,Türkiye,1,0.5,0.3333333333333333,0.9504296937630269,-0.2603349615537915,0.3181681193032332,-0.7306556990767517,0.5319368131868133,0.009505875481175685,0.17391304347826086,0.3333333333333333,0.7376046058298199,-0.15898309580259432,0.08839682265804423,-0.7155153687411752,0.5835179313440183,0.0030864197530864196,0.32608695652173914,0.0,0.21282508793320698,-0.10135186575119717,0.22977129664518897,-0.01514033033557649,-0.05158111815720501,0.006419455728089265
2025-07-20_Argentina_Türkiye,2025-07-20,Türkiye,Argentina,0,0.17391304347826086,0.3333333333333333,0.7376046058298199,-0.15898309580259432,0.08839682265804423,-0.7155153687411752,0.5835179313440183,0.0030864197530864196,0.5,0.3333333333333333,0.9504296937630269,-0.2603349615537915,0.3181681193032332,-0.7306556990767517,0.5319368131868133,0.009505875481175685,-0.32608695652173914,0.0,-0.21282508793320698,0.10135186575119717,-0.22977129664518897,0.01514033033557649,0.05158111815720501,-0.006419455728089265
2025-07-20_Brazil_Germany,2025-07-20,Brazil,Germany,1,0.7014925373134329,1.0,1.033390707261675,-0.13894435304801667,0.22523599045006434,-0.47799142535984634,1.13331176673568,0.0038055699705933227,0.3442622950819672,0.6666666666666666,1.239241622574956,-0.15324354530083378,0.2712629455969183,-0.7779872632813808,0.6310291241953845,0.0,0.35723024223146566,0.33333333333333337,-0.20585091531328104,0.014299192252817117,-0.04602695514685398,0.29999583792153445,0.5022826425402955,0.0038055699705933227
2025-07-20_Brazil_Germany,2025-07-20,Germany,Brazil,0,0.3442622950819672,0.6666666666666666,1.239241622574956,-0.15324354530083378,0.2712629455969183,-0.7779872632813808,0.6310291241953845,0.0,0.7014925373134329,1.0,1.033390707261675,-0.13894435304801667,0.22523599045006434,-0.47799142535984634,1.13331176673568,0.0038055699705933227,-0.35723024223146566,-0.33333333333333337,0.20585091531328104,-0.014299192252817117,0.04602695514685398,-0.29999583792153445,-0.5022826425402955,-0.0038055699705933227
2025-07-20_Bulgaria_Iran,2025-07-20,Bulgaria,Iran,0,0.24193548387096775,0.5,0.7884773871615978,-0.174795026403561,0.14940112591948748,-0.5400560224089636,0.39715500506041773,0.01152120701416476,0.3333333333333333,0.5,1.06017577391326,-0.1523782542796627,0.3134296142699504,-0.7005856303874207,0.4307880204431928,0.011291816497766153,-0.09139784946236557,0.0,-0.27169838675166225,-0.02241677212389831,-0.16402848835046294,0.16052960797845717,-0.03363301538277508,0.00022939051639860736
2025-07-20_Bulgaria_Iran,2025-07-20,Iran,Bulgaria,1,0.3333333333333333,0.5,1.06017577391326,-0.1523782542796627,0.3134296142699504,-0.7005856303874207,0.4307880204431928,0.011291816497766153,0.24193548387096775,0.5,0.7884773871615978,-0.174795026403561,0.14940112591948748,-0.5400560224089636,0.39715500506041773,0.01152120701416476,0.09139784946236557,0.0,0.27169838675166225,0.02241677212389831,0.16402848835046294,-0.16052960797845717,0.03363301538277508,-0.00022939051639860736
2025-07-20_Canada_Ukraine,2025-07-20,Canada,Ukraine,1,0.38095238095238093,0.3333333333333333,0.9761222227682497,-0.23218327399679853,0.25365665569429274,-0.5789682539682539,1.1480658717500822,0.0068899724401102385,0.5454545454545454,0.6666666666666666,0.8997774846794454,-0.17072443548145586,0.14446651059846902,-0.4876332989336085,0.4912692612062741,0.010704025199823518,-0.16450216450216448,-0.3333333333333333,0.07634473808880426,-0.06145883851534267,0.10919014509582373,-0.0913349550346454,0.6567966105438081,-0.0038140527597132793
2025-07-20_Canada_Ukraine,2025-07-20,Ukraine,Canada,0,0.5454545454545454,0.6666666666666666,0.8997774846794454,-0.17072443548145586,0.14446651059846902,-0.4876332989336085,0.4912692612062741,0.010704025199823518,0.38095238095238093,0.3333333333333333,0.9761222227682497,-0.23218327399679853,0.25365665569429274,-0.5789682539682539,1.1480658717500822,0.0068899724401102385,0.16450216450216448,0.3333333333333333,-0.07634473808880426,0.06145883851534267,-0.10919014509582373,0.0913349550346454,-0.6567966105438081,0.0038140527597132793
2025-07-20_China_Cuba,2025-07-20,China,Cuba,1,0.18181818181818182,0.0,0.60687523071244,-0.12849678544186552,0.19396921873529693,-0.7311939268461006,0.8744778613199665,0.011711947056774643,0.4,0.6666666666666666,1.0582421860811448,-0.2201780632860222,0.2614469564637773,-0.37529681575734203,0.5067730684922089,0.009277657551314841,-0.2181818181818182,-0.6666666666666666,-0.45136695536870486,0.0916812778441567,-0.06747773772848037,-0.3558971110887586,0.3677047928277576,0.0024342895054598017
2025-07-20_China_Cuba,2025-07-20,Cuba,China,0,0.4,0.6666666666666666,1.0582421860811448,-0.2201780632860222,0.2614469564637773,-0.37529681575734203,0.5067730684922089,0.009277657551314841,0.18181818181818182,0.0,0.60687523071244,-0.12849678544186552,0.19396921873529693,-0.7311939268461006,0.8744778613199665,0.011711947056774643,0.2181818181818182,0.6666666666666666,0.45136695536870486,-0.0916812778441567,0.06747773772848037,0.3558971110887586,-0.3677047928277576,-0.0024342895054598017
2025-07-20_France_Poland,2025-07-20,France,Poland,0,0.6857142857142857,0.8333333333333334,1.0811435480866385,-0.2108668383178187,0.42606094724528254,-0.6254219443498381,0.31358307370543187,0.002564102564102564,0.7808219178082192,0.5,1.0612036108109963,-0.17330231638674842,0.19450593214034073,-0.6639461151777053,1.027281939320243,0.005689788247927784,-0.09510763209393347,0.33333333333333337,0.01993993727564214,-0.037564521931070266,0.2315550151049418,0.03852417082786719,-0.7136988656148111,-0.0031256856838252195
2025-07-20_France_Poland,2025-07-20,Poland,France,1,0.7808219178082192,0.5,1.0612036108109963,-0.17330231638674842,0.19450593214034073,-0.6639461151777053,1.027281939320243,0.005689788247927784,0.6857142857142857,0.8333333333333334,1.0811435480866385,-0.2108668383178187,0.42606094724528254,-0.6254219443498381,0.31358307370543187,0.002564102564102564,0.09510763209393347,-0.33333333333333337,-0.01993993727564214,0.037564521931070266,-0.2315550151049418,-0.03852417082786719,0.7136988656148111,0.0031256856838252195
2025-07-20_Italy_Netherlands,2025-07-20,Italy,Netherlands,1,0.6666666666666666,0.8333333333333334,1.216513751565131,-0.10142100678153805,0.2715182918533864,-0.6138191632928475,0.7580187559354226,0.004531804531804531,0.2857142857142857,0.0,0.723264211145788,-0.23849396913824542,0.3508759086902277,-0.834920634920635,1.3375522700119475,0.007749075453993487,0.38095238095238093,0.8333333333333334,0.493249540419343,0.13707296235670735,-0.07935761683684134,0.22110147162778748,-0.579533514076525,-0.0032172709221889558
2025-07-20_Italy_Netherlands,2025-07-20,Netherlands,Italy,0,0.2857142857142857,0.0,0.723264211145788,-0.23849396913824542,0.3508759086902277,-0.834920634920635,1.3375522700119475,0.007749075453993487,0.6666666666666666,0.8333333333333334,1.216513751565131,-0.10142100678153805,0.2715182918533864,-0.6138191632928475,0.7580187559354226,0.004531804531804531,-0.38095238095238093,-0.8333333333333334,-0.493249540419343,-0.13707296235670735,0.07935761683684134,-0.22110147162778748,0.579533514076525,0.0032172709221889558
2025-07-20_Japan_USA,2025-07-20,Japan,USA,1,0.6666666666666666,0.6666666666666666,1.0414706011859711,-0.1672881706570454,0.26346225027517217,-0.6608465697491811,0.5241914533042963,0.015802569696886377,0.4782608695652174,0.5,0.93804700774515,-0.21928211501200576,0.2435921647878169,-0.5576682089839984,1.1560729847494553,0.008914912697156724,0.18840579710144922,0.16666666666666663,0.10342359344082108,0.05199394435496035,0.019870085487355277,-0.10317836076518272,-0.631881531445159,0.006887656999729654
2025-07-20_Japan_USA,2025-07-20,USA,Japan,0,0.4782608695652174,0.5,0.93804700774515,-0.21928211501200576,0.2435921647878169,-0.5576682089839984,1.1560729847494553,0.008914912697156724,0.6666666666666666,0.6666666666666666,1.0414706011859711,-0.1672881706570454,0.26346225027517217,-0.6608465697491811,0.5241914533042963,0.015802569696886377,-0.18840579710144922,-0.16666666666666663,-0.10342359344082108,-0.05199394435496035,-0.019870085487355277,0.10317836076518272,0.631881531445159,-0.006887656999729654
2025-07-20_Serbia_Slovenia,2025-07-20,Serbia,Slovenia,0,0.46774193548387094,0.3333333333333333,0.7640621723955058,-0.16476375304366495,0.24592132992556717,-0.941634145581514,0.69908875058085,0.005784313725490196,0.6323529411764706,0.3333333333333333,0.7052262720614592,-0.20187031535331348,0.13446306470112382,-0.3368101302883912,0.8955043859649122,0.009735352096463208,-0.16461100569259962,0.0,0.05883590033404662,0.03710656230964854,0.11145826522444335,-0.6048240152931228,-0.19641563538406226,-0.003951038370973012
2025-07-20_Serbia_Slovenia,2025-07-20,Slovenia,Serbia,1,0.6323529411764706,0.3333333333333333,0.7052262720614592,-0.20187031535331348,0.13446306470112382,-0.3368101302883912,0.8955043859649122,0.009735352096463208,0.46774193548387094,0.3333333333333333,0.7640621723955058,-0.16476375304366495,0.24592132992556717,-0.941634145581514,0.69908875058085,0.005784313725490196,0.16461100569259962,0.0,-0.05883590033404662,-0.03710656230964854,-0.11145826522444335,0.6048240152931228,0.19641563538406226,0.003951038370973012
2025-07-30_Brazil_China,2025-07-30,Brazil,China,1,0.7058823529411765,1.0,0.9168015599748531,-0.15160468954643413,0.22964516152590211,-0.4999212499212499,0.830629774398515,0.0038055699705933227,0.20588235294117646,0.16666666666666666,0.6091900455272548,-0.13000371732854424,0.19248377607338366,-0.7612942612942613,0.7034252297410193,0.013795280390107975,0.5,0.8333333333333334,0.3076115144475984,-0.021600972217889897,0.03716138545251846,0.26137301137301133,0.12720454465749576,-0.009989710419514653
2025-07-30_Brazil_China,2025-07-30,China,Brazil,0,0.20588235294117646,0.16666666666666666,0.6091900455272548,-0.13000371732854424,0.19248377607338366,-0.7612942612942613,0.7034252297410193,0.013795280390107975,0.7058823529411765,1.0,0.9168015599748531,-0.15160468954643413,0.22964516152590211,-0.4999212499212499,0.830629774398515,0.0038055699705933227,-0.5,-0.8333333333333334,-0.3076115144475984,0.021600972217889897,-0.03716138545251846,-0.26137301137301133,-0.12720454465749576,0.009989710419514653
2025-07-30_Cuba_Italy,2025-07-30,Cuba,Italy,0,0.3888888888888889,0.5,1.2445775898078528,-0.248603011714611,0.19123261795675586,-0.46336499757552385,0.501384737016921,0.004375696767001115,0.6714285714285714,0.8333333333333334,1.2405412115193646,-0.1257716561321874,0.28676430709940165,-0.550428849902534,0.737736568986569,0.004531804531804531,-0.2825396825396825,-0.33333333333333337,0.00403637828848824,-0.12283135558242358,-0.09553168914264579,0.0870638523270102,-0.23635183196964804,-0.00015610776480341673
2025-07-30_Cuba_Italy,2025-07-30,Italy,Cuba,1,0.6714285714285714,0.8333333333333334,1.2405412115193646,-0.1257716561321874,0.28676430709940165,-0.550428849902534,0.737736568986569,0.004531804531804531,0.3888888888888889,0.5,1.2445775898078528,-0.248603011714611,0.19123261795675586,-0.46336499757552385,0.501384737016921,0.004375696767001115,0.2825396825396825,0.33333333333333337,-0.00403637828848824,0.12283135558242358,0.09553168914264579,-0.0870638523270102,0.23635183196964804,0.00015610776480341673
2025-07-31_France_Slovenia,2025-07-31,France,Slovenia,0,0.676056338028169,0.8333333333333334,1.1207677310931743,-0.18834431579529612,0.44502038287138485,-0.73590581531758,0.34753369098938247,0.005296343001261035,0.6376811594202898,0.5,0.7371871311286848,-0.18170902503073283,0.18286704167652937,-0.42072784884846587,0.9496710526315789,0.013676115148672043,0.0383751786078792,0.33333333333333337,0.38358059996448945,-0.00663529076456329,0.26215334119485545,-0.31517796646911417,-0.6021373616421964,-0.008379772147411008
2025-07-31_France_Slovenia,2025-07-31,Slovenia,France,1,0.6376811594202898,0.5,0.7371871311286848,-0.18170902503073283,0.18286704167652937,-0.42072784884846587,0.9496710526315789,0.013676115148672043,0.676056338028169,0.8333333333333334,1.1207677310931743,-0.18834431579529612,0.44502038287138485,-0.73590581531758,0.34753369098938247,0.005296343001261035,-0.0383751786078792,-0.33333333333333337,-0.38358059996448945,0.00663529076456329,-0.26215334119485545,0.31517796646911417,0.6021373616421964,0.008379772147411008
2025-07-31_Japan_Poland,2025-07-31,Japan,Poland,0,0.6714285714285714,0.6666666666666666,1.09035949007486,-0.17949055160942637,0.30111593879976234,-0.6837934296525628,0.4815327231455661,0.015802569696886377,0.7837837837837838,0.5,1.1006092955655182,-0.18271864105615107,0.21269376282817143,-0.6898081841432225,0.8757667878050915,0.004102486660626196,-0.1123552123552124,0.16666666666666663,-0.010249805490658126,0.0032280894467247023,0.08842217597159091,0.006014754490659691,-0.39423406465952543,0.011700083036260182
2025-07-31_Japan_Poland,2025-07-31,Poland,Japan,1,0.7837837837837838,0.5,1.1006092955655182,-0.18271864105615107,0.21269376282817143,-0.6898081841432225,0.8757667878050915,0.004102486660626196,0.6714285714285714,0.6666666666666666,1.09035949007486,-0.17949055160942637,0.30111593879976234,-0.6837934296525628,0.4815327231455661,0.015802569696886377,0.1123552123552124,-0.16666666666666663,0.010249805490658126,-0.0032280894467247023,-0.08842217597159091,-0.006014754490659691,0.39423406465952543,-0.011700083036260182
2025-08-02_Brazil_Poland,2025-08-02,Brazil,Poland,0,0.7101449275362319,1.0,0.9236558168291101,-0.14379295480258067,0.2842747911555317,-0.4587801087801087,0.4858635142359134,0.004764760762361722,0.7866666666666666,0.6666666666666666,1.2286794710041147,-0.17704917849013677,0.25831342094782955,-0.602851662404092,0.6171883564325426,0.004102486660626196,-0.0765217391304347,0.33333333333333337,-0.30502365417500454,0.0332562236875561,0.025961370207702172,0.14407155362398333,-0.13132484219662915,0.0006622741017355263
2025-08-02_Brazil_Poland,2025-08-02,Poland,Brazil,1,0.7866666666666666,0.6666666666666666,1.2286794710041147,-0.17704917849013677,0.25831342094782955,-0.602851662404092,0.6171883564325426,0.004102486660626196,0.7101449275362319,1.0,0.9236558168291101,-0.14379295480258067,0.2842747911555317,-0.4587801087801087,0.4858635142359134,0.004764760762361722,0.0765217391304347,-0.33333333333333337,0.30502365417500454,-0.0332562236875561,-0.025961370207702172,-0.14407155362398333,0.13132484219662915,-0.0006622741017355263
2025-08-02_Italy_Slovenia,2025-08-02,Italy,Slovenia,1,0.676056338028169,1.0,1.185537349663467,-0.1261300790712555,0.3365117818468764,-0.4924801319538162,0.5224587912087912,0.0030303030303030303,0.6428571428571429,0.6666666666666666,0.7986454644620182,-0.1693421126638205,0.175143464440757,-0.45099212847335934,1.1330043859649122,0.011112012584569479,0.0331991951710261,0.33333333333333337,0.3868918852014487,0.04321203359256498,0.1613683174061194,-0.041488003480456837,-0.6105455947561209,-0.008081709554266448
2025-08-02_Italy_Slovenia,2025-08-02,Slovenia,Italy,0,0.6428571428571429,0.6666666666666666,0.7986454644620182,-0.1693421126638205,0.175143464440757,-0.45099212847335934,1.1330043859649122,0.011112012584569479,0.676056338028169,1.0,1.185537349663467,-0.1261300790712555,0.3365117818468764,-0.4924801319538162,0.5224587912087912,0.0030303030303030303,-0.0331991951710261,-0.33333333333333337,-0.3868918852014487,-0.04321203359256498,-0.1613683174061194,0.041488003480456837,0.6105455947561209,0.008081709554266448
2025-08-03_Brazil_Slovenia,2025-08-03,Brazil,Slovenia,1,0.7,0.8333333333333334,0.9033829123456792,-0.13545962146924734,0.25695238678394705,-0.4792929292929293,0.41581520505716946,0.009150725674642424,0.6338028169014085,0.6666666666666666,0.8866084274249811,-0.16058999521605088,0.14888043316569685,-0.47287765035888124,1.114254385964912,0.010429127394642036,0.06619718309859146,0.16666666666666674,0.016774484920698107,0.025130373746803547,0.1080719536182502,-0.006415278934048085,-0.6984391809077426,-0.0012784017199996122
2025-08-03_Brazil_Slovenia,2025-08-03,Slovenia,Brazil,0,0.6338028169014085,0.6666666666666666,0.8866084274249811,-0.16058999521605088,0.14888043316569685,-0.47287765035888124,1.114254385964912,0.010429127394642036,0.7,0.8333333333333334,0.9033829123456792,-0.13545962146924734,0.25695238678394705,-0.4792929292929293,0.41581520505716946,0.009150725674642424,-0.06619718309859146,-0.16666666666666674,-0.016774484920698107,-0.025130373746803547,-0.1080719536182502,0.006415278934048085,0.6984391809077426,0.0012784017199996122
2025-08-03_Italy_Poland,2025-08-03,Italy,Poland,0,0.6805555555555556,1.0,1.1980498621759794,-0.1223018811254105,0.3102470189348369,-0.5174801319538161,0.5057921245421245,0.0030303030303030303,0.7894736842105263,0.6666666666666666,1.237938730263374,-0.18351469573151605,0.23734567901234568,-0.6195183290707588,0.5505216897658758,0.004102486660626196,-0.10891812865497075,0.33333333333333337,-0.03988886808739456,0.061212814606105545,0.07290133992249123,0.10203819711694262,-0.044729565223751266,-0.0010721836303231656
2025-08-03_Italy_Poland,2025-08-03,Poland,Italy,1,0.7894736842105263,0.6666666666666666,1.237938730263374,-0.18351469573151605,0.23734567901234568,-0.6195183290707588,0.5505216897658758,0.004102486660626196,0.6805555555555556,1.0,1.1980498621759794,-0.1223018811254105,0.3102470189348369,-0.5174801319538161,0.5057921245421245,0.0030303030303030303,0.10891812865497075,-0.33333333333333337,0.03988886808739456,-0.061212814606105545,-0.07290133992249123,-0.10203819711694262,0.044729565223751266,0.0010721836303231656
